{"type":"FeatureCollection", "features": [
{"type":"Feature","geometry":{"type":"Polygon","coordinates":[[[-84.157,9.9685],[-84.1627,9.9661],[-84.1696,9.9663],[-84.1739,9.972],[-84.1803,9.9688],[-84.175,9.9681],[-84.1695,9.9647],[-84.165,9.9573],[-84.1579,9.9553],[-84.1515,9.9507],[-84.1434,9.9418],[-84.1375,9.939],[-84.1284,9.938],[-84.1233,9.9358],[-84.1213,9.9301],[-84.1156,9.9264],[-84.1105,9.9146],[-84.1038,9.9091],[-84.1008,9.9095],[-84.0913,9.9011],[-84.0836,9.9029],[-84.0762,9.9069],[-84.0688,9.9067],[-84.0635,9.9029],[-84.0515,9.9013],[-84.0474,9.9042],[-84.0493,9.9049],[-84.0523,9.9123],[-84.0505,9.9193],[-84.0465,9.9253],[-84.0515,9.9253],[-84.0608,9.9278],[-84.0615,9.932],[-84.0606,9.9405],[-84.0635,9.939],[-84.0698,9.9409],[-84.0754,9.9394],[-84.0784,9.9415],[-84.082,9.9412],[-84.0828,9.9458],[-84.089,9.9464],[-84.0886,9.9495],[-84.0968,9.9518],[-84.0973,9.9556],[-84.1009,9.958],[-84.1044,9.9571],[-84.1072,9.9603],[-84.1095,9.9615],[-84.1229,9.9637],[-84.1278,9.9662],[-84.1342,9.9673],[-84.1379,9.964],[-84.1458,9.9623],[-84.157,9.9685]]]},"properties":{"Canton":"SAN JOSE","Provincia":"SAN JOSE","Codigo":"101"}},
{"type":"Feature","geometry":{"type":"Polygon","coordinates":[[[-84.1841,9.9725],[-84.184,9.9655],[-84.1817,9.9646],[-84.1736,9.9523],[-84.1668,9.9487],[-84.1662,9.9445],[-84.1598,9.9311],[-84.1586,9.9221],[-84.1629,9.9091],[-84.1585,9.8945],[-84.1527,9.8862],[-84.1527,9.8821],[-84.1487,9.8745],[-84.1474,9.8693],[-84.1485,9.8644],[-84.1459,9.8597],[-84.1381,9.8615],[-84.1326,9.8704],[-84.1345,9.8782],[-84.1298,9.8869],[-84.1217,9.8952],[-84.1213,9.9301],[-84.1233,9.9358],[-84.1284,9.938],[-84.1375,9.939],[-84.1434,9.9418],[-84.1515,9.9507],[-84.1579,9.9553],[-84.165,9.9573],[-84.1695,9.9647],[-84.175,9.9681],[-84.1803,9.9688],[-84.1841,9.9725]]]},"properties":{"Codigo":"102","Canton":"ESCAZU","Provincia":"SAN JOSE"}},
{"type":"Feature","geometry":{"type":"Polygon","coordinates":[[[-84.0474,9.9042],[-84.0515,9.9013],[-84.0635,9.9029],[-84.0688,9.9067],[-84.0762,9.9069],[-84.0836,9.9029],[-84.0913,9.9011],[-84.0921,9.8987],[-84.0864,9.8937],[-84.0844,9.8854],[-84.0921,9.8835],[-84.1041,9.8751],[-84.0995,9.8744],[-84.0936,9.8706],[-84.0894,9.8716],[-84.0795,9.8711],[-84.0805,9.8668],[-84.0607,9.8633],[-84.0614,9.8591],[-84.0699,9.8509],[-84.0644,9.8336],[-84.0696,9.834],[-84.0722,9.8313],[-84.0801,9.8302],[-84.078,9.8244],[-84.0842,9.8244],[-84.0884,9.826],[-84.0965,9.8243],[-84.0928,9.8201],[-84.0875,9.8201],[-84.086,9.8176],[-84.0893,9.8048],[-84.0945,9.8044],[-84.1015,9.8062],[-84.102,9.8033],[-84.095,9.7962],[-84.0965,9.7917],[-84.0957,9.7851],[-84.0992,9.7803],[-84.0973,9.7739],[-84.1043,9.7713],[-84.109,9.7669],[-84.1065,9.7574],[-84.1005,9.7522],[-84.0954,9.7512],[-84.0896,9.7452],[-84.0863,9.7463],[-84.0818,9.7422],[-84.078,9.7427],[-84.0695,9.7407],[-84.054,9.7431],[-84.0414,9.7402],[-84.0367,9.7426],[-84.0223,9.7399],[-84.0153,9.7392],[-84.0129,9.7424],[-84.0028,9.7372],[-84.001,9.7389],[-83.9915,9.7365],[-83.9865,9.7393],[-83.9827,9.7371],[-83.9734,9.7384],[-83.9728,9.736],[-83.9653,9.7367],[-83.9564,9.7328],[-83.9549,9.7298],[-83.9558,9.7248],[-83.949,9.7142],[-83.9498,9.7221],[-83.9488,9.7258],[-83.9507,9.7391],[-83.9561,9.7386],[-83.9582,9.7403],[-83.9739,9.7433],[-83.9778,9.7473],[-83.9794,9.7588],[-83.9821,9.7596],[-83.9817,9.7702],[-83.9877,9.7714],[-83.9884,9.7762],[-83.9919,9.779],[-83.9918,9.7837],[-83.9996,9.7848],[-84.0026,9.7787],[-84.0143,9.773],[-84.0215,9.7705],[-84.0289,9.7681],[-84.0296,9.7647],[-84.0346,9.7644],[-84.0411,9.7678],[-84.0486,9.7665],[-84.058,9.7674],[-84.0615,9.7647],[-84.0666,9.7656],[-84.0714,9.7638],[-84.0795,9.7663],[-84.0822,9.7657],[-84.0885,9.7696],[-84.0845,9.7758],[-84.085,9.7839],[-84.0823,9.7902],[-84.076,9.7971],[-84.0753,9.8019],[-84.0713,9.8058],[-84.0653,9.8088],[-84.0542,9.8106],[-84.0511,9.8129],[-84.0462,9.8135],[-84.0416,9.8192],[-84.0315,9.8242],[-84.0274,9.8296],[-84.0251,9.8397],[-84.0165,9.8443],[-84.0186,9.8485],[-84.0168,9.8542],[-84.0132,9.8582],[-84.0042,9.8636],[-83.9992,9.8681],[-83.9986,9.8761],[-84.0061,9.8782],[-84.0138,9.8825],[-84.0207,9.8843],[-84.0281,9.8832],[-84.0335,9.8845],[-84.0404,9.8957],[-84.0341,9.894],[-84.0305,9.8959],[-84.0335,9.9005],[-84.0474,9.9042]]]},"properties":{"Codigo":"103","Canton":"DESAMPARADOS","Provincia":"SAN JOSE"}},
{"type":"Feature","geometry":{"type":"Polygon","coordinates":[[[-84.2634,9.8091],[-84.2659,9.8123],[-84.2663,9.8177],[-84.2626,9.8209],[-84.2636,9.8242],[-84.2597,9.8258],[-84.2585,9.83],[-84.2585,9.8375],[-84.252,9.8442],[-84.2697,9.8442],[-84.2738,9.8474],[-84.276,9.852],[-84.2811,9.8529],[-84.2962,9.8688],[-84.2985,9.8786],[-84.3046,9.884],[-84.3069,9.8823],[-84.3143,9.8852],[-84.317,9.8879],[-84.3263,9.8909],[-84.3293,9.8987],[-84.3351,9.8979],[-84.3349,9.8915],[-84.3382,9.8894],[-84.3436,9.8894],[-84.3495,9.885],[-84.3546,9.8849],[-84.3623,9.8785],[-84.3671,9.8796],[-84.3689,9.8864],[-84.3683,9.8894],[-84.3753,9.8977],[-84.3837,9.902],[-84.395,9.9047],[-84.3994,9.9071],[-84.4038,9.9115],[-84.4038,9.9064],[-84.4059,9.9044],[-84.4085,9.8953],[-84.4171,9.8958],[-84.417,9.8841],[-84.4144,9.8815],[-84.4158,9.872],[-84.4137,9.8685],[-84.414,9.8613],[-84.4177,9.8558],[-84.417,9.8522],[-84.4192,9.8483],[-84.4203,9.8415],[-84.427,9.8384],[-84.4277,9.8336],[-84.4305,9.8302],[-84.432,9.8199],[-84.4372,9.8111],[-84.4421,9.8081],[-84.4427,9.8013],[-84.4504,9.7912],[-84.4542,9.793],[-84.4651,9.7918],[-84.4692,9.7943],[-84.4718,9.7913],[-84.4809,9.7749],[-84.4803,9.7658],[-84.4866,9.757],[-84.4881,9.7499],[-84.4907,9.7442],[-84.486,9.7397],[-84.4858,9.7315],[-84.4915,9.7283],[-84.4871,9.7226],[-84.4847,9.7223],[-84.4764,9.7169],[-84.4687,9.7099],[-84.4693,9.706],[-84.4663,9.7021],[-84.4702,9.6907],[-84.479,9.6874],[-84.4847,9.6809],[-84.4809,9.6727],[-84.4764,9.672],[-84.4731,9.6639],[-84.4775,9.6592],[-84.4769,9.6541],[-84.4822,9.6494],[-84.4871,9.6406],[-84.4839,9.6224],[-84.4796,9.6198],[-84.478,9.616],[-84.4818,9.6066],[-84.4789,9.603],[-84.4805,9.6003],[-84.4757,9.594],[-84.474,9.5892],[-84.4808,9.585],[-84.4819,9.5768],[-84.4813,9.5766],[-84.4807,9.5763],[-84.4803,9.5761],[-84.48,9.5755],[-84.4797,9.5749],[-84.4795,9.5743],[-84.4793,9.5739],[-84.4789,9.5737],[-84.4784,9.5734],[-84.4778,9.5732],[-84.4773,9.5736],[-84.4764,9.574],[-84.476,9.5741],[-84.4754,9.5743],[-84.4751,9.5744],[-84.4749,9.5744],[-84.4747,9.5743],[-84.4744,9.5739],[-84.4743,9.5734],[-84.474,9.5729],[-84.4737,9.5724],[-84.4734,9.5722],[-84.4732,9.572],[-84.4728,9.5719],[-84.4726,9.572],[-84.4723,9.5724],[-84.4722,9.5729],[-84.4723,9.5732],[-84.4724,9.5735],[-84.4725,9.5739],[-84.4723,9.5743],[-84.4721,9.5744],[-84.4718,9.5745],[-84.4715,9.5745],[-84.4711,9.5746],[-84.471,9.5748],[-84.4708,9.5751],[-84.4707,9.5754],[-84.4706,9.5757],[-84.4704,9.5759],[-84.47,9.576],[-84.4696,9.5761],[-84.4693,9.576],[-84.4692,9.5757],[-84.4689,9.5753],[-84.4686,9.5749],[-84.4681,9.5744],[-84.4676,9.5739],[-84.4669,9.5738],[-84.4663,9.5737],[-84.4657,9.5735],[-84.4648,9.5733],[-84.4645,9.5731],[-84.4643,9.5728],[-84.4643,9.5727],[-84.4644,9.5724],[-84.4646,9.5721],[-84.4648,9.5717],[-84.4649,9.5715],[-84.465,9.5712],[-84.4649,9.571],[-84.4646,9.5705],[-84.4643,9.5703],[-84.4641,9.57],[-84.4639,9.57],[-84.4637,9.5703],[-84.4636,9.5706],[-84.4636,9.5712],[-84.4634,9.5716],[-84.463,9.5718],[-84.4626,9.5719],[-84.4624,9.5721],[-84.4622,9.5722],[-84.4621,9.5723],[-84.4622,9.5727],[-84.4625,9.5732],[-84.4626,9.5737],[-84.4626,9.5742],[-84.4624,9.5747],[-84.4622,9.5753],[-84.4622,9.5758],[-84.4621,9.5765],[-84.4615,9.577],[-84.4609,9.578],[-84.4604,9.5783],[-84.4598,9.5786],[-84.4595,9.5787],[-84.4593,9.5791],[-84.4589,9.5795],[-84.4588,9.5798],[-84.4587,9.5802],[-84.4587,9.5808],[-84.4588,9.5814],[-84.4586,9.5818],[-84.4583,9.582],[-84.4579,9.5821],[-84.4575,9.5822],[-84.4571,9.5821],[-84.4565,9.5816],[-84.456,9.5811],[-84.4556,9.5808],[-84.455,9.5799],[-84.4546,9.579],[-84.4544,9.5783],[-84.454,9.5776],[-84.4538,9.5773],[-84.4534,9.5771],[-84.4531,9.5771],[-84.4529,9.5772],[-84.4526,9.5774],[-84.4521,9.5779],[-84.4518,9.578],[-84.4516,9.578],[-84.4513,9.578],[-84.4511,9.5777],[-84.4508,9.5771],[-84.4506,9.5765],[-84.4504,9.5761],[-84.4501,9.5758],[-84.4499,9.5757],[-84.4495,9.5757],[-84.449,9.5758],[-84.4482,9.5763],[-84.4472,9.5767],[-84.4466,9.5771],[-84.446,9.5774],[-84.4455,9.5776],[-84.445,9.5777],[-84.4447,9.5777],[-84.4445,9.5776],[-84.4443,9.5773],[-84.4443,9.5771],[-84.4451,9.5765],[-84.4452,9.5761],[-84.4453,9.5757],[-84.4452,9.5755],[-84.4449,9.5753],[-84.4445,9.5753],[-84.4435,9.5756],[-84.4428,9.5757],[-84.4424,9.5757],[-84.4419,9.5757],[-84.4417,9.5756],[-84.4416,9.5754],[-84.4416,9.5752],[-84.4417,9.5746],[-84.4421,9.5741],[-84.4422,9.5736],[-84.4421,9.5734],[-84.442,9.5729],[-84.4417,9.5726],[-84.4415,9.5724],[-84.4412,9.5722],[-84.4406,9.5721],[-84.4402,9.5721],[-84.4396,9.5723],[-84.4394,9.5723],[-84.4392,9.5722],[-84.4391,9.5719],[-84.4391,9.5714],[-84.4393,9.5709],[-84.4396,9.5704],[-84.4399,9.5698],[-84.4399,9.5692],[-84.4398,9.5689],[-84.4393,9.5688],[-84.4386,9.5684],[-84.4384,9.5684],[-84.4376,9.5685],[-84.4368,9.5689],[-84.436,9.5693],[-84.4354,9.5696],[-84.4349,9.5697],[-84.4347,9.5696],[-84.4342,9.5693],[-84.4342,9.5687],[-84.4342,9.5682],[-84.4343,9.5679],[-84.4346,9.5677],[-84.435,9.5679],[-84.4355,9.5679],[-84.4358,9.568],[-84.4362,9.5679],[-84.4367,9.5673],[-84.4372,9.5667],[-84.4377,9.5664],[-84.4381,9.566],[-84.4382,9.5658],[-84.4383,9.5655],[-84.4383,9.5651],[-84.4382,9.5648],[-84.4378,9.5647],[-84.4373,9.5649],[-84.4367,9.5652],[-84.4363,9.5653],[-84.4359,9.5653],[-84.4353,9.5652],[-84.4348,9.5648],[-84.4347,9.5643],[-84.4348,9.5639],[-84.4351,9.5638],[-84.4354,9.5636],[-84.4357,9.5635],[-84.4361,9.5634],[-84.4364,9.5632],[-84.4367,9.5629],[-84.4366,9.5626],[-84.4362,9.5622],[-84.4354,9.5613],[-84.4351,9.5608],[-84.4346,9.5606],[-84.4342,9.5605],[-84.4338,9.5605],[-84.4337,9.5604],[-84.4337,9.5599],[-84.4335,9.5597],[-84.4333,9.5595],[-84.4329,9.5595],[-84.4327,9.5595],[-84.4324,9.5596],[-84.432,9.5596],[-84.4318,9.5595],[-84.4315,9.5592],[-84.4312,9.5586],[-84.4312,9.5579],[-84.4311,9.5572],[-84.431,9.5568],[-84.4309,9.5566],[-84.4305,9.5565],[-84.4302,9.5566],[-84.43,9.557],[-84.4299,9.5573],[-84.4299,9.5575],[-84.43,9.558],[-84.4301,9.5585],[-84.4302,9.5588],[-84.4303,9.5592],[-84.4303,9.5596],[-84.4302,9.5599],[-84.43,9.5601],[-84.4298,9.5604],[-84.4294,9.5605],[-84.4291,9.5605],[-84.4287,9.5602],[-84.4287,9.5593],[-84.4285,9.5588],[-84.4284,9.5586],[-84.428,9.5586],[-84.4276,9.5588],[-84.4272,9.5589],[-84.4268,9.5591],[-84.4264,9.5592],[-84.426,9.5592],[-84.4252,9.5587],[-84.4249,9.5587],[-84.4248,9.5589],[-84.4246,9.5593],[-84.4247,9.5599],[-84.4248,9.5603],[-84.425,9.5606],[-84.4254,9.5609],[-84.426,9.5611],[-84.4265,9.5613],[-84.4268,9.5614],[-84.4271,9.5618],[-84.4275,9.5624],[-84.4277,9.5629],[-84.4279,9.5634],[-84.4281,9.5639],[-84.4282,9.5645],[-84.4281,9.5649],[-84.4277,9.5653],[-84.4274,9.5656],[-84.4272,9.5659],[-84.4269,9.566],[-84.4264,9.566],[-84.4262,9.5658],[-84.426,9.5655],[-84.426,9.5651],[-84.4258,9.5645],[-84.4256,9.5642],[-84.4254,9.5641],[-84.425,9.564],[-84.4246,9.5638],[-84.4243,9.5635],[-84.4238,9.563],[-84.4235,9.5624],[-84.4232,9.5622],[-84.423,9.5621],[-84.4227,9.5621],[-84.4225,9.5623],[-84.4224,9.5626],[-84.4221,9.563],[-84.422,9.5633],[-84.422,9.5636],[-84.4222,9.5639],[-84.4229,9.5643],[-84.4235,9.5647],[-84.4237,9.5649],[-84.4239,9.5651],[-84.4239,9.5657],[-84.4239,9.5661],[-84.4238,9.5664],[-84.4235,9.5667],[-84.4233,9.567],[-84.4231,9.567],[-84.4229,9.5673],[-84.4229,9.5677],[-84.4232,9.5682],[-84.4234,9.5686],[-84.4235,9.5689],[-84.4235,9.5691],[-84.4234,9.5693],[-84.4232,9.5694],[-84.4229,9.5695],[-84.4227,9.5695],[-84.4225,9.5695],[-84.4222,9.5692],[-84.422,9.5688],[-84.4217,9.5686],[-84.4214,9.5684],[-84.4211,9.5684],[-84.4208,9.5684],[-84.4203,9.5688],[-84.4201,9.5691],[-84.4197,9.5693],[-84.4194,9.5694],[-84.4191,9.5694],[-84.4189,9.5694],[-84.4186,9.5692],[-84.4182,9.5691],[-84.4178,9.569],[-84.4174,9.569],[-84.4171,9.5695],[-84.4171,9.5698],[-84.4173,9.5703],[-84.4176,9.5706],[-84.4178,9.5707],[-84.418,9.5709],[-84.4181,9.5714],[-84.4182,9.5719],[-84.418,9.5721],[-84.4179,9.5722],[-84.4175,9.5723],[-84.4171,9.5722],[-84.4167,9.5721],[-84.4164,9.5722],[-84.416,9.5723],[-84.4158,9.5725],[-84.4154,9.5725],[-84.4151,9.5725],[-84.4148,9.5725],[-84.4146,9.5725],[-84.4143,9.5727],[-84.4142,9.573],[-84.4142,9.5732],[-84.4145,9.5735],[-84.4148,9.5739],[-84.415,9.5742],[-84.4152,9.5745],[-84.4152,9.5748],[-84.415,9.5751],[-84.4147,9.5751],[-84.4145,9.5751],[-84.414,9.5747],[-84.4137,9.5744],[-84.4133,9.5743],[-84.413,9.5743],[-84.4128,9.5746],[-84.4127,9.575],[-84.4127,9.5753],[-84.4127,9.5755],[-84.4129,9.5759],[-84.4132,9.5759],[-84.4134,9.5759],[-84.4135,9.5759],[-84.4137,9.5759],[-84.4141,9.576],[-84.4144,9.5764],[-84.4145,9.5767],[-84.4145,9.5772],[-84.4146,9.5777],[-84.4146,9.5779],[-84.4144,9.5781],[-84.4143,9.5784],[-84.4141,9.5786],[-84.4137,9.5786],[-84.4131,9.5786],[-84.4127,9.5789],[-84.4127,9.5794],[-84.4128,9.5799],[-84.413,9.5801],[-84.4133,9.5801],[-84.4137,9.5801],[-84.414,9.5799],[-84.4143,9.5796],[-84.4148,9.5794],[-84.4151,9.5794],[-84.4154,9.5796],[-84.4155,9.5798],[-84.4155,9.58],[-84.4155,9.5802],[-84.4153,9.5804],[-84.415,9.5805],[-84.4146,9.5807],[-84.4142,9.5807],[-84.4141,9.581],[-84.414,9.5813],[-84.4142,9.5816],[-84.4144,9.5819],[-84.4147,9.5823],[-84.4147,9.5826],[-84.4146,9.5829],[-84.4145,9.583],[-84.4143,9.5833],[-84.414,9.5836],[-84.4135,9.5839],[-84.4131,9.584],[-84.4128,9.5839],[-84.4127,9.5838],[-84.4126,9.5835],[-84.4124,9.583],[-84.4122,9.5827],[-84.4118,9.5827],[-84.4115,9.5827],[-84.4111,9.5827],[-84.4109,9.5829],[-84.4105,9.5831],[-84.4102,9.5833],[-84.41,9.5834],[-84.4097,9.5833],[-84.4095,9.5831],[-84.4096,9.5828],[-84.4095,9.5822],[-84.4093,9.582],[-84.409,9.5817],[-84.4083,9.5814],[-84.4078,9.5813],[-84.4074,9.5813],[-84.4069,9.5815],[-84.4061,9.5816],[-84.4058,9.5816],[-84.4053,9.5815],[-84.4052,9.5815],[-84.4049,9.5818],[-84.4048,9.5823],[-84.4048,9.5827],[-84.4048,9.5831],[-84.4048,9.5833],[-84.4047,9.5834],[-84.4045,9.5835],[-84.4038,9.5832],[-84.4033,9.583],[-84.4029,9.5828],[-84.4026,9.5826],[-84.4022,9.5825],[-84.4018,9.5828],[-84.4017,9.5831],[-84.4018,9.5835],[-84.4018,9.5839],[-84.4019,9.5843],[-84.4021,9.5848],[-84.4023,9.5852],[-84.4023,9.5856],[-84.4024,9.586],[-84.4024,9.5865],[-84.4024,9.5869],[-84.4024,9.5873],[-84.4021,9.5879],[-84.4019,9.5883],[-84.4016,9.5888],[-84.4013,9.5892],[-84.401,9.5896],[-84.4006,9.5898],[-84.4003,9.5898],[-84.4001,9.5898],[-84.3997,9.5897],[-84.3994,9.5894],[-84.3991,9.5891],[-84.3989,9.5892],[-84.3987,9.5893],[-84.3985,9.5894],[-84.3985,9.5897],[-84.3986,9.59],[-84.3988,9.5908],[-84.3989,9.5913],[-84.399,9.5918],[-84.3991,9.5923],[-84.3991,9.5927],[-84.3989,9.5928],[-84.3986,9.5931],[-84.3983,9.5932],[-84.3981,9.5935],[-84.3978,9.5938],[-84.3977,9.5942],[-84.3976,9.5946],[-84.3975,9.5951],[-84.3974,9.5956],[-84.3973,9.5961],[-84.3973,9.5965],[-84.3972,9.5968],[-84.3967,9.5971],[-84.3964,9.5972],[-84.3958,9.5973],[-84.3955,9.5973],[-84.395,9.5973],[-84.3946,9.5972],[-84.394,9.5972],[-84.3937,9.5975],[-84.3936,9.5978],[-84.3935,9.5982],[-84.3934,9.5985],[-84.3932,9.5989],[-84.393,9.5991],[-84.3926,9.5993],[-84.3922,9.5996],[-84.392,9.5997],[-84.3918,9.6002],[-84.3918,9.6005],[-84.3921,9.6009],[-84.3924,9.6013],[-84.3929,9.6017],[-84.3932,9.6021],[-84.3934,9.6024],[-84.3935,9.6027],[-84.394,9.6034],[-84.3941,9.6039],[-84.3942,9.6043],[-84.3943,9.6048],[-84.3945,9.6051],[-84.395,9.605],[-84.3955,9.605],[-84.396,9.6051],[-84.3962,9.6053],[-84.3962,9.6055],[-84.3962,9.6058],[-84.3961,9.606],[-84.396,9.6061],[-84.3958,9.6062],[-84.3957,9.6064],[-84.3956,9.6068],[-84.3956,9.6071],[-84.3959,9.6074],[-84.396,9.6076],[-84.3962,9.6082],[-84.3965,9.6085],[-84.3969,9.6089],[-84.3971,9.6089],[-84.3975,9.6093],[-84.3975,9.6096],[-84.3975,9.61],[-84.3974,9.6105],[-84.3973,9.6112],[-84.3973,9.6116],[-84.3975,9.6122],[-84.3977,9.6126],[-84.398,9.6132],[-84.3981,9.6136],[-84.3981,9.6145],[-84.398,9.615],[-84.3979,9.6155],[-84.3979,9.6157],[-84.3978,9.616],[-84.3978,9.6165],[-84.3977,9.6168],[-84.3974,9.6173],[-84.3971,9.6173],[-84.3968,9.6175],[-84.3962,9.6178],[-84.3957,9.6182],[-84.3954,9.6186],[-84.395,9.6189],[-84.3947,9.6191],[-84.3943,9.6197],[-84.394,9.6203],[-84.394,9.6211],[-84.3942,9.6218],[-84.3946,9.6222],[-84.3949,9.6225],[-84.3952,9.623],[-84.3956,9.6236],[-84.3959,9.624],[-84.3963,9.6242],[-84.3967,9.6244],[-84.3969,9.6249],[-84.3969,9.6255],[-84.3972,9.6269],[-84.3971,9.6278],[-84.397,9.6287],[-84.397,9.6294],[-84.3967,9.6301],[-84.3966,9.6307],[-84.3965,9.6314],[-84.3964,9.6321],[-84.3965,9.6327],[-84.3967,9.6332],[-84.3972,9.6338],[-84.3975,9.6341],[-84.3979,9.6345],[-84.3982,9.6348],[-84.3982,9.6351],[-84.3981,9.6354],[-84.3978,9.6355],[-84.3975,9.6356],[-84.3973,9.6358],[-84.397,9.636],[-84.3968,9.6363],[-84.3965,9.6367],[-84.3963,9.6368],[-84.396,9.6368],[-84.3956,9.6367],[-84.3952,9.6365],[-84.3949,9.6365],[-84.3946,9.6365],[-84.3941,9.6367],[-84.3938,9.6371],[-84.3935,9.6371],[-84.393,9.6372],[-84.3925,9.6372],[-84.3918,9.6371],[-84.3914,9.637],[-84.3911,9.6371],[-84.3906,9.6374],[-84.3904,9.6377],[-84.3899,9.6379],[-84.3897,9.6381],[-84.3892,9.6383],[-84.3883,9.6386],[-84.3877,9.6386],[-84.387,9.6384],[-84.3865,9.6383],[-84.386,9.6377],[-84.3859,9.6375],[-84.3857,9.6372],[-84.3854,9.6371],[-84.3851,9.6371],[-84.3848,9.6369],[-84.3848,9.6365],[-84.385,9.6362],[-84.3851,9.636],[-84.3855,9.6358],[-84.3857,9.6355],[-84.3853,9.6355],[-84.385,9.6353],[-84.3849,9.635],[-84.3848,9.6346],[-84.3847,9.6342],[-84.3844,9.6338],[-84.3843,9.6336],[-84.384,9.6335],[-84.3838,9.6338],[-84.3834,9.634],[-84.383,9.6343],[-84.3825,9.6344],[-84.382,9.6345],[-84.3815,9.6347],[-84.381,9.6347],[-84.3807,9.6347],[-84.3805,9.6349],[-84.3804,9.6355],[-84.3803,9.6355],[-84.3799,9.6353],[-84.3794,9.6352],[-84.3792,9.6352],[-84.3789,9.6349],[-84.3789,9.6345],[-84.3787,9.6341],[-84.3786,9.6341],[-84.3783,9.6341],[-84.3782,9.6345],[-84.378,9.6349],[-84.3779,9.6352],[-84.3776,9.6353],[-84.377,9.6353],[-84.3768,9.6354],[-84.3768,9.6357],[-84.3772,9.6359],[-84.3774,9.6362],[-84.3774,9.6367],[-84.377,9.6371],[-84.3767,9.6374],[-84.3766,9.6379],[-84.3765,9.6382],[-84.3763,9.6385],[-84.3763,9.6388],[-84.3763,9.6392],[-84.3761,9.6395],[-84.3758,9.6396],[-84.3756,9.6395],[-84.3755,9.6391],[-84.3756,9.6386],[-84.3759,9.6379],[-84.376,9.6372],[-84.3761,9.6368],[-84.376,9.6365],[-84.3756,9.6361],[-84.3754,9.6359],[-84.3749,9.6357],[-84.3746,9.6356],[-84.3742,9.6354],[-84.3737,9.6353],[-84.3735,9.6352],[-84.3732,9.6352],[-84.3728,9.6351],[-84.3724,9.6349],[-84.372,9.6348],[-84.3717,9.635],[-84.3716,9.6352],[-84.3715,9.6356],[-84.3717,9.6361],[-84.3714,9.6365],[-84.3711,9.6366],[-84.3708,9.6366],[-84.3707,9.6365],[-84.3706,9.636],[-84.3705,9.6356],[-84.3704,9.6353],[-84.3702,9.6353],[-84.37,9.6354],[-84.3698,9.6356],[-84.3697,9.636],[-84.3694,9.6366],[-84.3691,9.6371],[-84.369,9.6373],[-84.3688,9.6374],[-84.3687,9.6374],[-84.3686,9.6371],[-84.3686,9.6368],[-84.3689,9.6363],[-84.3692,9.6357],[-84.3692,9.6354],[-84.3693,9.6352],[-84.3693,9.635],[-84.3692,9.6349],[-84.3689,9.6348],[-84.3686,9.6349],[-84.3681,9.6349],[-84.3679,9.6347],[-84.3676,9.6345],[-84.3674,9.6341],[-84.3675,9.6338],[-84.3676,9.6336],[-84.367,9.6329],[-84.3665,9.6323],[-84.3662,9.6319],[-84.3659,9.6316],[-84.3657,9.6315],[-84.3655,9.6316],[-84.3651,9.6318],[-84.3648,9.632],[-84.3646,9.6322],[-84.3644,9.6323],[-84.3641,9.6324],[-84.3638,9.6324],[-84.3636,9.6325],[-84.3632,9.6323],[-84.3629,9.6321],[-84.3626,9.6318],[-84.3623,9.6317],[-84.3622,9.6317],[-84.3621,9.6317],[-84.362,9.6318],[-84.3619,9.632],[-84.362,9.6325],[-84.3618,9.6329],[-84.3615,9.6329],[-84.3611,9.6326],[-84.3607,9.6325],[-84.3603,9.6325],[-84.3601,9.6326],[-84.3599,9.6328],[-84.36,9.6332],[-84.3601,9.6337],[-84.3601,9.6343],[-84.3601,9.6347],[-84.3603,9.635],[-84.3607,9.6353],[-84.361,9.6355],[-84.361,9.6361],[-84.3608,9.6368],[-84.3608,9.6372],[-84.3607,9.6378],[-84.3603,9.638],[-84.3597,9.6383],[-84.3595,9.6386],[-84.3594,9.6387],[-84.3593,9.6387],[-84.3591,9.6385],[-84.359,9.6382],[-84.3588,9.6379],[-84.3584,9.6378],[-84.3582,9.6377],[-84.3579,9.6378],[-84.3577,9.6378],[-84.3574,9.6377],[-84.3572,9.6375],[-84.357,9.6375],[-84.3566,9.6377],[-84.3565,9.6377],[-84.3561,9.6379],[-84.3559,9.638],[-84.3555,9.6381],[-84.3552,9.6382],[-84.3549,9.6384],[-84.3548,9.6387],[-84.3547,9.6389],[-84.3545,9.6391],[-84.3544,9.6391],[-84.354,9.6386],[-84.3537,9.6385],[-84.3533,9.6381],[-84.353,9.6381],[-84.3526,9.6384],[-84.3524,9.6386],[-84.3521,9.639],[-84.3519,9.6391],[-84.3516,9.6392],[-84.3512,9.6392],[-84.3508,9.6393],[-84.3507,9.6395],[-84.3502,9.6397],[-84.3498,9.6395],[-84.3496,9.6393],[-84.3496,9.6391],[-84.3496,9.6385],[-84.3496,9.6383],[-84.3496,9.638],[-84.3494,9.6378],[-84.3491,9.6377],[-84.3489,9.6375],[-84.3487,9.6373],[-84.3486,9.6371],[-84.349,9.6366],[-84.3491,9.6366],[-84.3492,9.6363],[-84.349,9.6359],[-84.3486,9.6355],[-84.348,9.6355],[-84.3478,9.6356],[-84.3475,9.6356],[-84.3473,9.6355],[-84.3473,9.635],[-84.3475,9.6345],[-84.3471,9.6337],[-84.3471,9.6333],[-84.3468,9.6323],[-84.3465,9.6319],[-84.3462,9.6314],[-84.346,9.631],[-84.3458,9.6307],[-84.3457,9.6306],[-84.3452,9.6308],[-84.3449,9.6312],[-84.3441,9.6316],[-84.3436,9.6319],[-84.3432,9.6323],[-84.3428,9.6327],[-84.3424,9.633],[-84.3419,9.633],[-84.3414,9.6332],[-84.3411,9.6335],[-84.341,9.634],[-84.3411,9.6344],[-84.3415,9.6352],[-84.3417,9.6355],[-84.3416,9.6358],[-84.3412,9.6359],[-84.3407,9.6359],[-84.3403,9.6358],[-84.3398,9.6357],[-84.3396,9.6357],[-84.3394,9.6353],[-84.3393,9.6349],[-84.3389,9.6348],[-84.3384,9.6346],[-84.3379,9.6347],[-84.3375,9.6347],[-84.3371,9.6348],[-84.3368,9.635],[-84.3366,9.6356],[-84.337,9.6364],[-84.337,9.6371],[-84.3369,9.6377],[-84.3365,9.6386],[-84.3361,9.6393],[-84.3358,9.6397],[-84.3354,9.64],[-84.3349,9.6404],[-84.3346,9.6407],[-84.3344,9.641],[-84.3339,9.641],[-84.3335,9.641],[-84.3331,9.641],[-84.3328,9.6409],[-84.3323,9.6406],[-84.332,9.6404],[-84.3316,9.6401],[-84.3314,9.64],[-84.331,9.64],[-84.3306,9.6399],[-84.3304,9.6398],[-84.3303,9.6391],[-84.3299,9.6386],[-84.3294,9.6384],[-84.3287,9.6382],[-84.3278,9.638],[-84.3274,9.6379],[-84.3268,9.6374],[-84.3266,9.6371],[-84.3262,9.6369],[-84.3257,9.6365],[-84.3253,9.6365],[-84.3247,9.6365],[-84.3244,9.6366],[-84.3237,9.6369],[-84.3231,9.6369],[-84.3224,9.6369],[-84.3216,9.6371],[-84.3211,9.6372],[-84.3207,9.6374],[-84.3201,9.6377],[-84.3199,9.6381],[-84.3198,9.6385],[-84.3195,9.6388],[-84.3191,9.6389],[-84.3185,9.6391],[-84.3179,9.6393],[-84.3174,9.6395],[-84.3172,9.6397],[-84.3167,9.6403],[-84.3162,9.6409],[-84.3157,9.6414],[-84.3151,9.6418],[-84.3144,9.6418],[-84.3128,9.6424],[-84.3122,9.6428],[-84.3119,9.6428],[-84.3115,9.6426],[-84.3111,9.6423],[-84.3108,9.6419],[-84.3105,9.6417],[-84.3101,9.6415],[-84.3094,9.6415],[-84.3091,9.6416],[-84.3085,9.6419],[-84.3079,9.6422],[-84.3073,9.6425],[-84.3069,9.6427],[-84.3063,9.6429],[-84.3061,9.6431],[-84.3056,9.6433],[-84.3051,9.6435],[-84.3045,9.6437],[-84.3042,9.644],[-84.3041,9.6444],[-84.3046,9.6451],[-84.3048,9.6456],[-84.305,9.6461],[-84.305,9.6466],[-84.3049,9.6471],[-84.3047,9.6477],[-84.3044,9.6481],[-84.3041,9.6485],[-84.304,9.6489],[-84.3037,9.6495],[-84.3036,9.6497],[-84.3036,9.6499],[-84.3053,9.6515],[-84.3047,9.6583],[-84.2997,9.6629],[-84.3013,9.6684],[-84.2972,9.6707],[-84.2975,9.6749],[-84.3042,9.6824],[-84.3069,9.6837],[-84.3103,9.6985],[-84.3153,9.7005],[-84.3184,9.7044],[-84.322,9.7035],[-84.3231,9.7076],[-84.3291,9.7116],[-84.3282,9.7148],[-84.3332,9.724],[-84.3319,9.728],[-84.3364,9.7336],[-84.3391,9.7398],[-84.3416,9.7415],[-84.341,9.7485],[-84.3385,9.7499],[-84.3371,9.7585],[-84.333,9.7649],[-84.3291,9.765],[-84.3231,9.7704],[-84.3231,9.7741],[-84.3178,9.7785],[-84.3115,9.7782],[-84.309,9.7804],[-84.3018,9.7774],[-84.2916,9.7794],[-84.2855,9.7777],[-84.2837,9.7797],[-84.277,9.7808],[-84.2711,9.7865],[-84.267,9.7971],[-84.2675,9.8042],[-84.2634,9.8091]]]},"properties":{"Codigo":"104","Provincia":"SAN JOSE","Canton":"PURISCAL"}},
{"type":"Feature","geometry":{"type":"Polygon","coordinates":[[[-83.9723,9.7144],[-83.9782,9.7157],[-83.9789,9.7184],[-83.9865,9.7167],[-83.9891,9.7177],[-84.0047,9.7112],[-84.0094,9.7108],[-84.0148,9.704],[-84.0204,9.7022],[-84.0214,9.6951],[-84.0183,9.6897],[-84.0246,9.6895],[-84.0277,9.6877],[-84.0295,9.6781],[-84.0345,9.6745],[-84.0377,9.6642],[-84.0472,9.6573],[-84.0579,9.6596],[-84.0615,9.655],[-84.0691,9.6544],[-84.0783,9.6497],[-84.0858,9.6444],[-84.0911,9.6439],[-84.0944,9.6458],[-84.1009,9.6418],[-84.1104,9.6462],[-84.113,9.6423],[-84.117,9.6429],[-84.1204,9.6385],[-84.1239,9.6369],[-84.1275,9.6382],[-84.1313,9.6429],[-84.13,9.6469],[-84.134,9.6488],[-84.1368,9.6538],[-84.1353,9.6601],[-84.1385,9.6618],[-84.1432,9.6597],[-84.1492,9.66],[-84.1537,9.6619],[-84.1572,9.6581],[-84.1466,9.6481],[-84.1451,9.6401],[-84.1498,9.6291],[-84.1495,9.6287],[-84.1493,9.628],[-84.1491,9.6265],[-84.1487,9.6249],[-84.1487,9.624],[-84.1485,9.6234],[-84.1482,9.623],[-84.1441,9.6227],[-84.1397,9.6218],[-84.1392,9.6215],[-84.139,9.6209],[-84.1387,9.6205],[-84.1384,9.6201],[-84.1383,9.6198],[-84.1381,9.6189],[-84.138,9.6187],[-84.1377,9.6184],[-84.1371,9.6184],[-84.1367,9.6178],[-84.1365,9.6168],[-84.136,9.6159],[-84.1349,9.6143],[-84.1342,9.6134],[-84.1333,9.6126],[-84.1329,9.6123],[-84.1326,9.6122],[-84.1324,9.612],[-84.1323,9.6118],[-84.1322,9.6113],[-84.1319,9.611],[-84.1315,9.6108],[-84.1314,9.6106],[-84.1314,9.61],[-84.1318,9.609],[-84.1316,9.6088],[-84.1311,9.6088],[-84.1306,9.6088],[-84.1305,9.6083],[-84.1305,9.6074],[-84.1305,9.6066],[-84.1307,9.6057],[-84.1308,9.6051],[-84.1309,9.6047],[-84.1313,9.604],[-84.132,9.6028],[-84.1322,9.6022],[-84.1326,9.6013],[-84.1331,9.6006],[-84.1337,9.6],[-84.1348,9.5994],[-84.1351,9.5994],[-84.1364,9.5992],[-84.1369,9.5993],[-84.1374,9.5994],[-84.1385,9.5998],[-84.1391,9.6001],[-84.14,9.6002],[-84.1409,9.6004],[-84.1418,9.6006],[-84.142,9.6005],[-84.1418,9.6001],[-84.1416,9.5993],[-84.1414,9.5987],[-84.1411,9.5977],[-84.1408,9.5966],[-84.1404,9.5955],[-84.1404,9.5945],[-84.1403,9.5938],[-84.1403,9.5932],[-84.1402,9.592],[-84.1401,9.5913],[-84.1398,9.5908],[-84.1395,9.5903],[-84.1393,9.5898],[-84.1394,9.5891],[-84.1396,9.5882],[-84.1403,9.5872],[-84.1411,9.5864],[-84.1413,9.5858],[-84.1416,9.5853],[-84.142,9.5849],[-84.1425,9.5842],[-84.1428,9.5834],[-84.143,9.5823],[-84.1431,9.5816],[-84.1432,9.5809],[-84.143,9.5803],[-84.1426,9.5798],[-84.142,9.5789],[-84.1417,9.578],[-84.1412,9.577],[-84.1407,9.5763],[-84.1401,9.5759],[-84.1391,9.5758],[-84.1383,9.5758],[-84.1381,9.5756],[-84.1379,9.5753],[-84.1377,9.5748],[-84.1371,9.5741],[-84.1365,9.5735],[-84.1361,9.5728],[-84.136,9.572],[-84.1355,9.572],[-84.135,9.5717],[-84.1343,9.5714],[-84.1338,9.5712],[-84.1334,9.5711],[-84.1328,9.5712],[-84.1321,9.5714],[-84.1318,9.5714],[-84.1314,9.5714],[-84.1307,9.5711],[-84.1302,9.5707],[-84.1296,9.5704],[-84.1291,9.57],[-84.1286,9.5695],[-84.1284,9.5686],[-84.1282,9.5681],[-84.128,9.5677],[-84.1275,9.5673],[-84.1271,9.567],[-84.1267,9.5667],[-84.1264,9.5663],[-84.1265,9.566],[-84.1263,9.5654],[-84.126,9.5647],[-84.1255,9.5639],[-84.1253,9.5632],[-84.1252,9.5627],[-84.1256,9.5619],[-84.1258,9.5613],[-84.1256,9.5608],[-84.1249,9.56],[-84.1246,9.5598],[-84.1243,9.5595],[-84.1244,9.559],[-84.1243,9.5586],[-84.1243,9.5581],[-84.1241,9.5579],[-84.1239,9.5577],[-84.1235,9.5577],[-84.1231,9.5575],[-84.1226,9.5572],[-84.1221,9.5568],[-84.1216,9.5563],[-84.1211,9.5559],[-84.1206,9.5554],[-84.1204,9.555],[-84.1203,9.5553],[-84.1202,9.5557],[-84.12,9.5561],[-84.1198,9.5565],[-84.1195,9.5567],[-84.1192,9.557],[-84.119,9.5573],[-84.1189,9.5577],[-84.1193,9.5581],[-84.1195,9.5584],[-84.1196,9.5587],[-84.1195,9.559],[-84.1193,9.5595],[-84.1191,9.5598],[-84.1188,9.56],[-84.1183,9.5601],[-84.1181,9.5603],[-84.1178,9.5606],[-84.1175,9.5608],[-84.1172,9.5609],[-84.1168,9.5609],[-84.1166,9.5607],[-84.1163,9.5604],[-84.1162,9.5601],[-84.1158,9.56],[-84.1155,9.56],[-84.1154,9.56],[-84.1149,9.5602],[-84.1144,9.5602],[-84.1141,9.5602],[-84.1137,9.5603],[-84.113,9.5605],[-84.1125,9.5607],[-84.1118,9.561],[-84.1114,9.5611],[-84.1105,9.5614],[-84.11,9.5616],[-84.1096,9.562],[-84.1094,9.5628],[-84.1093,9.5634],[-84.1091,9.5638],[-84.1088,9.564],[-84.1083,9.5641],[-84.1079,9.5641],[-84.1076,9.5642],[-84.1074,9.5643],[-84.1071,9.5643],[-84.107,9.5642],[-84.1068,9.5638],[-84.1067,9.5635],[-84.1064,9.5635],[-84.1062,9.5637],[-84.106,9.5639],[-84.106,9.5643],[-84.1058,9.5648],[-84.1056,9.5651],[-84.105,9.5652],[-84.1046,9.5653],[-84.1041,9.5654],[-84.1038,9.5655],[-84.1036,9.5659],[-84.1032,9.5659],[-84.1029,9.5659],[-84.1025,9.5662],[-84.1022,9.5667],[-84.1017,9.5672],[-84.1013,9.5674],[-84.1009,9.5675],[-84.1005,9.5675],[-84.0999,9.5678],[-84.0997,9.5682],[-84.0994,9.5688],[-84.0992,9.569],[-84.0989,9.569],[-84.0984,9.5689],[-84.0981,9.5688],[-84.0976,9.5688],[-84.0971,9.5688],[-84.0966,9.5688],[-84.0961,9.5687],[-84.0957,9.5684],[-84.0954,9.5681],[-84.0948,9.5681],[-84.0941,9.5681],[-84.0937,9.5681],[-84.0932,9.5681],[-84.0929,9.5681],[-84.0921,9.568],[-84.0907,9.5672],[-84.0901,9.5667],[-84.0896,9.5663],[-84.0891,9.5659],[-84.0885,9.5656],[-84.0879,9.5653],[-84.087,9.5649],[-84.0866,9.5648],[-84.0863,9.5646],[-84.0861,9.5645],[-84.0855,9.5644],[-84.0851,9.5646],[-84.0847,9.5646],[-84.084,9.5644],[-84.0831,9.5639],[-84.0828,9.5636],[-84.0823,9.5637],[-84.0817,9.5639],[-84.0811,9.5641],[-84.0809,9.5644],[-84.0805,9.5647],[-84.0801,9.5648],[-84.0797,9.5648],[-84.0793,9.5649],[-84.0788,9.565],[-84.0783,9.5652],[-84.0778,9.5655],[-84.0773,9.5656],[-84.0767,9.5658],[-84.076,9.5661],[-84.075,9.5666],[-84.0742,9.5672],[-84.0735,9.568],[-84.0732,9.5689],[-84.073,9.5696],[-84.0728,9.5701],[-84.0727,9.5706],[-84.0725,9.5709],[-84.0722,9.5711],[-84.0719,9.571],[-84.0718,9.5708],[-84.0718,9.5703],[-84.072,9.5695],[-84.0724,9.5688],[-84.0726,9.5681],[-84.0727,9.5664],[-84.0729,9.5655],[-84.0732,9.5649],[-84.0737,9.5635],[-84.0738,9.5627],[-84.0739,9.5621],[-84.0742,9.5615],[-84.0744,9.5611],[-84.0744,9.5604],[-84.0746,9.5598],[-84.0749,9.5595],[-84.0751,9.5592],[-84.0754,9.5591],[-84.0757,9.5589],[-84.0759,9.5587],[-84.0761,9.5586],[-84.0761,9.5581],[-84.0759,9.5576],[-84.0748,9.5561],[-84.0741,9.555],[-84.0735,9.5543],[-84.0727,9.5536],[-84.0722,9.553],[-84.072,9.5527],[-84.072,9.5517],[-84.072,9.551],[-84.0719,9.5506],[-84.0718,9.55],[-84.0717,9.5494],[-84.0717,9.549],[-84.0716,9.5485],[-84.0717,9.5478],[-84.0718,9.5461],[-84.072,9.5451],[-84.072,9.5441],[-84.0722,9.5432],[-84.0724,9.5425],[-84.0724,9.5418],[-84.0725,9.5405],[-84.0724,9.5397],[-84.0722,9.5391],[-84.0721,9.5384],[-84.072,9.538],[-84.0719,9.5373],[-84.0718,9.5364],[-84.0716,9.5358],[-84.0718,9.5349],[-84.0718,9.5345],[-84.0715,9.5341],[-84.0712,9.5337],[-84.071,9.5334],[-84.0708,9.5331],[-84.0705,9.5327],[-84.0702,9.5321],[-84.0697,9.5315],[-84.0693,9.5311],[-84.0692,9.5309],[-84.0693,9.5304],[-84.0695,9.53],[-84.0703,9.53],[-84.0709,9.5294],[-84.0711,9.5288],[-84.0711,9.5284],[-84.071,9.5277],[-84.071,9.5275],[-84.071,9.5271],[-84.0715,9.5266],[-84.0717,9.5264],[-84.0716,9.5258],[-84.0717,9.5253],[-84.0719,9.5249],[-84.0725,9.5245],[-84.0731,9.5242],[-84.0738,9.5238],[-84.0739,9.5234],[-84.0739,9.5228],[-84.0737,9.5224],[-84.0734,9.522],[-84.0735,9.5216],[-84.0739,9.5214],[-84.0744,9.5211],[-84.0744,9.5207],[-84.0743,9.5202],[-84.0739,9.5197],[-84.0736,9.5195],[-84.0734,9.5192],[-84.0735,9.5189],[-84.0736,9.5185],[-84.074,9.5181],[-84.0744,9.5179],[-84.075,9.5179],[-84.0756,9.5179],[-84.076,9.5179],[-84.0763,9.5176],[-84.0767,9.517],[-84.0771,9.5167],[-84.0774,9.5164],[-84.0778,9.5164],[-84.0784,9.5163],[-84.079,9.5161],[-84.0797,9.5158],[-84.0805,9.5154],[-84.081,9.5152],[-84.0818,9.5151],[-84.0826,9.515],[-84.0834,9.5147],[-84.0839,9.5146],[-84.0844,9.5142],[-84.0849,9.5138],[-84.0852,9.5133],[-84.0855,9.5128],[-84.0859,9.5118],[-84.0865,9.5109],[-84.0868,9.5107],[-84.0876,9.5106],[-84.0876,9.5103],[-84.0873,9.51],[-84.0871,9.5099],[-84.0866,9.51],[-84.0862,9.5101],[-84.0858,9.5101],[-84.0856,9.5099],[-84.0851,9.5096],[-84.0848,9.5095],[-84.0843,9.5095],[-84.0839,9.5096],[-84.0834,9.5099],[-84.0832,9.5101],[-84.0832,9.5106],[-84.0833,9.511],[-84.0833,9.5113],[-84.0831,9.5115],[-84.0828,9.5117],[-84.0822,9.5117],[-84.0817,9.5116],[-84.0811,9.5116],[-84.0805,9.5115],[-84.0801,9.5115],[-84.0799,9.5115],[-84.0795,9.5118],[-84.0795,9.5123],[-84.0793,9.5128],[-84.0792,9.5131],[-84.079,9.5133],[-84.0787,9.5131],[-84.0784,9.5128],[-84.0782,9.5124],[-84.078,9.512],[-84.0778,9.5114],[-84.0776,9.5108],[-84.0774,9.5099],[-84.0773,9.5094],[-84.0772,9.5089],[-84.0771,9.5084],[-84.0771,9.5079],[-84.0769,9.5073],[-84.0766,9.5068],[-84.0763,9.5061],[-84.0761,9.5058],[-84.0759,9.5051],[-84.0757,9.5045],[-84.0753,9.5038],[-84.0751,9.5032],[-84.0747,9.5027],[-84.0743,9.5023],[-84.0737,9.502],[-84.073,9.5018],[-84.0721,9.5016],[-84.0715,9.5013],[-84.0709,9.5012],[-84.0703,9.5009],[-84.0697,9.5007],[-84.069,9.5004],[-84.0683,9.5003],[-84.0677,9.5],[-84.0669,9.4999],[-84.0663,9.4999],[-84.0656,9.4997],[-84.0651,9.4996],[-84.0646,9.4994],[-84.0642,9.4992],[-84.0642,9.4986],[-84.0642,9.4983],[-84.0642,9.4979],[-84.0639,9.4978],[-84.0637,9.4976],[-84.0636,9.4975],[-84.0633,9.4972],[-84.0629,9.4969],[-84.0624,9.4966],[-84.0616,9.4962],[-84.0611,9.4959],[-84.0606,9.4956],[-84.0598,9.4953],[-84.0594,9.4951],[-84.0592,9.4948],[-84.059,9.4944],[-84.0588,9.4941],[-84.0584,9.4935],[-84.0578,9.4926],[-84.0576,9.4922],[-84.0573,9.4917],[-84.0568,9.4914],[-84.0565,9.4909],[-84.0562,9.4906],[-84.0559,9.4904],[-84.0557,9.4901],[-84.0553,9.4897],[-84.0549,9.4895],[-84.0545,9.4895],[-84.0541,9.4894],[-84.0538,9.4894],[-84.0536,9.4894],[-84.0533,9.4893],[-84.0531,9.489],[-84.0529,9.4888],[-84.0526,9.4884],[-84.0526,9.488],[-84.0526,9.4877],[-84.0526,9.4873],[-84.0524,9.487],[-84.0523,9.4865],[-84.0522,9.4859],[-84.0519,9.4852],[-84.0514,9.4843],[-84.051,9.484],[-84.0502,9.4835],[-84.0497,9.483],[-84.0488,9.4821],[-84.0481,9.4814],[-84.0464,9.4798],[-84.0456,9.479],[-84.0449,9.4783],[-84.0437,9.4769],[-84.0429,9.4763],[-84.0418,9.4757],[-84.041,9.4753],[-84.04,9.4751],[-84.0391,9.475],[-84.0387,9.4749],[-84.0386,9.4745],[-84.0384,9.4741],[-84.0381,9.4737],[-84.0376,9.4735],[-84.0365,9.4729],[-84.0354,9.4723],[-84.0348,9.4718],[-84.0341,9.4712],[-84.0334,9.471],[-84.0331,9.4709],[-84.033,9.4707],[-84.033,9.4703],[-84.0327,9.4698],[-84.0322,9.4691],[-84.0316,9.4685],[-84.0308,9.468],[-84.0302,9.4674],[-84.03,9.4671],[-84.03,9.4665],[-84.03,9.4657],[-84.0298,9.4653],[-84.0294,9.4648],[-84.0288,9.4644],[-84.0282,9.4641],[-84.0281,9.4639],[-84.028,9.4633],[-84.0276,9.4624],[-84.0273,9.4613],[-84.0271,9.461],[-84.0267,9.4609],[-84.0262,9.4609],[-84.0253,9.4609],[-84.024,9.4607],[-84.0231,9.4605],[-84.0224,9.4601],[-84.0215,9.4597],[-84.0211,9.4596],[-84.0202,9.4595],[-84.0195,9.4595],[-84.0187,9.4593],[-84.0182,9.459],[-84.0176,9.4586],[-84.0171,9.4583],[-84.0164,9.4576],[-84.0155,9.4565],[-84.0151,9.4562],[-84.0147,9.4562],[-84.014,9.456],[-84.0128,9.4558],[-84.0117,9.4557],[-84.0114,9.4556],[-84.0113,9.4555],[-84.0112,9.4551],[-84.0109,9.4548],[-84.0106,9.4546],[-84.0099,9.4543],[-84.0087,9.4537],[-84.0082,9.4532],[-84.0078,9.4527],[-84.0073,9.4526],[-84.0068,9.4523],[-84.0061,9.4517],[-84.0053,9.4512],[-84.0044,9.4509],[-84.0034,9.4505],[-84.0021,9.4502],[-84.0016,9.4499],[-83.9919,9.4565],[-83.9946,9.4621],[-83.989,9.4645],[-83.9891,9.4986],[-83.9896,9.6235],[-83.9897,9.6538],[-83.9862,9.6653],[-83.9723,9.7144]]]},"properties":{"Provincia":"SAN JOSE","Canton":"TARRAZU","Codigo":"105"}},
{"type":"Feature","geometry":{"type":"Polygon","coordinates":[[[-84.0954,9.7512],[-84.1005,9.7522],[-84.1065,9.7574],[-84.109,9.7669],[-84.1043,9.7713],[-84.0973,9.7739],[-84.0992,9.7803],[-84.0957,9.7851],[-84.0965,9.7917],[-84.095,9.7962],[-84.102,9.8033],[-84.1015,9.8062],[-84.0945,9.8044],[-84.0893,9.8048],[-84.086,9.8176],[-84.0875,9.8201],[-84.0928,9.8201],[-84.0965,9.8243],[-84.0884,9.826],[-84.0842,9.8244],[-84.078,9.8244],[-84.0801,9.8302],[-84.0722,9.8313],[-84.0696,9.834],[-84.0644,9.8336],[-84.0699,9.8509],[-84.0614,9.8591],[-84.0607,9.8633],[-84.0805,9.8668],[-84.0795,9.8711],[-84.0894,9.8716],[-84.0936,9.8706],[-84.0995,9.8744],[-84.1041,9.8751],[-84.114,9.8721],[-84.1217,9.862],[-84.1297,9.8569],[-84.1341,9.8525],[-84.1351,9.8477],[-84.1378,9.8398],[-84.1356,9.8332],[-84.1401,9.8292],[-84.1416,9.8259],[-84.1397,9.8201],[-84.1414,9.8157],[-84.1394,9.8124],[-84.1328,9.8086],[-84.1343,9.8],[-84.1409,9.7982],[-84.1424,9.7912],[-84.1483,9.7863],[-84.1443,9.7823],[-84.1486,9.7799],[-84.1541,9.7808],[-84.1572,9.7774],[-84.1622,9.7765],[-84.1628,9.7649],[-84.1613,9.7611],[-84.1574,9.7596],[-84.1531,9.7525],[-84.1478,9.7472],[-84.1398,9.7366],[-84.1363,9.7343],[-84.1337,9.7294],[-84.1387,9.7224],[-84.1446,9.7233],[-84.1508,9.7215],[-84.1586,9.7097],[-84.1687,9.7125],[-84.1699,9.7044],[-84.1728,9.6993],[-84.1845,9.6904],[-84.1893,9.688],[-84.1994,9.6855],[-84.2046,9.6809],[-84.2067,9.6755],[-84.2061,9.6717],[-84.2082,9.6657],[-84.207,9.6618],[-84.2097,9.6568],[-84.2142,9.6541],[-84.2114,9.6508],[-84.2118,9.6475],[-84.2178,9.6441],[-84.2158,9.6409],[-84.2228,9.6337],[-84.2254,9.6281],[-84.2248,9.6279],[-84.2244,9.6279],[-84.2238,9.6277],[-84.2233,9.6275],[-84.2226,9.6272],[-84.2223,9.6269],[-84.2219,9.6263],[-84.2213,9.6254],[-84.221,9.6244],[-84.2209,9.6237],[-84.2206,9.6232],[-84.22,9.6226],[-84.2194,9.622],[-84.2189,9.6215],[-84.2182,9.621],[-84.2173,9.6207],[-84.2167,9.6206],[-84.2158,9.6206],[-84.2155,9.6207],[-84.2149,9.6207],[-84.2146,9.6207],[-84.2139,9.6205],[-84.2136,9.6204],[-84.2128,9.6206],[-84.2125,9.6209],[-84.2115,9.6212],[-84.2107,9.6216],[-84.2101,9.6215],[-84.2092,9.6206],[-84.2089,9.6202],[-84.2087,9.6199],[-84.2084,9.6196],[-84.2081,9.6196],[-84.2074,9.6198],[-84.2066,9.62],[-84.206,9.6202],[-84.2055,9.6202],[-84.2052,9.6203],[-84.2046,9.6204],[-84.2039,9.6204],[-84.2033,9.6204],[-84.2027,9.6202],[-84.2023,9.6201],[-84.2019,9.6199],[-84.2017,9.6197],[-84.201,9.6194],[-84.2006,9.6192],[-84.2004,9.6188],[-84.2003,9.6185],[-84.2001,9.6183],[-84.1996,9.6183],[-84.1991,9.6182],[-84.1983,9.6181],[-84.1977,9.618],[-84.1971,9.6179],[-84.1958,9.6181],[-84.1955,9.6182],[-84.1947,9.6184],[-84.1942,9.6186],[-84.1938,9.6186],[-84.1932,9.6185],[-84.1924,9.618],[-84.1919,9.6177],[-84.1914,9.6174],[-84.191,9.6173],[-84.1905,9.6175],[-84.1902,9.6179],[-84.1896,9.6189],[-84.1891,9.6197],[-84.1887,9.62],[-84.1883,9.6205],[-84.1877,9.6209],[-84.1871,9.6213],[-84.1865,9.6215],[-84.1861,9.6217],[-84.1856,9.622],[-84.1851,9.6223],[-84.1845,9.6227],[-84.1836,9.6233],[-84.1828,9.6236],[-84.182,9.624],[-84.1815,9.6242],[-84.1806,9.6243],[-84.18,9.6243],[-84.179,9.6242],[-84.1781,9.6242],[-84.1773,9.624],[-84.1766,9.624],[-84.1756,9.624],[-84.1748,9.6241],[-84.174,9.6242],[-84.1724,9.6241],[-84.1715,9.6241],[-84.1704,9.6242],[-84.1696,9.6243],[-84.1687,9.6246],[-84.1679,9.6247],[-84.1673,9.6249],[-84.1664,9.6251],[-84.1647,9.6252],[-84.1631,9.6255],[-84.1621,9.6256],[-84.1606,9.6258],[-84.16,9.6259],[-84.1592,9.6265],[-84.1588,9.6271],[-84.1583,9.6276],[-84.1581,9.6279],[-84.158,9.6282],[-84.1574,9.6283],[-84.1567,9.6283],[-84.1562,9.6281],[-84.1553,9.6279],[-84.1544,9.6282],[-84.1534,9.6286],[-84.1527,9.6288],[-84.1518,9.6291],[-84.1512,9.6293],[-84.1507,9.6294],[-84.1503,9.6294],[-84.1498,9.6291],[-84.1451,9.6401],[-84.1466,9.6481],[-84.1572,9.6581],[-84.1537,9.6619],[-84.1525,9.6676],[-84.1534,9.6712],[-84.1496,9.6785],[-84.1424,9.6813],[-84.1402,9.6868],[-84.1298,9.6959],[-84.1265,9.6972],[-84.1186,9.7055],[-84.1112,9.703],[-84.1056,9.7101],[-84.0927,9.7094],[-84.0931,9.7302],[-84.0947,9.7358],[-84.0986,9.7385],[-84.0993,9.7459],[-84.0954,9.7512]]]},"properties":{"Provincia":"SAN JOSE","Canton":"ASERRI","Codigo":"106"}},
{"type":"Feature","geometry":{"type":"Polygon","coordinates":[[[-84.3677,9.9301],[-84.3721,9.9264],[-84.3855,9.9315],[-84.3892,9.9362],[-84.3943,9.9354],[-84.394,9.9305],[-84.3995,9.9313],[-84.4061,9.9271],[-84.4127,9.9289],[-84.4143,9.9233],[-84.4077,9.92],[-84.4056,9.9126],[-84.4038,9.9115],[-84.3994,9.9071],[-84.395,9.9047],[-84.3837,9.902],[-84.3753,9.8977],[-84.3683,9.8894],[-84.3689,9.8864],[-84.3671,9.8796],[-84.3623,9.8785],[-84.3546,9.8849],[-84.3495,9.885],[-84.3436,9.8894],[-84.3382,9.8894],[-84.3349,9.8915],[-84.3351,9.8979],[-84.3293,9.8987],[-84.3263,9.8909],[-84.317,9.8879],[-84.3143,9.8852],[-84.3069,9.8823],[-84.3046,9.884],[-84.2985,9.8786],[-84.2962,9.8688],[-84.2811,9.8529],[-84.276,9.852],[-84.2738,9.8474],[-84.2697,9.8442],[-84.252,9.8442],[-84.2585,9.8375],[-84.2585,9.83],[-84.2597,9.8258],[-84.2636,9.8242],[-84.2626,9.8209],[-84.2663,9.8177],[-84.2659,9.8123],[-84.2634,9.8091],[-84.253,9.8117],[-84.2439,9.8093],[-84.2406,9.8109],[-84.2367,9.8084],[-84.2286,9.8108],[-84.2245,9.8105],[-84.2214,9.8147],[-84.2235,9.8319],[-84.2197,9.8381],[-84.2156,9.8414],[-84.1994,9.8407],[-84.1975,9.839],[-84.19,9.8412],[-84.171,9.8578],[-84.1645,9.8614],[-84.1574,9.8611],[-84.1511,9.8574],[-84.1459,9.8597],[-84.1485,9.8644],[-84.1512,9.8633],[-84.158,9.8664],[-84.1634,9.8675],[-84.1712,9.8669],[-84.1773,9.8677],[-84.1816,9.8745],[-84.1849,9.8773],[-84.1878,9.8847],[-84.1962,9.8898],[-84.2007,9.8967],[-84.2175,9.9087],[-84.2203,9.9119],[-84.2279,9.9293],[-84.232,9.9327],[-84.2393,9.9331],[-84.2441,9.9352],[-84.2463,9.9345],[-84.2513,9.9282],[-84.2597,9.9321],[-84.2663,9.9313],[-84.2759,9.932],[-84.2785,9.9298],[-84.2887,9.9287],[-84.2933,9.9304],[-84.2985,9.9265],[-84.3098,9.9234],[-84.3117,9.9191],[-84.3151,9.9175],[-84.3188,9.9201],[-84.3207,9.916],[-84.3279,9.9144],[-84.3346,9.9176],[-84.3385,9.915],[-84.349,9.9164],[-84.3547,9.9224],[-84.3583,9.9224],[-84.3615,9.9263],[-84.3677,9.9301]]]},"properties":{"Provincia":"SAN JOSE","Canton":"MORA","Codigo":"107"}},
{"type":"Feature","geometry":{"type":"Polygon","coordinates":[[[-83.8872,9.9701],[-83.9047,9.9757],[-83.9086,9.9698],[-83.9198,9.9697],[-83.9315,9.9657],[-83.9368,9.9675],[-83.9431,9.9672],[-83.9495,9.9644],[-83.9557,9.9675],[-83.9628,9.9694],[-83.9666,9.9684],[-83.9749,9.9703],[-83.9886,9.9708],[-83.9918,9.9681],[-83.9981,9.9682],[-84.0107,9.9702],[-84.0212,9.9666],[-84.0246,9.9671],[-84.0333,9.9645],[-84.0389,9.9615],[-84.0437,9.9562],[-84.0512,9.9532],[-84.0572,9.9528],[-84.066,9.9547],[-84.0774,9.9496],[-84.0784,9.9415],[-84.0754,9.9394],[-84.0698,9.9409],[-84.0635,9.939],[-84.0606,9.9405],[-84.0489,9.9432],[-84.0491,9.9453],[-84.0406,9.9518],[-84.0315,9.9474],[-84.0239,9.9459],[-84.0156,9.9458],[-84.01,9.947],[-84.0078,9.9494],[-84.0021,9.9514],[-83.9924,9.9578],[-83.9912,9.9513],[-83.9879,9.9536],[-83.9781,9.9539],[-83.9726,9.9519],[-83.9625,9.9532],[-83.9582,9.956],[-83.9565,9.9496],[-83.9523,9.9538],[-83.9477,9.9533],[-83.9383,9.9583],[-83.937,9.9553],[-83.9282,9.9511],[-83.9171,9.9533],[-83.9102,9.9609],[-83.906,9.9613],[-83.9051,9.9644],[-83.898,9.9686],[-83.8912,9.9678],[-83.8872,9.9701]]]},"properties":{"Codigo":"108","Canton":"GOICOECHEA","Provincia":"SAN JOSE"}},
{"type":"Feature","geometry":{"type":"Polygon","coordinates":[[[-84.1841,9.9725],[-84.1906,9.9731],[-84.1954,9.9694],[-84.2028,9.9619],[-84.2065,9.9609],[-84.2122,9.9632],[-84.2176,9.9587],[-84.2205,9.9478],[-84.2241,9.9456],[-84.2265,9.9481],[-84.231,9.9485],[-84.2338,9.9457],[-84.236,9.9383],[-84.2393,9.9385],[-84.2441,9.9352],[-84.2393,9.9331],[-84.232,9.9327],[-84.2279,9.9293],[-84.2203,9.9119],[-84.2175,9.9087],[-84.2007,9.8967],[-84.1962,9.8898],[-84.1878,9.8847],[-84.1849,9.8773],[-84.1816,9.8745],[-84.1773,9.8677],[-84.1712,9.8669],[-84.1634,9.8675],[-84.158,9.8664],[-84.1512,9.8633],[-84.1485,9.8644],[-84.1474,9.8693],[-84.1487,9.8745],[-84.1527,9.8821],[-84.1527,9.8862],[-84.1585,9.8945],[-84.1629,9.9091],[-84.1586,9.9221],[-84.1598,9.9311],[-84.1662,9.9445],[-84.1668,9.9487],[-84.1736,9.9523],[-84.1817,9.9646],[-84.184,9.9655],[-84.1841,9.9725]]]},"properties":{"Codigo":"109","Canton":"SANTA ANA","Provincia":"SAN JOSE"}},
{"type":"Feature","geometry":{"type":"Polygon","coordinates":[[[-84.0913,9.9011],[-84.1008,9.9095],[-84.1038,9.9091],[-84.1105,9.9146],[-84.1156,9.9264],[-84.1213,9.9301],[-84.1217,9.8952],[-84.1298,9.8869],[-84.1345,9.8782],[-84.1326,9.8704],[-84.1381,9.8615],[-84.1459,9.8597],[-84.1389,9.8486],[-84.1351,9.8477],[-84.1341,9.8525],[-84.1297,9.8569],[-84.1217,9.862],[-84.114,9.8721],[-84.1041,9.8751],[-84.0921,9.8835],[-84.0844,9.8854],[-84.0864,9.8937],[-84.0921,9.8987],[-84.0913,9.9011]]]},"properties":{"Canton":"ALAJUELITA","Provincia":"SAN JOSE","Codigo":"110"}},
{"type":"Feature","geometry":{"type":"Polygon","coordinates":[[[-83.947,10.1473],[-83.9426,10.1627],[-83.9385,10.1681],[-83.9363,10.1799],[-83.9339,10.1854],[-83.9295,10.19],[-83.9297,10.19],[-83.93,10.1899],[-83.9307,10.1897],[-83.9314,10.1894],[-83.9319,10.1893],[-83.9324,10.1893],[-83.9327,10.1891],[-83.9331,10.1887],[-83.9337,10.1879],[-83.9343,10.1875],[-83.935,10.1871],[-83.9357,10.1868],[-83.9368,10.1868],[-83.9375,10.1867],[-83.9379,10.1863],[-83.9388,10.186],[-83.9396,10.1856],[-83.9407,10.185],[-83.9417,10.1846],[-83.9423,10.1844],[-83.9433,10.1841],[-83.9441,10.1838],[-83.9451,10.1832],[-83.9458,10.1826],[-83.9465,10.1821],[-83.9471,10.1813],[-83.9477,10.1809],[-83.9483,10.1807],[-83.9488,10.1806],[-83.9495,10.1806],[-83.9505,10.1801],[-83.9514,10.1798],[-83.9519,10.1798],[-83.9527,10.1796],[-83.9534,10.1791],[-83.9538,10.1786],[-83.9543,10.1781],[-83.9549,10.1778],[-83.9557,10.1776],[-83.9566,10.1773],[-83.9571,10.1767],[-83.9576,10.1757],[-83.9581,10.1749],[-83.9586,10.1743],[-83.9593,10.1735],[-83.9602,10.1731],[-83.9612,10.1725],[-83.9622,10.1722],[-83.9631,10.1722],[-83.9638,10.1719],[-83.9645,10.1718],[-83.9653,10.1713],[-83.9657,10.1712],[-83.967,10.171],[-83.9679,10.1707],[-83.9687,10.1705],[-83.9698,10.17],[-83.9709,10.1698],[-83.9719,10.1695],[-83.9727,10.1686],[-83.9733,10.1679],[-83.974,10.167],[-83.9745,10.1659],[-83.9744,10.1652],[-83.9741,10.1651],[-83.9739,10.1643],[-83.9741,10.1629],[-83.9749,10.1616],[-83.9749,10.1606],[-83.9749,10.16],[-83.9756,10.1591],[-83.9761,10.1587],[-83.9765,10.1582],[-83.9766,10.1577],[-83.9763,10.1572],[-83.9763,10.1557],[-83.9764,10.1548],[-83.977,10.1539],[-83.9783,10.1527],[-83.9792,10.1506],[-83.9794,10.1496],[-83.9793,10.1487],[-83.9788,10.1481],[-83.9786,10.1474],[-83.9785,10.1463],[-83.9784,10.1449],[-83.9788,10.1429],[-83.9788,10.142],[-83.9787,10.1414],[-83.9784,10.1403],[-83.9782,10.1398],[-83.9783,10.1384],[-83.9784,10.1371],[-83.9785,10.136],[-83.9786,10.1354],[-83.9784,10.1348],[-83.9781,10.1341],[-83.9774,10.1333],[-83.9772,10.1329],[-83.9772,10.1326],[-83.9774,10.1314],[-83.9775,10.1302],[-83.9777,10.1295],[-83.9778,10.1283],[-83.9785,10.1266],[-83.9796,10.1252],[-83.9801,10.1246],[-83.9805,10.1238],[-83.9805,10.1227],[-83.98,10.1216],[-83.9799,10.1209],[-83.9799,10.12],[-83.9804,10.119],[-83.9807,10.1186],[-83.9807,10.1182],[-83.9803,10.1176],[-83.9802,10.1173],[-83.9804,10.1167],[-83.9805,10.1164],[-83.9802,10.116],[-83.9795,10.116],[-83.979,10.1157],[-83.9788,10.1152],[-83.9788,10.1148],[-83.9793,10.1134],[-83.9793,10.1125],[-83.9791,10.1119],[-83.9792,10.1113],[-83.9797,10.1107],[-83.9799,10.1102],[-83.9798,10.1099],[-83.9794,10.1092],[-83.9792,10.1086],[-83.9792,10.1082],[-83.9795,10.1076],[-83.9804,10.1068],[-83.9805,10.1063],[-83.9803,10.1057],[-83.9799,10.1048],[-83.9797,10.1041],[-83.9799,10.1031],[-83.9801,10.1025],[-83.9805,10.1024],[-83.9807,10.1023],[-83.9821,10.1028],[-83.9825,10.1027],[-83.9831,10.102],[-83.9838,10.1017],[-83.9844,10.1011],[-83.9846,10.1005],[-83.9846,10.1],[-83.9847,10.0987],[-83.985,10.0977],[-83.9855,10.0972],[-83.9864,10.0969],[-83.9869,10.0963],[-83.9873,10.0958],[-83.988,10.0952],[-83.9885,10.0946],[-83.9892,10.0942],[-83.9906,10.0941],[-83.9914,10.0941],[-83.9919,10.0942],[-83.9927,10.0947],[-83.9935,10.0953],[-83.9942,10.0954],[-83.9955,10.095],[-83.9968,10.0945],[-83.9975,10.0941],[-83.9981,10.0937],[-83.9984,10.0934],[-83.9989,10.093],[-83.9995,10.0923],[-84,10.0921],[-84.0002,10.092],[-84.0005,10.092],[-84.0007,10.0921],[-84.0012,10.0922],[-84.0015,10.0922],[-84.0018,10.0921],[-84.0022,10.0916],[-84.0025,10.0911],[-84.0028,10.0907],[-84.003,10.0905],[-84.0034,10.0903],[-84.0039,10.0901],[-84.0042,10.0898],[-84.0044,10.0897],[-84.0046,10.0896],[-84.0048,10.0893],[-84.0048,10.089],[-84.0047,10.0887],[-84.0046,10.0884],[-84.0047,10.0881],[-84.0049,10.0879],[-84.0051,10.0874],[-84.0052,10.0869],[-84.0054,10.0867],[-84.0055,10.0865],[-84.0057,10.0862],[-84.0062,10.086],[-84.0066,10.0856],[-84.007,10.0854],[-84.0073,10.0852],[-84.0077,10.0849],[-84.0084,10.0845],[-84.009,10.0842],[-84.0093,10.084],[-84.0096,10.0837],[-84.0099,10.0835],[-84.0101,10.0833],[-84.0103,10.0831],[-84.0109,10.0829],[-84.0113,10.0828],[-84.0115,10.0825],[-84.0117,10.0824],[-84.012,10.0823],[-84.0123,10.0822],[-84.0125,10.0822],[-84.0126,10.0821],[-84.013,10.0819],[-84.0133,10.0818],[-84.0136,10.0817],[-84.0139,10.0817],[-84.0141,10.0816],[-84.0142,10.0816],[-84.0143,10.0814],[-84.0145,10.0812],[-84.0147,10.0806],[-84.0149,10.0801],[-84.0151,10.0798],[-84.0153,10.0797],[-84.0154,10.0796],[-84.0156,10.0795],[-84.0158,10.0794],[-84.0161,10.0795],[-84.0164,10.0795],[-84.0166,10.0796],[-84.0173,10.0799],[-84.0176,10.08],[-84.0185,10.0803],[-84.0189,10.0805],[-84.0193,10.0807],[-84.0195,10.0809],[-84.0197,10.0811],[-84.02,10.0815],[-84.0202,10.0817],[-84.0204,10.0818],[-84.0209,10.082],[-84.0213,10.0821],[-84.0217,10.0822],[-84.0227,10.0825],[-84.0232,10.0826],[-84.0236,10.0826],[-84.024,10.0827],[-84.0249,10.0827],[-84.0251,10.0827],[-84.0257,10.0826],[-84.0261,10.0827],[-84.0265,10.0827],[-84.0271,10.0829],[-84.0273,10.0829],[-84.0275,10.083],[-84.0278,10.083],[-84.0281,10.083],[-84.0283,10.0829],[-84.0283,10.0823],[-84.0283,10.0601],[-84.0239,10.0636],[-84.0217,10.0606],[-84.0134,10.0563],[-84.0072,10.0583],[-84.0005,10.0561],[-83.9934,10.0595],[-83.9838,10.066],[-83.9812,10.0635],[-83.9832,10.0596],[-83.9863,10.0592],[-83.9873,10.047],[-83.9895,10.0359],[-83.9885,10.031],[-83.9936,10.0211],[-83.9985,10.021],[-84.0023,10.019],[-84.0027,10.0025],[-84.0092,10.0013],[-84.0158,9.9944],[-84.0233,9.9887],[-84.0213,9.9855],[-84.0232,9.9815],[-84.0224,9.9771],[-84.0335,9.9711],[-84.0314,9.9686],[-84.0246,9.9671],[-84.0212,9.9666],[-84.0107,9.9702],[-83.9981,9.9682],[-83.9918,9.9681],[-83.9886,9.9708],[-83.9749,9.9703],[-83.9666,9.9684],[-83.9628,9.9694],[-83.9557,9.9675],[-83.9495,9.9644],[-83.9431,9.9672],[-83.9368,9.9675],[-83.9315,9.9657],[-83.9198,9.9697],[-83.9086,9.9698],[-83.9047,9.9757],[-83.8872,9.9701],[-83.8789,9.9709],[-83.872,9.9698],[-83.8679,9.9712],[-83.8594,9.9719],[-83.8591,9.9788],[-83.8662,9.9865],[-83.869,9.9963],[-83.867,10.0031],[-83.8725,10.0148],[-83.8755,10.017],[-83.8772,10.0231],[-83.8755,10.0276],[-83.8752,10.0345],[-83.8787,10.0374],[-83.8816,10.0446],[-83.8866,10.0494],[-83.889,10.0542],[-83.8954,10.0609],[-83.9108,10.0708],[-83.9124,10.0733],[-83.9203,10.0757],[-83.9317,10.0837],[-83.9325,10.0986],[-83.9344,10.1004],[-83.9377,10.1102],[-83.9382,10.125],[-83.9415,10.1297],[-83.9415,10.1327],[-83.9461,10.1418],[-83.947,10.1473]]]},"properties":{"Codigo":"111","Canton":"VAZQUEZ DE CORONADO","Provincia":"SAN JOSE"}},
{"type":"Feature","geometry":{"type":"Polygon","coordinates":[[[-84.1459,9.8597],[-84.1511,9.8574],[-84.1574,9.8611],[-84.1645,9.8614],[-84.171,9.8578],[-84.19,9.8412],[-84.1975,9.839],[-84.1994,9.8407],[-84.2156,9.8414],[-84.2197,9.8381],[-84.2235,9.8319],[-84.2214,9.8147],[-84.2245,9.8105],[-84.2286,9.8108],[-84.2367,9.8084],[-84.2406,9.8109],[-84.2439,9.8093],[-84.253,9.8117],[-84.2634,9.8091],[-84.2675,9.8042],[-84.267,9.7971],[-84.2711,9.7865],[-84.277,9.7808],[-84.2837,9.7797],[-84.2855,9.7777],[-84.2916,9.7794],[-84.3018,9.7774],[-84.309,9.7804],[-84.3115,9.7782],[-84.3178,9.7785],[-84.3231,9.7741],[-84.3231,9.7704],[-84.3291,9.765],[-84.333,9.7649],[-84.3371,9.7585],[-84.3385,9.7499],[-84.341,9.7485],[-84.3416,9.7415],[-84.3391,9.7398],[-84.3364,9.7336],[-84.3319,9.728],[-84.3332,9.724],[-84.3282,9.7148],[-84.3291,9.7116],[-84.3231,9.7076],[-84.322,9.7035],[-84.3184,9.7044],[-84.3153,9.7005],[-84.3103,9.6985],[-84.3069,9.6837],[-84.3042,9.6824],[-84.2975,9.6749],[-84.2972,9.6707],[-84.3013,9.6684],[-84.2997,9.6629],[-84.3047,9.6583],[-84.3053,9.6515],[-84.3036,9.6499],[-84.3031,9.6492],[-84.3024,9.6489],[-84.3021,9.6487],[-84.3015,9.6485],[-84.3011,9.648],[-84.3004,9.6477],[-84.2994,9.6474],[-84.2986,9.6476],[-84.2981,9.6478],[-84.2976,9.6479],[-84.2972,9.6479],[-84.2961,9.6475],[-84.2955,9.6471],[-84.2951,9.6467],[-84.2949,9.6463],[-84.295,9.6459],[-84.2954,9.6454],[-84.2955,9.645],[-84.2956,9.6439],[-84.2953,9.6435],[-84.2952,9.643],[-84.295,9.6425],[-84.295,9.6423],[-84.2953,9.6416],[-84.2957,9.641],[-84.296,9.6402],[-84.2961,9.6395],[-84.2961,9.6386],[-84.296,9.6376],[-84.296,9.6366],[-84.2961,9.636],[-84.2961,9.6354],[-84.2964,9.6351],[-84.297,9.6349],[-84.2971,9.6346],[-84.297,9.6345],[-84.2965,9.6345],[-84.2961,9.6346],[-84.2959,9.6348],[-84.2956,9.6348],[-84.2954,9.6346],[-84.2956,9.6343],[-84.2956,9.634],[-84.2955,9.6338],[-84.2954,9.6338],[-84.2952,9.6339],[-84.295,9.6343],[-84.2949,9.6345],[-84.2946,9.6345],[-84.2945,9.6347],[-84.2942,9.6349],[-84.2939,9.6351],[-84.2935,9.635],[-84.2931,9.635],[-84.2928,9.6348],[-84.2927,9.6346],[-84.2928,9.6342],[-84.2929,9.6341],[-84.2928,9.634],[-84.2924,9.6342],[-84.2922,9.6344],[-84.292,9.6344],[-84.2918,9.6346],[-84.2918,9.6349],[-84.2917,9.6351],[-84.2915,9.6351],[-84.2911,9.6351],[-84.2908,9.6354],[-84.2904,9.6356],[-84.2901,9.636],[-84.2901,9.6362],[-84.29,9.6365],[-84.2899,9.6368],[-84.2895,9.6371],[-84.2893,9.6374],[-84.2891,9.6377],[-84.289,9.6379],[-84.2886,9.638],[-84.2884,9.6381],[-84.2882,9.6381],[-84.2881,9.6378],[-84.2879,9.6377],[-84.2876,9.6376],[-84.2873,9.6375],[-84.2871,9.6374],[-84.2869,9.6373],[-84.2868,9.6371],[-84.2866,9.6371],[-84.2865,9.6368],[-84.2866,9.6366],[-84.2864,9.6363],[-84.2864,9.6361],[-84.2864,9.6359],[-84.2865,9.6357],[-84.2865,9.6354],[-84.2863,9.6353],[-84.2861,9.6352],[-84.2859,9.6351],[-84.2857,9.6348],[-84.2856,9.6342],[-84.2853,9.634],[-84.2851,9.6336],[-84.2851,9.6333],[-84.2853,9.6333],[-84.2854,9.6334],[-84.2856,9.6335],[-84.2857,9.6333],[-84.2858,9.6331],[-84.2859,9.6327],[-84.286,9.6323],[-84.2858,9.6321],[-84.2855,9.6317],[-84.2851,9.6311],[-84.2851,9.6307],[-84.2849,9.6302],[-84.2844,9.6298],[-84.284,9.6296],[-84.2836,9.6297],[-84.2833,9.6296],[-84.283,9.6294],[-84.2828,9.6294],[-84.2825,9.6293],[-84.2821,9.6293],[-84.2818,9.6293],[-84.2816,9.6293],[-84.2812,9.6295],[-84.281,9.6295],[-84.2807,9.6293],[-84.2803,9.6293],[-84.2799,9.6294],[-84.2798,9.6294],[-84.2795,9.6294],[-84.2794,9.6292],[-84.2793,9.6291],[-84.2791,9.629],[-84.279,9.629],[-84.2786,9.629],[-84.2784,9.6291],[-84.2781,9.6292],[-84.2779,9.6293],[-84.2777,9.6293],[-84.2775,9.6295],[-84.2774,9.6297],[-84.2772,9.6298],[-84.277,9.63],[-84.2768,9.63],[-84.2767,9.6302],[-84.2766,9.6303],[-84.2763,9.6305],[-84.2761,9.6306],[-84.2759,9.6307],[-84.2756,9.6308],[-84.2752,9.6307],[-84.275,9.6308],[-84.2748,9.6309],[-84.2744,9.6307],[-84.2743,9.6307],[-84.2737,9.6306],[-84.2732,9.6304],[-84.2731,9.6305],[-84.2728,9.6305],[-84.2728,9.6307],[-84.2725,9.6307],[-84.2722,9.6307],[-84.2721,9.6307],[-84.272,9.6307],[-84.2718,9.6307],[-84.2715,9.6307],[-84.2715,9.631],[-84.2714,9.6312],[-84.2711,9.6314],[-84.271,9.6314],[-84.2708,9.6314],[-84.2703,9.6314],[-84.27,9.6312],[-84.2697,9.631],[-84.2694,9.631],[-84.2687,9.631],[-84.2682,9.631],[-84.2675,9.6309],[-84.2667,9.6309],[-84.2664,9.6308],[-84.266,9.6308],[-84.2653,9.6307],[-84.265,9.6306],[-84.2646,9.6304],[-84.2643,9.6302],[-84.2637,9.6301],[-84.2634,9.63],[-84.2631,9.6298],[-84.2629,9.6296],[-84.2627,9.6292],[-84.2627,9.629],[-84.2628,9.6288],[-84.2629,9.6284],[-84.2628,9.6282],[-84.2627,9.6279],[-84.2625,9.6278],[-84.2622,9.6277],[-84.2619,9.6278],[-84.2617,9.6279],[-84.2614,9.6279],[-84.2611,9.628],[-84.2608,9.6281],[-84.2606,9.6281],[-84.2604,9.628],[-84.2602,9.6277],[-84.2601,9.6276],[-84.2599,9.6276],[-84.2596,9.6275],[-84.2594,9.6273],[-84.2593,9.627],[-84.2591,9.6272],[-84.2589,9.6273],[-84.2585,9.6276],[-84.2581,9.6279],[-84.2578,9.628],[-84.2576,9.6281],[-84.2572,9.6281],[-84.2568,9.628],[-84.2563,9.6278],[-84.2559,9.6277],[-84.255,9.6276],[-84.2542,9.6276],[-84.2534,9.6276],[-84.2527,9.6276],[-84.2518,9.6276],[-84.2509,9.6276],[-84.2502,9.6276],[-84.25,9.6276],[-84.2493,9.6276],[-84.2484,9.6276],[-84.2481,9.6274],[-84.2475,9.6273],[-84.2469,9.6272],[-84.2464,9.6271],[-84.2455,9.6263],[-84.2448,9.6252],[-84.2442,9.6244],[-84.2438,9.6239],[-84.2435,9.6236],[-84.2428,9.6233],[-84.2423,9.6232],[-84.2415,9.6233],[-84.2409,9.6233],[-84.2402,9.6234],[-84.2397,9.6233],[-84.2393,9.6231],[-84.239,9.6228],[-84.2387,9.6226],[-84.2383,9.6225],[-84.2381,9.6227],[-84.2374,9.6231],[-84.2368,9.6232],[-84.2363,9.6233],[-84.2359,9.6235],[-84.2351,9.6239],[-84.2342,9.6243],[-84.2339,9.6245],[-84.2331,9.6247],[-84.2326,9.6248],[-84.2322,9.625],[-84.2315,9.6253],[-84.2311,9.6256],[-84.2307,9.626],[-84.2307,9.6264],[-84.23,9.6272],[-84.2295,9.6274],[-84.2286,9.6278],[-84.2279,9.628],[-84.2268,9.6282],[-84.2254,9.6281],[-84.2228,9.6337],[-84.2158,9.6409],[-84.2178,9.6441],[-84.2118,9.6475],[-84.2114,9.6508],[-84.2142,9.6541],[-84.2097,9.6568],[-84.207,9.6618],[-84.2082,9.6657],[-84.2061,9.6717],[-84.2067,9.6755],[-84.2046,9.6809],[-84.1994,9.6855],[-84.1893,9.688],[-84.1845,9.6904],[-84.1728,9.6993],[-84.1699,9.7044],[-84.1687,9.7125],[-84.1586,9.7097],[-84.1508,9.7215],[-84.1446,9.7233],[-84.1387,9.7224],[-84.1337,9.7294],[-84.1363,9.7343],[-84.1398,9.7366],[-84.1478,9.7472],[-84.1531,9.7525],[-84.1574,9.7596],[-84.1613,9.7611],[-84.1628,9.7649],[-84.1622,9.7765],[-84.1572,9.7774],[-84.1541,9.7808],[-84.1486,9.7799],[-84.1443,9.7823],[-84.1483,9.7863],[-84.1424,9.7912],[-84.1409,9.7982],[-84.1343,9.8],[-84.1328,9.8086],[-84.1394,9.8124],[-84.1414,9.8157],[-84.1397,9.8201],[-84.1416,9.8259],[-84.1401,9.8292],[-84.1356,9.8332],[-84.1378,9.8398],[-84.1351,9.8477],[-84.1389,9.8486],[-84.1459,9.8597]]]},"properties":{"Canton":"ACOSTA","Provincia":"SAN JOSE","Codigo":"112"}},
{"type":"Feature","geometry":{"type":"Polygon","coordinates":[[[-84.0551,9.9727],[-84.0579,9.969],[-84.0672,9.9671],[-84.0705,9.9687],[-84.0774,9.9682],[-84.0835,9.9705],[-84.0862,9.9667],[-84.0951,9.9627],[-84.1064,9.9634],[-84.1072,9.9603],[-84.1044,9.9571],[-84.1009,9.958],[-84.0973,9.9556],[-84.0968,9.9518],[-84.0886,9.9495],[-84.089,9.9464],[-84.0828,9.9458],[-84.082,9.9412],[-84.0784,9.9415],[-84.0774,9.9496],[-84.066,9.9547],[-84.056,9.9689],[-84.0551,9.9727]]]},"properties":{"Canton":"TIBAS","Provincia":"SAN JOSE","Codigo":"113"}},
{"type":"Feature","geometry":{"type":"Polygon","coordinates":[[[-84.0246,9.9671],[-84.0314,9.9686],[-84.0335,9.9711],[-84.0224,9.9771],[-84.0232,9.9815],[-84.0213,9.9855],[-84.0233,9.9887],[-84.0158,9.9944],[-84.0092,10.0013],[-84.0027,10.0025],[-84.0023,10.019],[-83.9985,10.021],[-83.9936,10.0211],[-83.9885,10.031],[-83.9895,10.0359],[-83.9873,10.047],[-83.9863,10.0592],[-83.9832,10.0596],[-83.9812,10.0635],[-83.9838,10.066],[-83.9934,10.0595],[-84.0005,10.0561],[-84.0072,10.0583],[-84.0134,10.0563],[-84.0217,10.0606],[-84.0239,10.0636],[-84.0283,10.0601],[-84.0206,10.0527],[-84.0158,10.05],[-84.0125,10.0395],[-84.0101,10.0369],[-84.0111,10.0256],[-84.0126,10.0215],[-84.0176,10.0201],[-84.0231,10.0139],[-84.0255,9.9925],[-84.0346,9.991],[-84.0424,9.9863],[-84.0441,9.981],[-84.0481,9.9765],[-84.0551,9.9727],[-84.056,9.9689],[-84.066,9.9547],[-84.0572,9.9528],[-84.0512,9.9532],[-84.0437,9.9562],[-84.0389,9.9615],[-84.0333,9.9645],[-84.0246,9.9671]]]},"properties":{"Canton":"MORAVIA","Provincia":"SAN JOSE","Codigo":"114"}},
{"type":"Feature","geometry":{"type":"Polygon","coordinates":[[[-83.9565,9.9496],[-83.9582,9.956],[-83.9625,9.9532],[-83.9726,9.9519],[-83.9781,9.9539],[-83.9879,9.9536],[-83.9912,9.9513],[-83.9924,9.9578],[-84.0021,9.9514],[-84.0078,9.9494],[-84.01,9.947],[-84.0156,9.9458],[-84.0239,9.9459],[-84.0315,9.9474],[-84.0406,9.9518],[-84.0491,9.9453],[-84.0489,9.9432],[-84.0606,9.9405],[-84.0615,9.932],[-84.0608,9.9278],[-84.0515,9.9253],[-84.0465,9.9253],[-84.0435,9.9298],[-84.0318,9.9302],[-84.0258,9.9352],[-84.0186,9.9388],[-84.0078,9.9383],[-84.0053,9.9409],[-83.9693,9.9437],[-83.9635,9.9503],[-83.9565,9.9496]]]},"properties":{"Provincia":"SAN JOSE","Canton":"MONTES DE OCA","Codigo":"115"}},
{"type":"Feature","geometry":{"type":"Polygon","coordinates":[[[-84.4143,9.9233],[-84.4211,9.9203],[-84.4245,9.9254],[-84.4353,9.921],[-84.442,9.9224],[-84.4614,9.9213],[-84.4622,9.9242],[-84.4649,9.9229],[-84.4677,9.9166],[-84.4751,9.9159],[-84.4827,9.9105],[-84.4945,9.9073],[-84.4996,9.9095],[-84.501,9.9009],[-84.5052,9.8913],[-84.5133,9.8929],[-84.5166,9.8881],[-84.5241,9.8855],[-84.5283,9.8773],[-84.5331,9.8783],[-84.5372,9.8732],[-84.5408,9.8762],[-84.5437,9.873],[-84.5416,9.8702],[-84.5392,9.8613],[-84.5475,9.8629],[-84.5467,9.8501],[-84.5489,9.8476],[-84.5559,9.8485],[-84.5586,9.8436],[-84.563,9.8419],[-84.5633,9.8411],[-84.5638,9.8391],[-84.5637,9.8388],[-84.5625,9.8384],[-84.5612,9.8378],[-84.56,9.8369],[-84.5597,9.8355],[-84.5597,9.834],[-84.5605,9.8325],[-84.5614,9.8319],[-84.562,9.8314],[-84.5627,9.8307],[-84.564,9.8301],[-84.5653,9.8295],[-84.5659,9.8289],[-84.5668,9.8278],[-84.5675,9.827],[-84.568,9.8268],[-84.5687,9.8269],[-84.5691,9.8273],[-84.5694,9.828],[-84.5699,9.8288],[-84.5705,9.8294],[-84.5709,9.8295],[-84.5714,9.8295],[-84.5722,9.829],[-84.5742,9.8279],[-84.5773,9.8267],[-84.5788,9.8259],[-84.5804,9.8251],[-84.5815,9.8242],[-84.5823,9.823],[-84.5826,9.8215],[-84.5826,9.8202],[-84.5828,9.8184],[-84.5828,9.8173],[-84.5825,9.8161],[-84.5818,9.8147],[-84.5805,9.8133],[-84.5799,9.8121],[-84.58,9.8112],[-84.5804,9.81],[-84.5817,9.8084],[-84.5826,9.8068],[-84.583,9.8061],[-84.5818,9.8064],[-84.5812,9.8065],[-84.5806,9.8067],[-84.5799,9.8069],[-84.5794,9.8071],[-84.579,9.8074],[-84.5789,9.8079],[-84.5788,9.8086],[-84.5785,9.8088],[-84.578,9.8091],[-84.5773,9.8091],[-84.577,9.8091],[-84.5765,9.8088],[-84.5759,9.8087],[-84.5755,9.8087],[-84.5752,9.8088],[-84.5748,9.8092],[-84.5747,9.8099],[-84.5745,9.8099],[-84.5739,9.8099],[-84.5732,9.8098],[-84.5725,9.8096],[-84.5718,9.8091],[-84.5713,9.8089],[-84.5706,9.8089],[-84.5701,9.809],[-84.5697,9.8093],[-84.5693,9.8096],[-84.5689,9.8101],[-84.5685,9.8103],[-84.568,9.8103],[-84.5676,9.81],[-84.5671,9.809],[-84.5669,9.8078],[-84.567,9.8073],[-84.5675,9.8066],[-84.5677,9.8062],[-84.5676,9.8053],[-84.5673,9.8046],[-84.5668,9.8038],[-84.5661,9.8029],[-84.5655,9.8024],[-84.5651,9.8014],[-84.5647,9.8002],[-84.5643,9.799],[-84.5638,9.7982],[-84.563,9.797],[-84.5622,9.796],[-84.5618,9.7953],[-84.5615,9.7946],[-84.5612,9.7942],[-84.5609,9.7936],[-84.5608,9.793],[-84.5611,9.7927],[-84.5616,9.7928],[-84.5622,9.793],[-84.5627,9.7929],[-84.563,9.7928],[-84.563,9.7925],[-84.5626,9.7921],[-84.5619,9.7917],[-84.5616,9.7912],[-84.5618,9.7902],[-84.5616,9.7901],[-84.5614,9.79],[-84.561,9.7899],[-84.5608,9.7898],[-84.5604,9.7897],[-84.5599,9.7897],[-84.5591,9.7898],[-84.5585,9.7898],[-84.5583,9.7894],[-84.558,9.7889],[-84.5575,9.7883],[-84.5574,9.788],[-84.5574,9.7877],[-84.5577,9.7874],[-84.5583,9.7872],[-84.5585,9.7871],[-84.5586,9.7868],[-84.5583,9.7862],[-84.5578,9.7857],[-84.5577,9.7852],[-84.558,9.7845],[-84.5581,9.7841],[-84.5578,9.7838],[-84.5572,9.7834],[-84.5566,9.783],[-84.5564,9.7826],[-84.5559,9.7825],[-84.5554,9.7825],[-84.5551,9.7824],[-84.5546,9.7823],[-84.554,9.782],[-84.5536,9.7818],[-84.553,9.7817],[-84.5528,9.7815],[-84.5526,9.7809],[-84.5524,9.7801],[-84.552,9.7798],[-84.5517,9.7799],[-84.5512,9.7802],[-84.5507,9.7804],[-84.5501,9.7802],[-84.55,9.7796],[-84.5504,9.7787],[-84.5505,9.7783],[-84.5502,9.778],[-84.5499,9.7779],[-84.5492,9.778],[-84.5483,9.7784],[-84.5475,9.779],[-84.5475,9.7793],[-84.5476,9.7795],[-84.5477,9.7796],[-84.5475,9.7798],[-84.5468,9.7798],[-84.5463,9.7801],[-84.5457,9.7804],[-84.5451,9.7811],[-84.5446,9.7818],[-84.544,9.7821],[-84.5434,9.7821],[-84.5432,9.7819],[-84.5434,9.7816],[-84.5433,9.7814],[-84.5431,9.7813],[-84.5426,9.7813],[-84.5419,9.7817],[-84.5414,9.7816],[-84.541,9.7815],[-84.541,9.781],[-84.541,9.7802],[-84.5408,9.7799],[-84.5399,9.7794],[-84.5395,9.7789],[-84.5393,9.7782],[-84.5391,9.7776],[-84.5388,9.7771],[-84.5389,9.7767],[-84.5393,9.7764],[-84.5399,9.7761],[-84.5403,9.7754],[-84.5408,9.7747],[-84.5416,9.7733],[-84.5422,9.7728],[-84.5426,9.7722],[-84.5429,9.772],[-84.5433,9.7718],[-84.5437,9.7716],[-84.544,9.771],[-84.5442,9.7704],[-84.5445,9.7694],[-84.545,9.7688],[-84.5456,9.7686],[-84.5461,9.7686],[-84.5465,9.7684],[-84.5468,9.7676],[-84.5473,9.7672],[-84.5475,9.7666],[-84.5478,9.7661],[-84.5483,9.7657],[-84.5491,9.7652],[-84.5495,9.7646],[-84.5497,9.7629],[-84.55,9.762],[-84.5504,9.7601],[-84.5509,9.7587],[-84.5512,9.7576],[-84.552,9.757],[-84.5533,9.7562],[-84.5543,9.7558],[-84.5559,9.7561],[-84.5579,9.7566],[-84.5604,9.7571],[-84.5635,9.758],[-84.5659,9.7587],[-84.5658,9.7581],[-84.566,9.7568],[-84.5659,9.756],[-84.5656,9.755],[-84.5656,9.7542],[-84.5657,9.753],[-84.5656,9.7522],[-84.5656,9.7512],[-84.5658,9.7509],[-84.5661,9.75],[-84.5666,9.7486],[-84.5665,9.7479],[-84.5662,9.7473],[-84.5661,9.747],[-84.5668,9.7466],[-84.5668,9.7463],[-84.5668,9.746],[-84.5672,9.7457],[-84.5679,9.7454],[-84.5682,9.7448],[-84.5686,9.7442],[-84.5686,9.7439],[-84.5683,9.7433],[-84.5685,9.7431],[-84.5688,9.7429],[-84.569,9.7431],[-84.5692,9.7433],[-84.5695,9.7433],[-84.5697,9.743],[-84.5697,9.7427],[-84.5695,9.7423],[-84.5694,9.7419],[-84.5696,9.7418],[-84.5697,9.7418],[-84.5699,9.7421],[-84.5701,9.7421],[-84.5703,9.7421],[-84.5706,9.7419],[-84.5709,9.7417],[-84.5712,9.7413],[-84.5712,9.7407],[-84.5713,9.7405],[-84.5718,9.7405],[-84.5719,9.7403],[-84.5717,9.74],[-84.5716,9.7397],[-84.5718,9.7394],[-84.5721,9.7393],[-84.5725,9.7393],[-84.5726,9.7391],[-84.5726,9.7386],[-84.5728,9.7382],[-84.5731,9.7381],[-84.5734,9.7382],[-84.5736,9.7384],[-84.5737,9.7387],[-84.574,9.7391],[-84.5743,9.7392],[-84.5747,9.739],[-84.5749,9.7391],[-84.5752,9.7395],[-84.5751,9.7401],[-84.5749,9.7405],[-84.5749,9.7407],[-84.5753,9.7408],[-84.5755,9.7407],[-84.5759,9.74],[-84.5761,9.74],[-84.5762,9.7403],[-84.5764,9.7406],[-84.5765,9.7405],[-84.5766,9.74],[-84.5769,9.7398],[-84.5773,9.7399],[-84.5774,9.7402],[-84.5773,9.7407],[-84.5772,9.7411],[-84.5772,9.7415],[-84.5775,9.7417],[-84.5779,9.7419],[-84.5783,9.7419],[-84.579,9.7414],[-84.5796,9.7414],[-84.5803,9.7416],[-84.5808,9.7417],[-84.5814,9.7416],[-84.5822,9.7413],[-84.583,9.7411],[-84.5833,9.7411],[-84.5838,9.7414],[-84.5841,9.7418],[-84.5844,9.7419],[-84.5846,9.7418],[-84.5847,9.7415],[-84.5849,9.7413],[-84.5851,9.7414],[-84.5852,9.7416],[-84.5854,9.7422],[-84.5857,9.7426],[-84.586,9.7428],[-84.5866,9.743],[-84.5873,9.7431],[-84.5883,9.7433],[-84.5893,9.7436],[-84.5903,9.744],[-84.5907,9.744],[-84.5913,9.7439],[-84.5921,9.7435],[-84.5927,9.7433],[-84.5922,9.7427],[-84.5919,9.742],[-84.5919,9.7412],[-84.5919,9.7399],[-84.592,9.7387],[-84.5919,9.7373],[-84.592,9.7367],[-84.592,9.736],[-84.5917,9.7355],[-84.5915,9.7349],[-84.5913,9.7345],[-84.5909,9.7339],[-84.5905,9.7333],[-84.59,9.7328],[-84.5897,9.7324],[-84.5897,9.7317],[-84.5901,9.731],[-84.5905,9.7306],[-84.5904,9.7301],[-84.5903,9.7293],[-84.59,9.728],[-84.59,9.7272],[-84.5899,9.7264],[-84.5895,9.7254],[-84.5895,9.7241],[-84.5894,9.7233],[-84.589,9.7228],[-84.5886,9.7224],[-84.5886,9.7217],[-84.5886,9.721],[-84.5884,9.7203],[-84.5879,9.7194],[-84.5871,9.719],[-84.5874,9.7186],[-84.5867,9.7182],[-84.5864,9.7176],[-84.5867,9.7171],[-84.5867,9.7169],[-84.5863,9.7167],[-84.5859,9.7167],[-84.5858,9.7164],[-84.5859,9.7162],[-84.5864,9.7159],[-84.5865,9.7158],[-84.5863,9.7156],[-84.5857,9.7151],[-84.5855,9.7149],[-84.5854,9.7142],[-84.5851,9.7139],[-84.5848,9.7134],[-84.5848,9.7128],[-84.5845,9.7125],[-84.5839,9.7116],[-84.5834,9.711],[-84.5833,9.71],[-84.5833,9.7093],[-84.5832,9.7083],[-84.583,9.7059],[-84.5831,9.7045],[-84.5835,9.704],[-84.5839,9.7031],[-84.5844,9.7023],[-84.5846,9.702],[-84.5846,9.7018],[-84.5845,9.7011],[-84.5846,9.7004],[-84.5845,9.7],[-84.5842,9.6994],[-84.5841,9.6991],[-84.5841,9.6989],[-84.5845,9.6984],[-84.5848,9.6979],[-84.5848,9.6974],[-84.5846,9.696],[-84.5845,9.6947],[-84.5847,9.6938],[-84.5847,9.6934],[-84.5846,9.693],[-84.5844,9.6926],[-84.5845,9.6922],[-84.5846,9.6912],[-84.5846,9.6909],[-84.5842,9.6907],[-84.5835,9.6904],[-84.583,9.69],[-84.5827,9.6894],[-84.5829,9.6888],[-84.5835,9.6874],[-84.5838,9.6867],[-84.5836,9.6858],[-84.5838,9.6853],[-84.5843,9.6844],[-84.5849,9.6842],[-84.5855,9.6839],[-84.5855,9.6837],[-84.5854,9.6835],[-84.5849,9.6835],[-84.5845,9.6833],[-84.584,9.6825],[-84.5836,9.6818],[-84.5836,9.6814],[-84.5835,9.681],[-84.5829,9.6804],[-84.5832,9.6798],[-84.5831,9.6791],[-84.5833,9.6787],[-84.5835,9.678],[-84.5832,9.6777],[-84.5831,9.6773],[-84.5829,9.6767],[-84.5826,9.6764],[-84.5821,9.6753],[-84.5818,9.6747],[-84.5814,9.674],[-84.5805,9.6728],[-84.5801,9.6719],[-84.58,9.6712],[-84.5801,9.6694],[-84.5805,9.668],[-84.5808,9.6666],[-84.5807,9.6655],[-84.5806,9.6653],[-84.58,9.6648],[-84.5797,9.6638],[-84.5796,9.6637],[-84.5796,9.6636],[-84.5794,9.6635],[-84.5792,9.6634],[-84.579,9.6633],[-84.5788,9.6632],[-84.5787,9.6631],[-84.5786,9.663],[-84.5785,9.6628],[-84.5784,9.6626],[-84.5783,9.6622],[-84.5781,9.6618],[-84.5778,9.6612],[-84.5775,9.6605],[-84.5773,9.6603],[-84.5772,9.6601],[-84.577,9.6599],[-84.5768,9.6598],[-84.5766,9.6597],[-84.5764,9.6594],[-84.5763,9.6593],[-84.5761,9.6591],[-84.5759,9.6587],[-84.5758,9.6585],[-84.5756,9.6582],[-84.5753,9.6579],[-84.5751,9.6576],[-84.5749,9.6574],[-84.5748,9.6573],[-84.5744,9.6568],[-84.574,9.6563],[-84.5736,9.6559],[-84.5733,9.6557],[-84.5731,9.6554],[-84.5728,9.655],[-84.5726,9.6547],[-84.5723,9.6542],[-84.5728,9.6536],[-84.5732,9.653],[-84.5738,9.6523],[-84.5738,9.6521],[-84.5739,9.652],[-84.5739,9.6518],[-84.5737,9.6514],[-84.5737,9.6508],[-84.5737,9.6504],[-84.5736,9.6497],[-84.5736,9.6496],[-84.5734,9.6494],[-84.5732,9.649],[-84.5728,9.6483],[-84.5728,9.6481],[-84.5728,9.6474],[-84.5727,9.6472],[-84.5726,9.6469],[-84.5722,9.6464],[-84.5721,9.6462],[-84.572,9.6459],[-84.572,9.6451],[-84.572,9.6444],[-84.5719,9.6441],[-84.5717,9.6437],[-84.5714,9.6434],[-84.5704,9.6424],[-84.5701,9.6423],[-84.5698,9.6422],[-84.5695,9.642],[-84.5691,9.6418],[-84.5689,9.6415],[-84.5687,9.6413],[-84.5686,9.6411],[-84.5684,9.6396],[-84.5683,9.6392],[-84.568,9.6386],[-84.5676,9.6383],[-84.5674,9.638],[-84.5672,9.6377],[-84.5664,9.6371],[-84.5662,9.6369],[-84.5659,9.6365],[-84.5656,9.636],[-84.5654,9.6356],[-84.5653,9.6351],[-84.5652,9.6347],[-84.5652,9.6334],[-84.5652,9.6332],[-84.5651,9.633],[-84.5649,9.6327],[-84.5644,9.6322],[-84.5637,9.6315],[-84.5636,9.6312],[-84.5636,9.631],[-84.5637,9.6307],[-84.564,9.6303],[-84.5645,9.6297],[-84.5646,9.6291],[-84.5647,9.6289],[-84.5647,9.6285],[-84.5645,9.6279],[-84.5644,9.6276],[-84.5641,9.6274],[-84.5638,9.6272],[-84.5629,9.627],[-84.5626,9.6269],[-84.5623,9.6267],[-84.562,9.6264],[-84.5617,9.6257],[-84.5614,9.625],[-84.5604,9.6251],[-84.56,9.6251],[-84.5594,9.6252],[-84.5586,9.6254],[-84.5575,9.6259],[-84.5561,9.6267],[-84.5557,9.6267],[-84.5555,9.6265],[-84.5552,9.6255],[-84.5548,9.624],[-84.5545,9.623],[-84.5543,9.6223],[-84.5539,9.6217],[-84.5533,9.6212],[-84.5518,9.6198],[-84.5513,9.6191],[-84.5509,9.6182],[-84.5506,9.6168],[-84.5505,9.6156],[-84.5504,9.615],[-84.55,9.6138],[-84.5499,9.6131],[-84.5499,9.6128],[-84.5501,9.6125],[-84.5502,9.612],[-84.5503,9.6116],[-84.5501,9.6112],[-84.5498,9.6108],[-84.5498,9.6105],[-84.5498,9.61],[-84.55,9.6086],[-84.5501,9.6081],[-84.5502,9.6072],[-84.5506,9.606],[-84.5512,9.6053],[-84.5515,9.6045],[-84.5517,9.6041],[-84.5518,9.6037],[-84.5517,9.6034],[-84.5515,9.603],[-84.5512,9.6027],[-84.5511,9.6024],[-84.5511,9.6021],[-84.5512,9.6008],[-84.5512,9.6001],[-84.5512,9.5996],[-84.5511,9.5993],[-84.551,9.599],[-84.5506,9.5984],[-84.5503,9.5979],[-84.5503,9.5976],[-84.5503,9.5966],[-84.5502,9.5957],[-84.55,9.5944],[-84.5496,9.5932],[-84.549,9.5922],[-84.5486,9.5917],[-84.548,9.5909],[-84.5476,9.5903],[-84.5473,9.5897],[-84.547,9.5891],[-84.5465,9.5884],[-84.5462,9.5877],[-84.546,9.5871],[-84.5455,9.5863],[-84.545,9.586],[-84.5446,9.5859],[-84.5441,9.5859],[-84.544,9.5858],[-84.5439,9.5856],[-84.5438,9.5851],[-84.5437,9.585],[-84.5436,9.5849],[-84.5434,9.585],[-84.5429,9.5857],[-84.5424,9.5861],[-84.5422,9.5862],[-84.5421,9.5861],[-84.542,9.586],[-84.542,9.5858],[-84.5421,9.5855],[-84.5421,9.5851],[-84.542,9.585],[-84.5417,9.5849],[-84.5414,9.5849],[-84.541,9.5851],[-84.5398,9.5859],[-84.5394,9.5861],[-84.5387,9.5861],[-84.5383,9.5858],[-84.538,9.5853],[-84.5377,9.5845],[-84.5362,9.5823],[-84.5354,9.5816],[-84.5353,9.5815],[-84.5351,9.5816],[-84.535,9.5817],[-84.5349,9.5825],[-84.5349,9.5828],[-84.5348,9.5829],[-84.5345,9.5829],[-84.5336,9.5821],[-84.5325,9.5813],[-84.532,9.5811],[-84.5309,9.5801],[-84.5305,9.5797],[-84.53,9.5795],[-84.5296,9.5794],[-84.5294,9.5793],[-84.5294,9.5792],[-84.5294,9.579],[-84.5297,9.5786],[-84.531,9.5774],[-84.5312,9.5769],[-84.5311,9.5765],[-84.5305,9.5759],[-84.5302,9.5757],[-84.5302,9.5755],[-84.5302,9.5749],[-84.5301,9.5746],[-84.5298,9.5748],[-84.5293,9.5751],[-84.5288,9.5754],[-84.5283,9.5757],[-84.5279,9.5758],[-84.5277,9.576],[-84.5274,9.576],[-84.5272,9.576],[-84.527,9.5758],[-84.5268,9.5753],[-84.5263,9.5748],[-84.5258,9.5744],[-84.5251,9.5742],[-84.5246,9.5742],[-84.524,9.5742],[-84.5236,9.5742],[-84.5234,9.5742],[-84.5231,9.5741],[-84.5227,9.574],[-84.5225,9.5739],[-84.5223,9.5737],[-84.522,9.5733],[-84.5216,9.5729],[-84.521,9.5726],[-84.5206,9.5726],[-84.5203,9.5725],[-84.52,9.5726],[-84.5197,9.5727],[-84.5191,9.5729],[-84.5187,9.5731],[-84.5184,9.5732],[-84.518,9.5733],[-84.5177,9.5733],[-84.5173,9.5732],[-84.5171,9.5732],[-84.5167,9.5731],[-84.5164,9.5729],[-84.5158,9.5727],[-84.5155,9.5725],[-84.5152,9.5724],[-84.5148,9.5724],[-84.5143,9.5724],[-84.5138,9.5725],[-84.5134,9.5726],[-84.513,9.5726],[-84.5127,9.5726],[-84.5118,9.5726],[-84.511,9.5725],[-84.5105,9.5723],[-84.5098,9.5719],[-84.5088,9.5714],[-84.5085,9.5712],[-84.508,9.5709],[-84.5076,9.5708],[-84.507,9.5708],[-84.5065,9.5709],[-84.5062,9.571],[-84.5057,9.5713],[-84.505,9.572],[-84.5042,9.5726],[-84.5039,9.5728],[-84.5034,9.5729],[-84.503,9.573],[-84.5026,9.5729],[-84.502,9.5726],[-84.5012,9.5722],[-84.5003,9.5719],[-84.4996,9.5718],[-84.4994,9.5718],[-84.4992,9.5719],[-84.4985,9.5719],[-84.4981,9.5714],[-84.4978,9.5715],[-84.4975,9.5715],[-84.4973,9.5716],[-84.4968,9.5715],[-84.4964,9.5712],[-84.4961,9.5707],[-84.4957,9.5703],[-84.4955,9.5702],[-84.4948,9.57],[-84.4941,9.57],[-84.4937,9.5701],[-84.4934,9.5703],[-84.4929,9.5707],[-84.4923,9.5712],[-84.492,9.5717],[-84.4915,9.572],[-84.491,9.5723],[-84.4904,9.5724],[-84.4899,9.5724],[-84.4895,9.5723],[-84.4889,9.572],[-84.4879,9.5714],[-84.4871,9.5708],[-84.4861,9.5701],[-84.4854,9.5697],[-84.4846,9.5696],[-84.4841,9.57],[-84.4838,9.5704],[-84.4837,9.5709],[-84.4835,9.5718],[-84.4833,9.5725],[-84.4833,9.573],[-84.4835,9.5736],[-84.4839,9.5742],[-84.484,9.5749],[-84.4839,9.5752],[-84.4835,9.5757],[-84.4833,9.5762],[-84.4826,9.5765],[-84.482,9.5767],[-84.4819,9.5768],[-84.4808,9.585],[-84.474,9.5892],[-84.4757,9.594],[-84.4805,9.6003],[-84.4789,9.603],[-84.4818,9.6066],[-84.478,9.616],[-84.4796,9.6198],[-84.4839,9.6224],[-84.4871,9.6406],[-84.4822,9.6494],[-84.4769,9.6541],[-84.4775,9.6592],[-84.4731,9.6639],[-84.4764,9.672],[-84.4809,9.6727],[-84.4847,9.6809],[-84.479,9.6874],[-84.4702,9.6907],[-84.4663,9.7021],[-84.4693,9.706],[-84.4687,9.7099],[-84.4764,9.7169],[-84.4847,9.7223],[-84.4871,9.7226],[-84.4915,9.7283],[-84.4858,9.7315],[-84.486,9.7397],[-84.4907,9.7442],[-84.4881,9.7499],[-84.4866,9.757],[-84.4803,9.7658],[-84.4809,9.7749],[-84.4718,9.7913],[-84.4692,9.7943],[-84.4651,9.7918],[-84.4542,9.793],[-84.4504,9.7912],[-84.4427,9.8013],[-84.4421,9.8081],[-84.4372,9.8111],[-84.432,9.8199],[-84.4305,9.8302],[-84.4277,9.8336],[-84.427,9.8384],[-84.4203,9.8415],[-84.4192,9.8483],[-84.417,9.8522],[-84.4177,9.8558],[-84.414,9.8613],[-84.4137,9.8685],[-84.4158,9.872],[-84.4144,9.8815],[-84.417,9.8841],[-84.4171,9.8958],[-84.4085,9.8953],[-84.4059,9.9044],[-84.4038,9.9064],[-84.4038,9.9115],[-84.4056,9.9126],[-84.4077,9.92],[-84.4143,9.9233]]]},"properties":{"Canton":"TURRUBARES","Provincia":"SAN JOSE","Codigo":"116"}},
{"type":"Feature","geometry":{"type":"Polygon","coordinates":[[[-83.949,9.7142],[-83.9558,9.7248],[-83.9549,9.7298],[-83.9564,9.7328],[-83.9653,9.7367],[-83.9728,9.736],[-83.9734,9.7384],[-83.9827,9.7371],[-83.9865,9.7393],[-83.984,9.7334],[-83.9791,9.7296],[-83.9752,9.7221],[-83.9709,9.7164],[-83.9723,9.7144],[-83.9862,9.6653],[-83.9897,9.6538],[-83.9896,9.6235],[-83.9891,9.4986],[-83.989,9.4645],[-83.9831,9.4644],[-83.9764,9.4616],[-83.9738,9.4551],[-83.97,9.4509],[-83.9654,9.4501],[-83.9673,9.4463],[-83.965,9.4434],[-83.9661,9.4372],[-83.9625,9.4316],[-83.953,9.4313],[-83.9495,9.4357],[-83.947,9.4423],[-83.9444,9.4433],[-83.9454,9.4486],[-83.9429,9.4509],[-83.9453,9.4556],[-83.9438,9.4672],[-83.9445,9.4779],[-83.9405,9.4899],[-83.9357,9.4907],[-83.933,9.4853],[-83.9246,9.4849],[-83.9174,9.4906],[-83.9185,9.4972],[-83.9155,9.4982],[-83.9114,9.4953],[-83.9059,9.4972],[-83.9013,9.496],[-83.8896,9.5021],[-83.8846,9.5033],[-83.8837,9.5062],[-83.8783,9.51],[-83.8748,9.5145],[-83.874,9.5193],[-83.8637,9.525],[-83.8573,9.5302],[-83.852,9.5314],[-83.8488,9.5347],[-83.8427,9.5333],[-83.8384,9.5343],[-83.836,9.5315],[-83.8251,9.531],[-83.8234,9.5353],[-83.8186,9.5359],[-83.8165,9.5442],[-83.8112,9.5467],[-83.8053,9.5554],[-83.8022,9.5583],[-83.8025,9.5617],[-83.7992,9.5682],[-83.8012,9.5728],[-83.8001,9.5773],[-83.7969,9.5817],[-83.7921,9.5849],[-83.7908,9.5883],[-83.7853,9.591],[-83.7765,9.5982],[-83.7727,9.5983],[-83.767,9.5927],[-83.7667,9.5872],[-83.7639,9.5836],[-83.7579,9.5919],[-83.7591,9.5955],[-83.7653,9.6039],[-83.775,9.6057],[-83.7807,9.605],[-83.7865,9.6065],[-83.7905,9.6116],[-83.794,9.6109],[-83.8003,9.6141],[-83.8026,9.6127],[-83.8109,9.6152],[-83.8173,9.6149],[-83.826,9.6189],[-83.8328,9.6179],[-83.8352,9.6226],[-83.8404,9.6226],[-83.8501,9.6262],[-83.8491,9.6311],[-83.8466,9.6334],[-83.846,9.649],[-83.85,9.6557],[-83.85,9.664],[-83.858,9.6725],[-83.8633,9.6709],[-83.8701,9.671],[-83.882,9.6685],[-83.8884,9.6711],[-83.8896,9.6739],[-83.896,9.6798],[-83.8972,9.6859],[-83.9021,9.6894],[-83.906,9.6858],[-83.91,9.6867],[-83.9183,9.6831],[-83.9218,9.6838],[-83.9214,9.6888],[-83.9269,9.695],[-83.9307,9.6974],[-83.9378,9.6994],[-83.9426,9.6987],[-83.9455,9.7014],[-83.949,9.7142]]]},"properties":{"Codigo":"117","Canton":"DOTA","Provincia":"SAN JOSE"}},
{"type":"Feature","geometry":{"type":"Polygon","coordinates":[[[-84.0078,9.9383],[-84.0186,9.9388],[-84.0258,9.9352],[-84.0318,9.9302],[-84.0435,9.9298],[-84.0465,9.9253],[-84.0505,9.9193],[-84.0523,9.9123],[-84.0493,9.9049],[-84.0474,9.9042],[-84.0335,9.9005],[-84.0305,9.8959],[-84.0256,9.8938],[-84.0157,9.8991],[-84.0177,9.905],[-84.0156,9.9102],[-84.0051,9.9245],[-84.0054,9.9313],[-84.0078,9.9383]]]},"properties":{"Canton":"CURRIDABAT","Provincia":"SAN JOSE","Codigo":"118"}},
{"type":"Feature","geometry":{"type":"Polygon","coordinates":[[[-83.7639,9.5836],[-83.7667,9.5872],[-83.767,9.5927],[-83.7727,9.5983],[-83.7765,9.5982],[-83.7853,9.591],[-83.7908,9.5883],[-83.7921,9.5849],[-83.7969,9.5817],[-83.8001,9.5773],[-83.8012,9.5728],[-83.7992,9.5682],[-83.8025,9.5617],[-83.8022,9.5583],[-83.8053,9.5554],[-83.8112,9.5467],[-83.8165,9.5442],[-83.8186,9.5359],[-83.8234,9.5353],[-83.8251,9.531],[-83.836,9.5315],[-83.8384,9.5343],[-83.8427,9.5333],[-83.8488,9.5347],[-83.852,9.5314],[-83.8573,9.5302],[-83.8637,9.525],[-83.874,9.5193],[-83.8748,9.5145],[-83.8783,9.51],[-83.8837,9.5062],[-83.8846,9.5033],[-83.8896,9.5021],[-83.9013,9.496],[-83.9059,9.4972],[-83.9114,9.4953],[-83.9155,9.4982],[-83.9185,9.4972],[-83.9174,9.4906],[-83.9246,9.4849],[-83.933,9.4853],[-83.9357,9.4907],[-83.9405,9.4899],[-83.9445,9.4779],[-83.9438,9.4672],[-83.9453,9.4556],[-83.9429,9.4509],[-83.9454,9.4486],[-83.9444,9.4433],[-83.947,9.4423],[-83.9495,9.4357],[-83.953,9.4313],[-83.9625,9.4316],[-83.9661,9.4372],[-83.965,9.4434],[-83.9673,9.4463],[-83.9654,9.4501],[-83.97,9.4509],[-83.9738,9.4551],[-83.9764,9.4616],[-83.9831,9.4644],[-83.989,9.4645],[-83.9946,9.4621],[-83.9919,9.4565],[-84.0016,9.4499],[-84.0012,9.4498],[-84.001,9.449],[-84.0009,9.4485],[-84.0009,9.4479],[-84.0008,9.447],[-84.0009,9.4465],[-84.0011,9.4461],[-84.0016,9.4452],[-84.0017,9.4442],[-84.0017,9.4432],[-84.0007,9.4416],[-84.0002,9.4414],[-83.9997,9.4406],[-83.9988,9.4391],[-83.9981,9.4382],[-83.997,9.4374],[-83.996,9.4369],[-83.9951,9.4366],[-83.9942,9.4363],[-83.9934,9.4358],[-83.9927,9.4354],[-83.9921,9.4351],[-83.991,9.4346],[-83.9905,9.4343],[-83.9902,9.434],[-83.9898,9.4337],[-83.9895,9.4334],[-83.9891,9.4334],[-83.9883,9.4337],[-83.9875,9.434],[-83.9865,9.4341],[-83.9853,9.4338],[-83.9836,9.4332],[-83.9827,9.433],[-83.982,9.4318],[-83.9817,9.4307],[-83.9812,9.4299],[-83.981,9.429],[-83.9806,9.4276],[-83.9807,9.4267],[-83.9807,9.426],[-83.9805,9.4254],[-83.9803,9.4244],[-83.9802,9.4234],[-83.98,9.4226],[-83.98,9.4219],[-83.9799,9.4211],[-83.9792,9.4211],[-83.9783,9.4208],[-83.9776,9.4204],[-83.9762,9.4201],[-83.9755,9.42],[-83.9745,9.4201],[-83.9741,9.4199],[-83.9738,9.4196],[-83.9736,9.4187],[-83.9735,9.418],[-83.9731,9.4176],[-83.9721,9.4168],[-83.9711,9.4167],[-83.9703,9.4165],[-83.9692,9.4161],[-83.9681,9.4156],[-83.9676,9.4153],[-83.9672,9.4146],[-83.9667,9.4138],[-83.9663,9.4131],[-83.9659,9.4127],[-83.9655,9.4123],[-83.9652,9.4119],[-83.9646,9.4115],[-83.9637,9.4112],[-83.9629,9.4108],[-83.9623,9.4103],[-83.9617,9.4096],[-83.9622,9.4083],[-83.9626,9.4064],[-83.9629,9.4053],[-83.9633,9.4046],[-83.964,9.4039],[-83.9652,9.4028],[-83.9653,9.4023],[-83.9654,9.402],[-83.9651,9.4014],[-83.964,9.3995],[-83.9634,9.3986],[-83.963,9.398],[-83.9627,9.3971],[-83.9624,9.3965],[-83.9617,9.396],[-83.9609,9.3958],[-83.9604,9.396],[-83.9599,9.3964],[-83.9594,9.3969],[-83.959,9.3972],[-83.9584,9.3973],[-83.9579,9.3967],[-83.9574,9.3962],[-83.9565,9.3957],[-83.9551,9.3947],[-83.9541,9.3942],[-83.954,9.3942],[-83.9537,9.3942],[-83.9533,9.3946],[-83.9528,9.3951],[-83.9521,9.3952],[-83.9511,9.3953],[-83.9505,9.3955],[-83.9501,9.3958],[-83.9493,9.3954],[-83.9487,9.3954],[-83.9479,9.395],[-83.9474,9.3947],[-83.9468,9.3947],[-83.9462,9.3949],[-83.9456,9.3949],[-83.9451,9.3946],[-83.9447,9.3938],[-83.9444,9.3926],[-83.944,9.3914],[-83.9435,9.3907],[-83.9431,9.3898],[-83.9426,9.3886],[-83.9416,9.3881],[-83.9398,9.3876],[-83.938,9.3871],[-83.9364,9.3871],[-83.9349,9.3874],[-83.9337,9.3882],[-83.9332,9.3892],[-83.9329,9.3908],[-83.933,9.3921],[-83.9334,9.3929],[-83.9346,9.3943],[-83.9357,9.395],[-83.9362,9.3953],[-83.9364,9.3959],[-83.9363,9.3966],[-83.9357,9.3972],[-83.9348,9.3975],[-83.9338,9.3981],[-83.9328,9.3987],[-83.932,9.3991],[-83.9308,9.3994],[-83.9295,9.3999],[-83.9277,9.4006],[-83.9269,9.401],[-83.9261,9.4017],[-83.9255,9.4023],[-83.925,9.403],[-83.9245,9.4038],[-83.9237,9.4035],[-83.9225,9.4032],[-83.922,9.403],[-83.9215,9.4031],[-83.9212,9.4034],[-83.9207,9.4039],[-83.9201,9.4042],[-83.9196,9.4042],[-83.9189,9.4042],[-83.9179,9.4041],[-83.9172,9.4037],[-83.9167,9.4037],[-83.9162,9.4037],[-83.9156,9.404],[-83.9148,9.4042],[-83.9141,9.4044],[-83.9133,9.4046],[-83.9123,9.4049],[-83.9111,9.4052],[-83.9102,9.4053],[-83.9093,9.4051],[-83.9081,9.4045],[-83.9074,9.4041],[-83.9066,9.4035],[-83.9056,9.4027],[-83.9048,9.4018],[-83.9045,9.4015],[-83.9038,9.4014],[-83.9032,9.4011],[-83.9025,9.4006],[-83.902,9.4002],[-83.9018,9.3998],[-83.9018,9.3993],[-83.9018,9.3989],[-83.9015,9.3986],[-83.901,9.3984],[-83.9007,9.3981],[-83.9005,9.3976],[-83.9001,9.3968],[-83.9,9.396],[-83.8998,9.3956],[-83.8996,9.3953],[-83.8994,9.3945],[-83.8991,9.394],[-83.8988,9.3933],[-83.8986,9.3924],[-83.8985,9.3918],[-83.8985,9.3913],[-83.8983,9.3908],[-83.8981,9.3907],[-83.8981,9.3901],[-83.8982,9.3895],[-83.8981,9.389],[-83.8978,9.3883],[-83.8976,9.3879],[-83.8977,9.3873],[-83.8976,9.3868],[-83.8972,9.3865],[-83.8966,9.3865],[-83.8957,9.3868],[-83.8953,9.3868],[-83.8951,9.3866],[-83.8948,9.386],[-83.8945,9.3854],[-83.8943,9.3848],[-83.894,9.3847],[-83.8936,9.3847],[-83.8932,9.3845],[-83.8928,9.3841],[-83.8923,9.3836],[-83.8919,9.3833],[-83.8914,9.3828],[-83.891,9.3821],[-83.8906,9.3815],[-83.8905,9.381],[-83.8903,9.3803],[-83.89,9.3797],[-83.8896,9.3789],[-83.8891,9.3784],[-83.8888,9.3778],[-83.8887,9.3773],[-83.8885,9.3768],[-83.8882,9.3762],[-83.8878,9.3755],[-83.8874,9.3749],[-83.8874,9.3742],[-83.8875,9.3735],[-83.8877,9.3728],[-83.8881,9.3721],[-83.8885,9.3711],[-83.8892,9.3701],[-83.8896,9.3695],[-83.8902,9.3691],[-83.8907,9.369],[-83.8912,9.3681],[-83.8913,9.3677],[-83.8915,9.3673],[-83.8916,9.367],[-83.8915,9.3666],[-83.8913,9.3661],[-83.8913,9.3656],[-83.8913,9.3653],[-83.891,9.365],[-83.891,9.3647],[-83.8911,9.364],[-83.8911,9.3632],[-83.891,9.3626],[-83.8907,9.3622],[-83.8903,9.362],[-83.8897,9.362],[-83.8889,9.3622],[-83.8886,9.3623],[-83.8883,9.3621],[-83.8878,9.3616],[-83.8872,9.3613],[-83.8865,9.3611],[-83.8857,9.3612],[-83.8851,9.3615],[-83.8847,9.3618],[-83.884,9.3618],[-83.8833,9.3617],[-83.8828,9.3616],[-83.8822,9.3617],[-83.8814,9.3616],[-83.8803,9.3615],[-83.8799,9.3615],[-83.8795,9.3613],[-83.8791,9.3609],[-83.8785,9.3606],[-83.8778,9.3602],[-83.8771,9.3596],[-83.8764,9.359],[-83.8758,9.3586],[-83.8755,9.3582],[-83.8752,9.3576],[-83.8749,9.3573],[-83.8744,9.3571],[-83.8739,9.3568],[-83.8735,9.3564],[-83.8729,9.3558],[-83.8723,9.3553],[-83.8716,9.355],[-83.8711,9.3548],[-83.8704,9.3547],[-83.8701,9.3546],[-83.8698,9.3543],[-83.8698,9.3539],[-83.8701,9.3536],[-83.8703,9.3532],[-83.8704,9.3527],[-83.8703,9.3524],[-83.8701,9.3519],[-83.8701,9.3517],[-83.8703,9.3514],[-83.8706,9.3511],[-83.8707,9.3506],[-83.8708,9.3497],[-83.8707,9.3488],[-83.8705,9.3482],[-83.8703,9.3478],[-83.8694,9.3472],[-83.8689,9.3466],[-83.8686,9.3461],[-83.8682,9.3453],[-83.8677,9.3448],[-83.8668,9.3446],[-83.866,9.3445],[-83.8656,9.3444],[-83.8651,9.3441],[-83.8647,9.3434],[-83.8641,9.3429],[-83.8636,9.3428],[-83.8631,9.3428],[-83.8626,9.343],[-83.8619,9.3433],[-83.8613,9.3434],[-83.8606,9.3432],[-83.8601,9.3431],[-83.8594,9.3426],[-83.8586,9.3424],[-83.8574,9.3422],[-83.8563,9.3416],[-83.8549,9.3406],[-83.8536,9.34],[-83.8526,9.3398],[-83.8515,9.3398],[-83.8507,9.3399],[-83.8498,9.3402],[-83.849,9.341],[-83.8482,9.3418],[-83.8478,9.342],[-83.8473,9.342],[-83.8466,9.3418],[-83.8461,9.3419],[-83.8454,9.3424],[-83.8451,9.3426],[-83.8448,9.3426],[-83.8442,9.3423],[-83.8438,9.3425],[-83.8433,9.3429],[-83.8429,9.3432],[-83.8425,9.3434],[-83.8421,9.3433],[-83.8418,9.3431],[-83.8416,9.3429],[-83.8413,9.342],[-83.8412,9.3415],[-83.841,9.3408],[-83.8407,9.3402],[-83.8403,9.3394],[-83.8401,9.3388],[-83.84,9.3383],[-83.8401,9.3379],[-83.8405,9.3371],[-83.8413,9.3364],[-83.8422,9.3358],[-83.8432,9.3352],[-83.8444,9.3351],[-83.8456,9.3351],[-83.8465,9.3349],[-83.8469,9.3347],[-83.8472,9.3344],[-83.8473,9.334],[-83.8471,9.3335],[-83.8466,9.333],[-83.8461,9.3325],[-83.8457,9.332],[-83.8456,9.3315],[-83.8454,9.331],[-83.8454,9.3305],[-83.8455,9.33],[-83.8459,9.3295],[-83.8466,9.3289],[-83.8475,9.3282],[-83.8482,9.3274],[-83.8487,9.3267],[-83.8492,9.3259],[-83.8495,9.3253],[-83.8499,9.325],[-83.8502,9.3248],[-83.8507,9.3248],[-83.8514,9.3251],[-83.852,9.3251],[-83.8529,9.3251],[-83.8535,9.3249],[-83.8539,9.3244],[-83.8543,9.3236],[-83.8547,9.3227],[-83.8548,9.3221],[-83.8549,9.3214],[-83.8548,9.3209],[-83.8546,9.3204],[-83.8547,9.3198],[-83.8551,9.319],[-83.8551,9.3185],[-83.8549,9.3177],[-83.8547,9.3171],[-83.8547,9.3163],[-83.855,9.3157],[-83.8554,9.3149],[-83.8556,9.3141],[-83.8556,9.3132],[-83.8555,9.3125],[-83.8555,9.3113],[-83.8558,9.3104],[-83.8564,9.3096],[-83.857,9.309],[-83.8575,9.3088],[-83.8578,9.3087],[-83.8585,9.3089],[-83.8591,9.3089],[-83.8597,9.3087],[-83.86,9.3084],[-83.8601,9.308],[-83.86,9.3074],[-83.8596,9.3058],[-83.8593,9.3044],[-83.859,9.3038],[-83.8587,9.3033],[-83.8584,9.303],[-83.8572,9.3029],[-83.8556,9.3027],[-83.8549,9.3025],[-83.8546,9.3022],[-83.8546,9.302],[-83.8548,9.3016],[-83.8555,9.3011],[-83.8562,9.3007],[-83.8565,9.3004],[-83.8566,9.3],[-83.8565,9.2993],[-83.8564,9.2988],[-83.8564,9.298],[-83.8567,9.2971],[-83.8568,9.2962],[-83.8566,9.2955],[-83.8563,9.2949],[-83.8556,9.2941],[-83.855,9.2935],[-83.855,9.2931],[-83.8552,9.2928],[-83.8556,9.2927],[-83.8564,9.2925],[-83.8572,9.2922],[-83.8577,9.2918],[-83.858,9.2915],[-83.858,9.2909],[-83.8579,9.2905],[-83.8573,9.2899],[-83.8568,9.2891],[-83.8564,9.2887],[-83.8559,9.2882],[-83.8556,9.2876],[-83.8556,9.2872],[-83.8559,9.2863],[-83.8559,9.2857],[-83.8555,9.2848],[-83.8546,9.2834],[-83.854,9.2823],[-83.8538,9.2819],[-83.8536,9.2817],[-83.8536,9.2812],[-83.8534,9.2806],[-83.853,9.2798],[-83.8527,9.2789],[-83.8527,9.2782],[-83.8526,9.2777],[-83.8522,9.2765],[-83.8514,9.2752],[-83.8511,9.2744],[-83.851,9.2738],[-83.8512,9.273],[-83.851,9.2721],[-83.8507,9.2714],[-83.8505,9.27],[-83.8504,9.2695],[-83.8498,9.269],[-83.8492,9.2683],[-83.849,9.2675],[-83.849,9.2663],[-83.8486,9.2655],[-83.8481,9.2645],[-83.8471,9.2626],[-83.8464,9.2612],[-83.8459,9.2604],[-83.8454,9.26],[-83.8447,9.2595],[-83.8432,9.2576],[-83.8426,9.2569],[-83.8422,9.2564],[-83.8417,9.2563],[-83.8408,9.2562],[-83.8402,9.2559],[-83.8397,9.2558],[-83.8384,9.2558],[-83.8375,9.2558],[-83.837,9.2557],[-83.8361,9.2551],[-83.8353,9.2543],[-83.8345,9.2539],[-83.8332,9.2535],[-83.8326,9.253],[-83.8319,9.2527],[-83.8311,9.2521],[-83.8296,9.2506],[-83.8289,9.2498],[-83.8279,9.249],[-83.8264,9.2482],[-83.825,9.2472],[-83.8243,9.2464],[-83.8238,9.2457],[-83.8231,9.2445],[-83.8224,9.2439],[-83.8213,9.2433],[-83.8199,9.2428],[-83.8192,9.2424],[-83.8188,9.2418],[-83.8183,9.2408],[-83.8178,9.2393],[-83.8172,9.2382],[-83.8164,9.2374],[-83.8161,9.237],[-83.8159,9.2364],[-83.8155,9.2356],[-83.8149,9.2347],[-83.8138,9.2339],[-83.8133,9.2331],[-83.813,9.2325],[-83.8125,9.2318],[-83.8121,9.2315],[-83.8114,9.2312],[-83.811,9.231],[-83.8107,9.2301],[-83.8101,9.2294],[-83.8095,9.2289],[-83.8085,9.2285],[-83.8075,9.2284],[-83.8059,9.2286],[-83.8048,9.2288],[-83.8032,9.2289],[-83.802,9.2288],[-83.8005,9.228],[-83.7989,9.227],[-83.7968,9.2253],[-83.7958,9.2247],[-83.7948,9.2244],[-83.7937,9.2242],[-83.7923,9.2242],[-83.7911,9.2245],[-83.7903,9.2244],[-83.7894,9.2244],[-83.7884,9.2244],[-83.7874,9.2244],[-83.7865,9.2242],[-83.7852,9.2237],[-83.7829,9.2229],[-83.782,9.2224],[-83.7813,9.2216],[-83.7809,9.2211],[-83.7804,9.2207],[-83.7799,9.2207],[-83.779,9.221],[-83.7783,9.2214],[-83.7774,9.2217],[-83.7766,9.2217],[-83.776,9.2214],[-83.7754,9.2207],[-83.7749,9.2198],[-83.7744,9.2183],[-83.7741,9.2179],[-83.7739,9.2178],[-83.7737,9.218],[-83.773,9.2189],[-83.7723,9.22],[-83.772,9.2201],[-83.7715,9.22],[-83.7707,9.2191],[-83.7699,9.2178],[-83.7693,9.2169],[-83.7686,9.2163],[-83.7676,9.216],[-83.7664,9.2161],[-83.765,9.2164],[-83.7641,9.2162],[-83.7626,9.2158],[-83.7613,9.2159],[-83.7601,9.2163],[-83.7586,9.2171],[-83.7579,9.2173],[-83.7569,9.2174],[-83.7563,9.2176],[-83.7551,9.2187],[-83.7543,9.2196],[-83.7537,9.2207],[-83.7532,9.2214],[-83.7527,9.2218],[-83.7526,9.2221],[-83.7524,9.2226],[-83.7525,9.2228],[-83.7528,9.223],[-83.7534,9.2231],[-83.7539,9.2234],[-83.7544,9.224],[-83.7546,9.2246],[-83.7543,9.2252],[-83.7535,9.2262],[-83.7534,9.2267],[-83.7534,9.2274],[-83.7537,9.228],[-83.7542,9.2289],[-83.7549,9.2296],[-83.755,9.2302],[-83.755,9.2308],[-83.7552,9.2315],[-83.7555,9.2322],[-83.7559,9.2328],[-83.7567,9.2338],[-83.7578,9.2347],[-83.7585,9.235],[-83.759,9.2353],[-83.7594,9.2358],[-83.7601,9.2374],[-83.7606,9.2383],[-83.7606,9.2391],[-83.7601,9.2391],[-83.7597,9.2392],[-83.7594,9.2395],[-83.7592,9.2401],[-83.7589,9.2405],[-83.759,9.2411],[-83.759,9.2414],[-83.7586,9.2418],[-83.7581,9.2427],[-83.7578,9.2436],[-83.7574,9.244],[-83.7566,9.2441],[-83.756,9.2439],[-83.7552,9.2434],[-83.7544,9.2428],[-83.7536,9.2424],[-83.753,9.2422],[-83.7525,9.2423],[-83.7518,9.2426],[-83.7505,9.2437],[-83.7498,9.2441],[-83.7488,9.2443],[-83.7481,9.2443],[-83.7476,9.2442],[-83.7469,9.2435],[-83.7465,9.2423],[-83.7458,9.241],[-83.7449,9.2401],[-83.7438,9.2394],[-83.7424,9.2388],[-83.7419,9.2383],[-83.7411,9.2376],[-83.7406,9.2365],[-83.7401,9.2358],[-83.7399,9.2348],[-83.7393,9.2337],[-83.7391,9.2329],[-83.7383,9.2323],[-83.7383,9.2311],[-83.7381,9.2305],[-83.7378,9.2299],[-83.7373,9.229],[-83.7363,9.2284],[-83.7361,9.2282],[-83.7362,9.2279],[-83.7366,9.2273],[-83.7366,9.2266],[-83.7363,9.2258],[-83.736,9.2252],[-83.7353,9.2245],[-83.7352,9.2238],[-83.7362,9.2229],[-83.7353,9.2227],[-83.7345,9.2228],[-83.7336,9.2229],[-83.7322,9.2228],[-83.73,9.2221],[-83.7269,9.2214],[-83.7229,9.2205],[-83.7209,9.2203],[-83.7176,9.2205],[-83.7125,9.2208],[-83.7113,9.2207],[-83.7108,9.2206],[-83.7102,9.2207],[-83.7099,9.2211],[-83.7095,9.2216],[-83.7094,9.2224],[-83.7097,9.2242],[-83.7097,9.2246],[-83.7095,9.2249],[-83.7092,9.2251],[-83.7081,9.2251],[-83.7059,9.2252],[-83.7055,9.2251],[-83.7052,9.2249],[-83.7051,9.2245],[-83.7046,9.2239],[-83.7048,9.221],[-83.7047,9.2201],[-83.7039,9.2185],[-83.7033,9.2169],[-83.7025,9.2158],[-83.701,9.215],[-83.6996,9.2143],[-83.6977,9.2135],[-83.6956,9.2129],[-83.6941,9.2123],[-83.6918,9.2121],[-83.6907,9.2119],[-83.6896,9.2116],[-83.6876,9.2102],[-83.6854,9.2085],[-83.6846,9.2076],[-83.6838,9.2064],[-83.6833,9.2055],[-83.6826,9.2021],[-83.6823,9.2011],[-83.6814,9.1996],[-83.6803,9.1984],[-83.6791,9.1973],[-83.6776,9.1966],[-83.677,9.196],[-83.6755,9.1942],[-83.675,9.1935],[-83.6745,9.1922],[-83.6743,9.1917],[-83.6736,9.1903],[-83.673,9.1894],[-83.6724,9.1889],[-83.6721,9.1884],[-83.6718,9.1875],[-83.6716,9.1862],[-83.6699,9.1833],[-83.6695,9.1821],[-83.6696,9.1803],[-83.6702,9.1787],[-83.6717,9.1768],[-83.6726,9.1761],[-83.6737,9.1759],[-83.6759,9.1757],[-83.6772,9.1757],[-83.6774,9.1754],[-83.6771,9.172],[-83.677,9.1694],[-83.6769,9.169],[-83.6764,9.1678],[-83.6758,9.166],[-83.6755,9.1653],[-83.6754,9.1648],[-83.6752,9.164],[-83.675,9.1628],[-83.6747,9.1619],[-83.6746,9.161],[-83.6744,9.1602],[-83.6741,9.1592],[-83.6737,9.1582],[-83.6734,9.1575],[-83.6732,9.1571],[-83.6729,9.1568],[-83.6726,9.1564],[-83.6724,9.1561],[-83.672,9.1557],[-83.6717,9.1555],[-83.6713,9.155],[-83.671,9.1548],[-83.6705,9.1544],[-83.6699,9.154],[-83.6688,9.1536],[-83.6676,9.1533],[-83.6668,9.153],[-83.6663,9.153],[-83.666,9.1529],[-83.6651,9.1525],[-83.6648,9.1524],[-83.6643,9.152],[-83.664,9.1518],[-83.6636,9.1515],[-83.6634,9.1513],[-83.6629,9.1509],[-83.6626,9.1507],[-83.6622,9.1503],[-83.6618,9.1499],[-83.6615,9.1495],[-83.6611,9.1491],[-83.6606,9.1488],[-83.66,9.1484],[-83.6595,9.1481],[-83.6589,9.1477],[-83.6584,9.1475],[-83.6578,9.1472],[-83.6573,9.1469],[-83.6569,9.1467],[-83.6564,9.1464],[-83.6551,9.1455],[-83.6549,9.1453],[-83.6546,9.1451],[-83.6543,9.1447],[-83.6541,9.1444],[-83.6539,9.1442],[-83.6538,9.1438],[-83.6536,9.143],[-83.6535,9.142],[-83.6533,9.1414],[-83.653,9.1408],[-83.6524,9.1402],[-83.652,9.1398],[-83.6518,9.1394],[-83.6516,9.139],[-83.6514,9.1385],[-83.6507,9.1369],[-83.6505,9.1363],[-83.6501,9.1356],[-83.6499,9.1354],[-83.6494,9.1346],[-83.6491,9.1342],[-83.6488,9.1338],[-83.6484,9.1333],[-83.6481,9.1329],[-83.6477,9.1324],[-83.6474,9.1321],[-83.6467,9.1316],[-83.646,9.1313],[-83.6454,9.1312],[-83.6448,9.1312],[-83.6441,9.131],[-83.6436,9.1307],[-83.6429,9.1303],[-83.6426,9.13],[-83.642,9.1297],[-83.6413,9.1295],[-83.6408,9.1293],[-83.6403,9.129],[-83.6399,9.1288],[-83.6395,9.1285],[-83.639,9.1283],[-83.6385,9.1281],[-83.6377,9.128],[-83.6368,9.1278],[-83.6362,9.1276],[-83.6356,9.1275],[-83.635,9.1274],[-83.6341,9.1273],[-83.6334,9.1273],[-83.6328,9.1273],[-83.6323,9.1273],[-83.6314,9.1272],[-83.6308,9.1272],[-83.6301,9.127],[-83.6292,9.127],[-83.6286,9.127],[-83.628,9.1269],[-83.6273,9.1268],[-83.6268,9.1268],[-83.6263,9.1267],[-83.6259,9.1267],[-83.6254,9.1266],[-83.6248,9.1263],[-83.6243,9.126],[-83.6238,9.1257],[-83.6234,9.1254],[-83.6231,9.1252],[-83.622,9.1247],[-83.6214,9.1246],[-83.6206,9.1244],[-83.6199,9.1243],[-83.6193,9.1243],[-83.6189,9.1243],[-83.6186,9.1244],[-83.6182,9.1245],[-83.6178,9.1247],[-83.6171,9.1251],[-83.6165,9.1253],[-83.6163,9.1254],[-83.6157,9.1255],[-83.6155,9.1255],[-83.6149,9.1254],[-83.6146,9.1253],[-83.6142,9.1252],[-83.6138,9.1251],[-83.6135,9.1249],[-83.613,9.1246],[-83.6124,9.1241],[-83.612,9.1238],[-83.6107,9.1227],[-83.6099,9.1221],[-83.6094,9.1214],[-83.6089,9.121],[-83.6086,9.1206],[-83.6083,9.1203],[-83.608,9.1201],[-83.6075,9.1197],[-83.6071,9.1193],[-83.6067,9.1189],[-83.6063,9.1185],[-83.6057,9.118],[-83.6055,9.1177],[-83.6055,9.1173],[-83.6054,9.1169],[-83.6054,9.1163],[-83.6054,9.116],[-83.6055,9.1151],[-83.6054,9.1144],[-83.6053,9.114],[-83.6048,9.1137],[-83.6046,9.1135],[-83.6043,9.1133],[-83.604,9.1132],[-83.6035,9.1131],[-83.6031,9.1131],[-83.6027,9.1129],[-83.6024,9.1128],[-83.602,9.1127],[-83.6017,9.1125],[-83.6014,9.1122],[-83.6011,9.112],[-83.6008,9.1117],[-83.6004,9.1114],[-83.6001,9.111],[-83.5996,9.1104],[-83.5991,9.11],[-83.5986,9.1097],[-83.598,9.1095],[-83.5974,9.1093],[-83.5969,9.1092],[-83.5963,9.109],[-83.5959,9.1089],[-83.5953,9.1088],[-83.5948,9.1086],[-83.5943,9.1085],[-83.5938,9.1085],[-83.5931,9.1082],[-83.5922,9.1079],[-83.5916,9.1077],[-83.5911,9.1075],[-83.5907,9.1073],[-83.5901,9.107],[-83.5897,9.1068],[-83.5893,9.1065],[-83.5889,9.1063],[-83.5886,9.1059],[-83.5882,9.1057],[-83.5876,9.1052],[-83.5871,9.1048],[-83.5865,9.1044],[-83.5852,9.1035],[-83.5848,9.1032],[-83.5843,9.103],[-83.5838,9.1026],[-83.5833,9.1023],[-83.583,9.1019],[-83.5826,9.1014],[-83.5824,9.1011],[-83.5821,9.1003],[-83.582,9.0999],[-83.5818,9.0993],[-83.5815,9.0984],[-83.5813,9.0978],[-83.5811,9.0975],[-83.5807,9.097],[-83.5804,9.0965],[-83.5801,9.0961],[-83.5796,9.0955],[-83.5792,9.095],[-83.5786,9.0944],[-83.5782,9.094],[-83.5778,9.0935],[-83.5774,9.0931],[-83.5769,9.0925],[-83.5764,9.0919],[-83.5757,9.0914],[-83.5749,9.0907],[-83.5747,9.0905],[-83.5741,9.09],[-83.5738,9.0897],[-83.5735,9.0893],[-83.5729,9.0889],[-83.5726,9.0885],[-83.5722,9.0882],[-83.5719,9.0879],[-83.5714,9.0875],[-83.571,9.0872],[-83.5702,9.0866],[-83.5697,9.0863],[-83.5688,9.086],[-83.568,9.0858],[-83.5674,9.0857],[-83.567,9.0856],[-83.5664,9.0855],[-83.5656,9.0853],[-83.565,9.0852],[-83.5644,9.0851],[-83.5639,9.085],[-83.5634,9.0849],[-83.5628,9.0848],[-83.5621,9.0847],[-83.5613,9.0848],[-83.5609,9.085],[-83.5599,9.0853],[-83.5594,9.0854],[-83.5585,9.0856],[-83.5581,9.0857],[-83.5579,9.0856],[-83.5573,9.0854],[-83.5571,9.0851],[-83.5566,9.0849],[-83.5559,9.0845],[-83.5553,9.0843],[-83.5543,9.0842],[-83.5535,9.0842],[-83.5529,9.0842],[-83.5523,9.084],[-83.5517,9.0839],[-83.5512,9.0838],[-83.5509,9.0836],[-83.5501,9.0834],[-83.5495,9.0831],[-83.5492,9.0828],[-83.5488,9.0822],[-83.5415,9.0786],[-83.5333,9.079],[-83.5284,9.0819],[-83.5258,9.0795],[-83.5137,9.0749],[-83.507,9.0777],[-83.5029,9.0843],[-83.5108,9.0897],[-83.5099,9.0922],[-83.504,9.0937],[-83.4999,9.0998],[-83.4901,9.1031],[-83.489,9.1076],[-83.486,9.1087],[-83.4817,9.1149],[-83.4792,9.114],[-83.4734,9.1192],[-83.4739,9.1259],[-83.4805,9.1303],[-83.4827,9.1332],[-83.4816,9.1387],[-83.4831,9.1451],[-83.4762,9.1514],[-83.4711,9.1521],[-83.4705,9.1588],[-83.4762,9.1671],[-83.4781,9.1715],[-83.4737,9.1798],[-83.4763,9.1844],[-83.4797,9.1849],[-83.4834,9.1903],[-83.4819,9.1955],[-83.4866,9.1998],[-83.4921,9.194],[-83.5036,9.202],[-83.5128,9.2],[-83.5169,9.206],[-83.5146,9.21],[-83.5162,9.2147],[-83.5194,9.2144],[-83.5228,9.2079],[-83.5257,9.211],[-83.5239,9.2161],[-83.5177,9.2208],[-83.5137,9.2288],[-83.5127,9.2369],[-83.5092,9.2511],[-83.51,9.2526],[-83.5061,9.2619],[-83.4952,9.2644],[-83.491,9.2673],[-83.4869,9.2751],[-83.4841,9.2776],[-83.4814,9.2836],[-83.4763,9.2915],[-83.4746,9.2993],[-83.4685,9.3148],[-83.4651,9.3212],[-83.4574,9.3304],[-83.4544,9.3435],[-83.4463,9.3497],[-83.4384,9.3595],[-83.4324,9.3633],[-83.4293,9.3673],[-83.4298,9.3676],[-83.4307,9.3685],[-83.4311,9.3692],[-83.4311,9.37],[-83.4311,9.3718],[-83.4314,9.3722],[-83.4317,9.3722],[-83.4325,9.3714],[-83.4335,9.3708],[-83.4346,9.3706],[-83.4366,9.3708],[-83.4374,9.3709],[-83.438,9.3712],[-83.4385,9.3715],[-83.4387,9.3719],[-83.4389,9.374],[-83.4394,9.376],[-83.4401,9.3771],[-83.441,9.3773],[-83.4454,9.377],[-83.4499,9.3773],[-83.4516,9.3779],[-83.4547,9.3793],[-83.4563,9.3813],[-83.4572,9.3821],[-83.4583,9.3832],[-83.4584,9.3839],[-83.4588,9.3859],[-83.4598,9.3881],[-83.4609,9.3904],[-83.4613,9.3916],[-83.4613,9.3928],[-83.4621,9.3948],[-83.4622,9.3956],[-83.4623,9.3965],[-83.4636,9.3989],[-83.4656,9.404],[-83.4659,9.4055],[-83.4665,9.4064],[-83.4674,9.4069],[-83.4693,9.408],[-83.4703,9.4102],[-83.4712,9.4137],[-83.4717,9.4153],[-83.4721,9.4178],[-83.4726,9.4196],[-83.4737,9.4214],[-83.475,9.4227],[-83.4774,9.4245],[-83.4808,9.4267],[-83.482,9.4281],[-83.4826,9.4298],[-83.4826,9.4303],[-83.4824,9.4324],[-83.4821,9.4334],[-83.4813,9.4348],[-83.4808,9.4356],[-83.4798,9.4372],[-83.4797,9.4382],[-83.48,9.4394],[-83.4809,9.4424],[-83.4808,9.4436],[-83.4805,9.4449],[-83.4798,9.4469],[-83.4793,9.4479],[-83.4785,9.4491],[-83.4783,9.45],[-83.4788,9.4512],[-83.4794,9.4526],[-83.4798,9.4547],[-83.4803,9.456],[-83.4807,9.4566],[-83.4811,9.4577],[-83.4809,9.4593],[-83.4811,9.4605],[-83.4815,9.4622],[-83.4814,9.4638],[-83.4817,9.4658],[-83.4823,9.4664],[-83.4833,9.4674],[-83.4837,9.4683],[-83.4838,9.4691],[-83.4837,9.4713],[-83.4837,9.4729],[-83.4841,9.4741],[-83.4846,9.4745],[-83.4862,9.4756],[-83.4867,9.4765],[-83.4871,9.4781],[-83.4878,9.4792],[-83.4886,9.4811],[-83.4889,9.482],[-83.4891,9.484],[-83.4968,9.4881],[-83.5009,9.4945],[-83.5089,9.4962],[-83.5143,9.5025],[-83.535,9.5104],[-83.5454,9.5249],[-83.5465,9.529],[-83.55,9.5322],[-83.5563,9.5305],[-83.5601,9.5328],[-83.5726,9.5351],[-83.5779,9.5386],[-83.5933,9.545],[-83.5962,9.5524],[-83.6068,9.5522],[-83.6111,9.5566],[-83.6193,9.5581],[-83.6265,9.5648],[-83.6301,9.5696],[-83.6296,9.5753],[-83.6344,9.5806],[-83.6481,9.5845],[-83.6534,9.5837],[-83.6634,9.5737],[-83.6661,9.5661],[-83.6719,9.5589],[-83.6823,9.5517],[-83.6883,9.5529],[-83.6985,9.5522],[-83.7027,9.5535],[-83.7051,9.5567],[-83.7096,9.5579],[-83.7126,9.5541],[-83.7186,9.5513],[-83.7277,9.5596],[-83.7401,9.5597],[-83.7437,9.5585],[-83.7542,9.5607],[-83.7579,9.5674],[-83.7562,9.5703],[-83.7575,9.5748],[-83.7639,9.5836]]]},"properties":{"Codigo":"119","Canton":"PEREZ ZELEDON","Provincia":"SAN JOSE"}},
{"type":"Feature","geometry":{"type":"Polygon","coordinates":[[[-83.9865,9.7393],[-83.9915,9.7365],[-84.001,9.7389],[-84.0028,9.7372],[-84.0129,9.7424],[-84.0153,9.7392],[-84.0223,9.7399],[-84.0367,9.7426],[-84.0414,9.7402],[-84.054,9.7431],[-84.0695,9.7407],[-84.078,9.7427],[-84.0818,9.7422],[-84.0863,9.7463],[-84.0896,9.7452],[-84.0954,9.7512],[-84.0993,9.7459],[-84.0986,9.7385],[-84.0947,9.7358],[-84.0931,9.7302],[-84.0927,9.7094],[-84.1056,9.7101],[-84.1112,9.703],[-84.1186,9.7055],[-84.1265,9.6972],[-84.1298,9.6959],[-84.1402,9.6868],[-84.1424,9.6813],[-84.1496,9.6785],[-84.1534,9.6712],[-84.1525,9.6676],[-84.1537,9.6619],[-84.1492,9.66],[-84.1432,9.6597],[-84.1385,9.6618],[-84.1353,9.6601],[-84.1368,9.6538],[-84.134,9.6488],[-84.13,9.6469],[-84.1313,9.6429],[-84.1275,9.6382],[-84.1239,9.6369],[-84.1204,9.6385],[-84.117,9.6429],[-84.113,9.6423],[-84.1104,9.6462],[-84.1009,9.6418],[-84.0944,9.6458],[-84.0911,9.6439],[-84.0858,9.6444],[-84.0783,9.6497],[-84.0691,9.6544],[-84.0615,9.655],[-84.0579,9.6596],[-84.0472,9.6573],[-84.0377,9.6642],[-84.0345,9.6745],[-84.0295,9.6781],[-84.0277,9.6877],[-84.0246,9.6895],[-84.0183,9.6897],[-84.0214,9.6951],[-84.0204,9.7022],[-84.0148,9.704],[-84.0094,9.7108],[-84.0047,9.7112],[-83.9891,9.7177],[-83.9865,9.7167],[-83.9789,9.7184],[-83.9782,9.7157],[-83.9723,9.7144],[-83.9709,9.7164],[-83.9752,9.7221],[-83.9791,9.7296],[-83.984,9.7334],[-83.9865,9.7393]]]},"properties":{"Provincia":"SAN JOSE","Canton":"LEON CORTES","Codigo":"120"}},
{"type":"Feature","geometry":{"type":"Polygon","coordinates":[[[-84.161,10.4135],[-84.1612,10.4135],[-84.1616,10.4136],[-84.1622,10.4137],[-84.1628,10.4133],[-84.1633,10.4127],[-84.1642,10.411],[-84.165,10.4096],[-84.1655,10.4093],[-84.1658,10.4094],[-84.1664,10.4098],[-84.1668,10.4099],[-84.1672,10.4099],[-84.1675,10.4094],[-84.1678,10.4085],[-84.168,10.4068],[-84.1682,10.4061],[-84.1686,10.4057],[-84.1696,10.4052],[-84.1699,10.4045],[-84.17,10.4038],[-84.1702,10.4031],[-84.1705,10.4024],[-84.1705,10.4019],[-84.1709,10.4014],[-84.1713,10.4008],[-84.1719,10.3998],[-84.1725,10.399],[-84.1731,10.3992],[-84.1734,10.3992],[-84.1736,10.3991],[-84.1739,10.3987],[-84.1741,10.398],[-84.1746,10.3975],[-84.1751,10.397],[-84.1752,10.3965],[-84.1752,10.396],[-84.1752,10.3951],[-84.1755,10.3947],[-84.1763,10.394],[-84.1766,10.3936],[-84.1765,10.3932],[-84.1764,10.3928],[-84.1759,10.3917],[-84.1759,10.3912],[-84.1761,10.3908],[-84.1772,10.3894],[-84.178,10.3887],[-84.1786,10.3879],[-84.1789,10.387],[-84.1789,10.3866],[-84.1788,10.3863],[-84.1784,10.3861],[-84.1781,10.3861],[-84.1775,10.3863],[-84.1773,10.3861],[-84.1773,10.3859],[-84.1775,10.3852],[-84.178,10.3845],[-84.1779,10.384],[-84.1777,10.3833],[-84.1777,10.3827],[-84.1779,10.3824],[-84.1785,10.3822],[-84.179,10.382],[-84.1795,10.3813],[-84.1797,10.3805],[-84.1798,10.3797],[-84.1798,10.3792],[-84.1796,10.3781],[-84.1796,10.3771],[-84.1799,10.3763],[-84.1806,10.3757],[-84.1812,10.3751],[-84.1814,10.3746],[-84.1813,10.374],[-84.1808,10.3732],[-84.181,10.3728],[-84.1814,10.3724],[-84.1822,10.372],[-84.1827,10.3717],[-84.1827,10.3714],[-84.1826,10.371],[-84.182,10.3702],[-84.1819,10.3695],[-84.1821,10.3689],[-84.1824,10.3684],[-84.1829,10.3677],[-84.183,10.3673],[-84.1828,10.3668],[-84.1827,10.3665],[-84.1828,10.3662],[-84.1832,10.3655],[-84.1832,10.3647],[-84.1831,10.3637],[-84.1833,10.3631],[-84.1829,10.3622],[-84.1829,10.3614],[-84.1823,10.361],[-84.1822,10.3608],[-84.1821,10.3601],[-84.1816,10.3594],[-84.1816,10.359],[-84.182,10.3584],[-84.182,10.3579],[-84.1817,10.3576],[-84.1809,10.3571],[-84.1807,10.3567],[-84.1809,10.3563],[-84.1814,10.3557],[-84.1813,10.3552],[-84.1811,10.3544],[-84.1811,10.3536],[-84.1816,10.3533],[-84.1822,10.3528],[-84.1826,10.3522],[-84.1825,10.3516],[-84.1825,10.3511],[-84.1827,10.351],[-84.1831,10.3509],[-84.1837,10.3509],[-84.1839,10.3508],[-84.184,10.3504],[-84.1841,10.3501],[-84.1844,10.3498],[-84.185,10.3495],[-84.1854,10.3494],[-84.1855,10.3489],[-84.1856,10.3482],[-84.186,10.3476],[-84.1862,10.3471],[-84.1862,10.3466],[-84.186,10.3463],[-84.1856,10.346],[-84.1856,10.3458],[-84.1858,10.3457],[-84.1862,10.3457],[-84.1864,10.3454],[-84.1864,10.3443],[-84.1863,10.3435],[-84.186,10.3432],[-84.1859,10.3429],[-84.1858,10.3426],[-84.1853,10.3423],[-84.1852,10.342],[-84.1854,10.3416],[-84.1854,10.3413],[-84.1851,10.341],[-84.185,10.3407],[-84.1851,10.3404],[-84.1852,10.34],[-84.1849,10.3397],[-84.1848,10.3394],[-84.1848,10.3391],[-84.1849,10.3389],[-84.1853,10.3388],[-84.1857,10.339],[-84.1859,10.339],[-84.1863,10.3388],[-84.1866,10.338],[-84.1871,10.3374],[-84.1876,10.3374],[-84.1878,10.3373],[-84.1879,10.337],[-84.1878,10.3366],[-84.188,10.3365],[-84.1887,10.336],[-84.189,10.3352],[-84.1891,10.334],[-84.1895,10.3332],[-84.1901,10.3328],[-84.1909,10.3325],[-84.1912,10.332],[-84.1912,10.3319],[-84.1914,10.3316],[-84.1915,10.3314],[-84.192,10.331],[-84.1925,10.3308],[-84.1928,10.3304],[-84.1931,10.3299],[-84.1932,10.3295],[-84.1931,10.3292],[-84.1932,10.3288],[-84.1935,10.3285],[-84.194,10.3278],[-84.1948,10.3267],[-84.195,10.3261],[-84.1952,10.3254],[-84.1953,10.3247],[-84.1955,10.3241],[-84.1955,10.3236],[-84.1955,10.3231],[-84.1953,10.3228],[-84.1952,10.3222],[-84.1951,10.3219],[-84.1948,10.3214],[-84.1946,10.3208],[-84.1944,10.3204],[-84.1944,10.3199],[-84.1943,10.3192],[-84.1944,10.3183],[-84.1946,10.3177],[-84.1949,10.3172],[-84.1956,10.3162],[-84.1958,10.3159],[-84.1959,10.3155],[-84.1961,10.3147],[-84.1963,10.3139],[-84.1968,10.3128],[-84.1972,10.3121],[-84.1973,10.3118],[-84.1977,10.3113],[-84.1977,10.311],[-84.1978,10.3108],[-84.1977,10.3106],[-84.1977,10.3104],[-84.1975,10.31],[-84.1972,10.3097],[-84.1969,10.3094],[-84.1967,10.3093],[-84.1966,10.309],[-84.1966,10.3087],[-84.1967,10.3085],[-84.197,10.3083],[-84.1973,10.3081],[-84.1975,10.3078],[-84.1976,10.3076],[-84.1976,10.3074],[-84.1975,10.307],[-84.1973,10.3066],[-84.1971,10.3062],[-84.1964,10.3057],[-84.1958,10.3051],[-84.1946,10.304],[-84.1938,10.3034],[-84.1929,10.3028],[-84.1924,10.3028],[-84.1921,10.3028],[-84.1919,10.3027],[-84.1917,10.3025],[-84.1916,10.3024],[-84.1917,10.3021],[-84.1919,10.302],[-84.1922,10.3017],[-84.1923,10.3016],[-84.1923,10.3015],[-84.1923,10.3011],[-84.1924,10.3009],[-84.1924,10.3002],[-84.1925,10.2999],[-84.1927,10.2993],[-84.1929,10.2989],[-84.1935,10.2984],[-84.194,10.2979],[-84.1941,10.2976],[-84.1942,10.2975],[-84.1944,10.2971],[-84.1947,10.2968],[-84.1956,10.2963],[-84.1962,10.2959],[-84.1977,10.2953],[-84.198,10.2949],[-84.1991,10.2945],[-84.1993,10.2943],[-84.1996,10.2937],[-84.1998,10.2932],[-84.2003,10.2924],[-84.2013,10.2921],[-84.2017,10.292],[-84.2021,10.2918],[-84.2023,10.2917],[-84.2025,10.2914],[-84.2025,10.2911],[-84.2025,10.2908],[-84.2026,10.2901],[-84.2027,10.2898],[-84.2029,10.2895],[-84.2031,10.2893],[-84.2034,10.2891],[-84.2036,10.2889],[-84.2037,10.2887],[-84.2035,10.2884],[-84.2036,10.2881],[-84.204,10.2879],[-84.2044,10.2876],[-84.2048,10.2873],[-84.2049,10.2871],[-84.205,10.2869],[-84.2051,10.2863],[-84.205,10.2861],[-84.2049,10.2861],[-84.2048,10.2861],[-84.2047,10.2861],[-84.2046,10.2862],[-84.2047,10.2864],[-84.2047,10.2866],[-84.2048,10.2868],[-84.2048,10.2869],[-84.2047,10.2871],[-84.2045,10.2871],[-84.2043,10.2871],[-84.2039,10.287],[-84.2031,10.2866],[-84.202,10.2862],[-84.2019,10.2861],[-84.2018,10.286],[-84.2016,10.2858],[-84.2015,10.2854],[-84.2014,10.2851],[-84.2013,10.285],[-84.2012,10.2849],[-84.201,10.285],[-84.2006,10.2851],[-84.2002,10.2854],[-84.2,10.2855],[-84.1999,10.2855],[-84.1997,10.2855],[-84.1995,10.2853],[-84.1994,10.2851],[-84.1994,10.2847],[-84.1994,10.2842],[-84.1993,10.2837],[-84.1993,10.2836],[-84.1994,10.2833],[-84.1996,10.2831],[-84.1998,10.2829],[-84.2001,10.2826],[-84.2002,10.2824],[-84.2003,10.282],[-84.2004,10.2817],[-84.2005,10.2813],[-84.2004,10.2809],[-84.2002,10.2804],[-84.2,10.2799],[-84.1999,10.2796],[-84.2,10.2793],[-84.2001,10.2791],[-84.2004,10.2787],[-84.2006,10.2785],[-84.2008,10.2781],[-84.2009,10.2776],[-84.2009,10.2772],[-84.201,10.2767],[-84.2012,10.2762],[-84.2017,10.2758],[-84.2021,10.2755],[-84.2024,10.2754],[-84.2031,10.2753],[-84.2034,10.2752],[-84.2037,10.275],[-84.2043,10.2744],[-84.2048,10.2738],[-84.2054,10.2733],[-84.2056,10.273],[-84.2056,10.2728],[-84.2055,10.2722],[-84.2056,10.2719],[-84.2058,10.2715],[-84.2065,10.2713],[-84.2069,10.2712],[-84.2071,10.2709],[-84.2074,10.2707],[-84.2076,10.2702],[-84.2078,10.2699],[-84.2079,10.2694],[-84.2082,10.269],[-84.2085,10.2688],[-84.2097,10.2686],[-84.21,10.2684],[-84.2103,10.2683],[-84.2104,10.268],[-84.2105,10.2677],[-84.2105,10.2671],[-84.2104,10.2668],[-84.2105,10.2662],[-84.2108,10.2659],[-84.2111,10.2656],[-84.2113,10.2652],[-84.2113,10.2649],[-84.2111,10.2645],[-84.2112,10.2641],[-84.2114,10.2635],[-84.2117,10.2633],[-84.2118,10.263],[-84.2117,10.2628],[-84.2115,10.2623],[-84.2115,10.2617],[-84.2118,10.2608],[-84.2118,10.2598],[-84.212,10.259],[-84.2124,10.2582],[-84.2126,10.2574],[-84.213,10.2565],[-84.2133,10.2561],[-84.2135,10.2556],[-84.2137,10.2553],[-84.2143,10.2549],[-84.2146,10.2547],[-84.2147,10.2545],[-84.2148,10.2541],[-84.2147,10.2536],[-84.215,10.2532],[-84.2152,10.253],[-84.2153,10.2528],[-84.2152,10.2524],[-84.2153,10.2519],[-84.2155,10.2516],[-84.2158,10.2513],[-84.2162,10.2512],[-84.2168,10.251],[-84.2172,10.2507],[-84.2178,10.2499],[-84.2183,10.2495],[-84.219,10.2492],[-84.2198,10.2488],[-84.2215,10.2483],[-84.2224,10.2479],[-84.223,10.2477],[-84.2241,10.2471],[-84.225,10.2469],[-84.2258,10.2468],[-84.2267,10.2466],[-84.2272,10.2467],[-84.2287,10.247],[-84.2299,10.2471],[-84.231,10.247],[-84.2388,10.2439],[-84.2409,10.2426],[-84.242,10.2419],[-84.2412,10.2352],[-84.2356,10.2295],[-84.2356,10.227],[-84.2309,10.2181],[-84.2268,10.2128],[-84.2268,10.2064],[-84.2307,10.1981],[-84.223,10.1811],[-84.2081,10.1669],[-84.2064,10.1636],[-84.1983,10.1559],[-84.1957,10.142],[-84.1975,10.1372],[-84.2004,10.1244],[-84.2044,10.1178],[-84.2082,10.1146],[-84.2087,10.1086],[-84.22,10.1011],[-84.2218,10.0959],[-84.2261,10.0911],[-84.2273,10.0861],[-84.2315,10.0838],[-84.2325,10.0781],[-84.2365,10.0726],[-84.2406,10.0697],[-84.2469,10.0619],[-84.2466,10.0549],[-84.2526,10.0504],[-84.256,10.0426],[-84.2572,10.0364],[-84.2612,10.0308],[-84.2649,10.03],[-84.2671,10.0257],[-84.276,10.0229],[-84.2831,10.0219],[-84.2866,10.0183],[-84.2927,10.0173],[-84.297,10.0142],[-84.2998,10.015],[-84.3098,10.0049],[-84.3107,9.9984],[-84.3293,9.9973],[-84.3326,10.0009],[-84.339,10.0005],[-84.3393,9.9959],[-84.3418,9.9928],[-84.3409,9.987],[-84.3446,9.978],[-84.3509,9.9731],[-84.3486,9.9668],[-84.349,9.9628],[-84.3559,9.954],[-84.3524,9.9489],[-84.3531,9.9415],[-84.3582,9.935],[-84.3677,9.9301],[-84.3615,9.9263],[-84.3583,9.9224],[-84.3547,9.9224],[-84.349,9.9164],[-84.3385,9.915],[-84.3346,9.9176],[-84.3279,9.9144],[-84.3207,9.916],[-84.3188,9.9201],[-84.3151,9.9175],[-84.3117,9.9191],[-84.3098,9.9234],[-84.2985,9.9265],[-84.2933,9.9304],[-84.2887,9.9287],[-84.2785,9.9298],[-84.2759,9.932],[-84.2663,9.9313],[-84.2597,9.9321],[-84.2513,9.9282],[-84.2463,9.9345],[-84.2441,9.9352],[-84.2393,9.9385],[-84.236,9.9383],[-84.2338,9.9457],[-84.231,9.9485],[-84.2265,9.9481],[-84.2241,9.9456],[-84.2205,9.9478],[-84.2176,9.9587],[-84.2122,9.9632],[-84.2065,9.9609],[-84.2028,9.9619],[-84.1954,9.9694],[-84.1906,9.9731],[-84.1841,9.9725],[-84.1902,9.9745],[-84.1999,9.9681],[-84.2,9.9762],[-84.1947,9.9775],[-84.1983,9.9919],[-84.1889,9.9944],[-84.1848,9.9981],[-84.1815,9.9986],[-84.1738,10.0056],[-84.1735,10.0274],[-84.1663,10.0718],[-84.1613,10.0832],[-84.1614,10.1582],[-84.1614,10.1653],[-84.1613,10.1966],[-84.1613,10.2082],[-84.1613,10.212],[-84.1613,10.2283],[-84.1613,10.2528],[-84.1613,10.27],[-84.1613,10.2847],[-84.1613,10.2984],[-84.161,10.3631],[-84.161,10.4135]]]},"properties":{"Codigo":"201","Canton":"ALAJUELA","Provincia":"ALAJUELA"}},
{"type":"Feature","geometry":{"type":"Polygon","coordinates":[[[-84.5177,10.2494],[-84.5193,10.2607],[-84.5174,10.2679],[-84.5209,10.2757],[-84.5227,10.2842],[-84.5223,10.2885],[-84.5249,10.2941],[-84.5239,10.3094],[-84.525,10.3134],[-84.5231,10.3199],[-84.524,10.3228],[-84.5195,10.3294],[-84.5178,10.3403],[-84.5204,10.3468],[-84.52,10.359],[-84.5231,10.366],[-84.5267,10.3664],[-84.5287,10.3719],[-84.5337,10.367],[-84.5317,10.3638],[-84.5367,10.3566],[-84.5476,10.3538],[-84.5625,10.3413],[-84.5689,10.3387],[-84.5719,10.3354],[-84.5806,10.3302],[-84.5829,10.3232],[-84.5964,10.3107],[-84.6018,10.3091],[-84.6057,10.3109],[-84.6154,10.3119],[-84.6234,10.3111],[-84.6284,10.3148],[-84.6358,10.3289],[-84.6325,10.3366],[-84.6341,10.3441],[-84.6313,10.3542],[-84.6335,10.3604],[-84.6292,10.3656],[-84.6268,10.3652],[-84.6195,10.369],[-84.6059,10.3683],[-84.6025,10.3658],[-84.5965,10.3657],[-84.5915,10.3672],[-84.5856,10.3718],[-84.5793,10.3721],[-84.5717,10.3765],[-84.5609,10.3885],[-84.5537,10.3941],[-84.5538,10.41],[-84.5578,10.4163],[-84.5576,10.4272],[-84.5519,10.4356],[-84.5459,10.4354],[-84.5495,10.4418],[-84.5645,10.4486],[-84.5702,10.4401],[-84.5771,10.4413],[-84.5802,10.4391],[-84.5857,10.4434],[-84.5968,10.4468],[-84.6026,10.4429],[-84.6057,10.4426],[-84.6268,10.4572],[-84.6343,10.4534],[-84.6449,10.454],[-84.6505,10.4495],[-84.6527,10.4375],[-84.6596,10.4241],[-84.6646,10.419],[-84.6681,10.4105],[-84.6885,10.443],[-84.7215,10.3767],[-84.7216,10.3809],[-84.7266,10.3873],[-84.7272,10.3917],[-84.7313,10.395],[-84.7358,10.3949],[-84.7405,10.3982],[-84.7472,10.399],[-84.7497,10.4079],[-84.7536,10.4134],[-84.7516,10.4178],[-84.7517,10.4225],[-84.7473,10.4321],[-84.7505,10.4351],[-84.7588,10.4307],[-84.7638,10.4318],[-84.7659,10.4287],[-84.7665,10.4233],[-84.7672,10.4123],[-84.7718,10.4063],[-84.7742,10.3971],[-84.7814,10.3851],[-84.7792,10.3797],[-84.7712,10.3744],[-84.7713,10.369],[-84.7685,10.3634],[-84.7685,10.3575],[-84.7663,10.3555],[-84.7677,10.3513],[-84.7731,10.3509],[-84.7776,10.343],[-84.7773,10.3398],[-84.781,10.3319],[-84.7866,10.3225],[-84.7941,10.3205],[-84.7927,10.3162],[-84.7862,10.3068],[-84.786,10.3014],[-84.7832,10.2984],[-84.782,10.2912],[-84.7784,10.2867],[-84.7707,10.2801],[-84.7669,10.2796],[-84.7639,10.2687],[-84.7658,10.2625],[-84.7584,10.257],[-84.7456,10.2525],[-84.7379,10.2534],[-84.7334,10.2506],[-84.7288,10.2547],[-84.7248,10.2549],[-84.7214,10.261],[-84.7234,10.2669],[-84.7207,10.2686],[-84.7146,10.2671],[-84.7089,10.2637],[-84.7018,10.2632],[-84.6977,10.2673],[-84.6971,10.2707],[-84.6947,10.2777],[-84.687,10.2835],[-84.6843,10.2843],[-84.6774,10.2823],[-84.6737,10.2788],[-84.6746,10.2721],[-84.6699,10.266],[-84.6701,10.2607],[-84.6664,10.2549],[-84.664,10.254],[-84.6572,10.2433],[-84.6586,10.2383],[-84.6567,10.2346],[-84.6627,10.2262],[-84.6608,10.2235],[-84.6604,10.2113],[-84.6643,10.2067],[-84.6614,10.2001],[-84.6647,10.1945],[-84.6683,10.1926],[-84.6797,10.1816],[-84.6835,10.1767],[-84.6786,10.1742],[-84.668,10.1754],[-84.6643,10.1699],[-84.6651,10.163],[-84.6701,10.1554],[-84.6656,10.1527],[-84.6654,10.1461],[-84.6731,10.1412],[-84.6712,10.1282],[-84.6651,10.1224],[-84.6614,10.1172],[-84.6602,10.1113],[-84.6572,10.1092],[-84.6536,10.1013],[-84.6481,10.0945],[-84.648,10.0871],[-84.6457,10.0863],[-84.6438,10.0808],[-84.6376,10.0774],[-84.6313,10.0706],[-84.6319,10.0683],[-84.6286,10.0635],[-84.628,10.0569],[-84.6246,10.0476],[-84.6178,10.0438],[-84.6094,10.0461],[-84.6026,10.044],[-84.6001,10.0374],[-84.5927,10.0351],[-84.5837,10.0277],[-84.5787,10.0253],[-84.5735,10.02],[-84.5665,10.0214],[-84.5659,10.029],[-84.5632,10.0292],[-84.5628,10.0229],[-84.5641,10.016],[-84.5609,10.0128],[-84.5595,10.0063],[-84.5565,10.0044],[-84.5566,9.9961],[-84.5539,9.9932],[-84.5487,9.9999],[-84.5388,10.0066],[-84.532,10.0101],[-84.5209,10.0134],[-84.5185,10.011],[-84.5081,10.0147],[-84.5026,10.0116],[-84.4978,10.0149],[-84.4951,10.0087],[-84.4967,10.0052],[-84.4944,9.9927],[-84.4978,9.9837],[-84.4945,9.9796],[-84.4821,9.9843],[-84.4648,9.9893],[-84.4582,9.9934],[-84.4554,9.9979],[-84.452,9.9978],[-84.4547,10.0074],[-84.4551,10.009],[-84.4637,10.011],[-84.4656,10.0147],[-84.4688,10.0152],[-84.4687,10.029],[-84.46,10.0431],[-84.4594,10.0531],[-84.4533,10.0597],[-84.451,10.0642],[-84.4467,10.0798],[-84.4385,10.0814],[-84.4336,10.086],[-84.4343,10.092],[-84.4379,10.0995],[-84.4438,10.1021],[-84.4395,10.1109],[-84.4339,10.1148],[-84.4341,10.1234],[-84.4252,10.128],[-84.4154,10.1302],[-84.4226,10.1414],[-84.4317,10.1653],[-84.4322,10.1682],[-84.4369,10.1671],[-84.4427,10.1696],[-84.4439,10.1724],[-84.4521,10.1748],[-84.4579,10.1818],[-84.4654,10.1855],[-84.4666,10.1883],[-84.4729,10.1937],[-84.4721,10.2021],[-84.4791,10.2135],[-84.4794,10.2166],[-84.4875,10.2192],[-84.4944,10.2276],[-84.4986,10.2299],[-84.5107,10.2327],[-84.5167,10.235],[-84.515,10.2402],[-84.5178,10.2432],[-84.5177,10.2494]]]},"properties":{"Provincia":"ALAJUELA","Canton":"SAN RAMON","Codigo":"202"}},
{"type":"Feature","geometry":{"type":"Polygon","coordinates":[[[-84.239,10.1866],[-84.2436,10.184],[-84.2429,10.18],[-84.2516,10.1794],[-84.2588,10.1821],[-84.2646,10.1815],[-84.2678,10.1832],[-84.2702,10.1882],[-84.2757,10.1853],[-84.2803,10.1774],[-84.2881,10.1715],[-84.2948,10.1688],[-84.2946,10.1652],[-84.2978,10.1619],[-84.3006,10.1557],[-84.3042,10.1548],[-84.3107,10.1477],[-84.3173,10.1361],[-84.3167,10.1303],[-84.32,10.128],[-84.3226,10.1188],[-84.3249,10.1175],[-84.3249,10.1059],[-84.324,10.0973],[-84.3306,10.0828],[-84.3347,10.076],[-84.342,10.0689],[-84.3444,10.0625],[-84.3498,10.0631],[-84.3557,10.0532],[-84.3576,10.0481],[-84.357,10.0449],[-84.3601,10.0405],[-84.3578,10.0366],[-84.359,10.0299],[-84.3582,10.0244],[-84.3606,10.018],[-84.3622,10.0159],[-84.3573,10.0121],[-84.3575,10.0071],[-84.3545,10.0002],[-84.3506,9.9959],[-84.3453,9.9969],[-84.3418,9.9928],[-84.3393,9.9959],[-84.339,10.0005],[-84.3326,10.0009],[-84.3293,9.9973],[-84.3107,9.9984],[-84.3098,10.0049],[-84.2998,10.015],[-84.2952,10.0234],[-84.2888,10.029],[-84.286,10.0365],[-84.2801,10.0406],[-84.2779,10.0473],[-84.2783,10.0548],[-84.2738,10.0629],[-84.2734,10.068],[-84.2705,10.0743],[-84.2719,10.0814],[-84.2738,10.084],[-84.2707,10.0935],[-84.2718,10.1004],[-84.2703,10.1045],[-84.2602,10.1136],[-84.2548,10.1209],[-84.2509,10.1228],[-84.2507,10.1288],[-84.2435,10.1346],[-84.2428,10.1442],[-84.2394,10.1542],[-84.2353,10.1608],[-84.2301,10.1652],[-84.2324,10.1709],[-84.2359,10.1731],[-84.239,10.1866]]]},"properties":{"Codigo":"203","Provincia":"ALAJUELA","Canton":"GRECIA"}},
{"type":"Feature","geometry":{"type":"Polygon","coordinates":[[[-84.452,9.9978],[-84.4554,9.9979],[-84.4582,9.9934],[-84.4648,9.9893],[-84.4821,9.9843],[-84.4945,9.9796],[-84.4978,9.9837],[-84.4944,9.9927],[-84.4967,10.0052],[-84.4951,10.0087],[-84.4978,10.0149],[-84.5026,10.0116],[-84.5081,10.0147],[-84.5185,10.011],[-84.5209,10.0134],[-84.532,10.0101],[-84.5388,10.0066],[-84.5487,9.9999],[-84.5539,9.9932],[-84.5533,9.9861],[-84.5626,9.984],[-84.5669,9.9815],[-84.5704,9.9828],[-84.571,9.9868],[-84.5775,9.9831],[-84.5884,9.9783],[-84.5921,9.9722],[-84.5984,9.9716],[-84.6059,9.965],[-84.6069,9.9603],[-84.611,9.9561],[-84.6151,9.9571],[-84.6151,9.9522],[-84.6242,9.9512],[-84.6304,9.9492],[-84.6327,9.9501],[-84.6406,9.9401],[-84.6495,9.9444],[-84.6529,9.9397],[-84.6525,9.9358],[-84.656,9.9337],[-84.6604,9.9255],[-84.6678,9.9223],[-84.6674,9.9175],[-84.666,9.9151],[-84.6595,9.9118],[-84.6533,9.9102],[-84.6491,9.9069],[-84.6437,9.9084],[-84.6385,9.9182],[-84.6334,9.9207],[-84.6263,9.9209],[-84.6206,9.9271],[-84.6114,9.9247],[-84.605,9.9272],[-84.6,9.9308],[-84.5973,9.9347],[-84.592,9.9334],[-84.5771,9.935],[-84.5736,9.9295],[-84.5681,9.929],[-84.5536,9.9213],[-84.5488,9.9205],[-84.544,9.9269],[-84.5435,9.9308],[-84.5399,9.9318],[-84.5281,9.9275],[-84.5193,9.9301],[-84.5129,9.9303],[-84.5062,9.9324],[-84.5016,9.9363],[-84.5005,9.9415],[-84.4921,9.9455],[-84.4858,9.9463],[-84.48,9.9443],[-84.478,9.9465],[-84.4724,9.9427],[-84.4677,9.9417],[-84.467,9.9478],[-84.4682,9.9527],[-84.4607,9.9597],[-84.4568,9.9605],[-84.4526,9.9691],[-84.4546,9.9754],[-84.4533,9.979],[-84.4554,9.9883],[-84.4519,9.9942],[-84.452,9.9978]]]},"properties":{"Canton":"SAN MATEO","Provincia":"ALAJUELA","Codigo":"204"}},
{"type":"Feature","geometry":{"type":"Polygon","coordinates":[[[-84.3606,10.018],[-84.3641,10.0201],[-84.3656,10.026],[-84.3645,10.0303],[-84.3666,10.0344],[-84.3789,10.0355],[-84.3876,10.0371],[-84.3921,10.0391],[-84.4033,10.0352],[-84.4047,10.0338],[-84.4124,10.0275],[-84.4224,10.0246],[-84.4231,10.0186],[-84.425,10.0151],[-84.4383,10.0105],[-84.4436,10.0108],[-84.4547,10.0074],[-84.452,9.9978],[-84.4519,9.9942],[-84.4554,9.9883],[-84.4533,9.979],[-84.4546,9.9754],[-84.4526,9.9691],[-84.4568,9.9605],[-84.4607,9.9597],[-84.4682,9.9527],[-84.467,9.9478],[-84.4677,9.9417],[-84.4682,9.9361],[-84.4629,9.9291],[-84.4622,9.9242],[-84.4614,9.9213],[-84.442,9.9224],[-84.4353,9.921],[-84.4245,9.9254],[-84.4211,9.9203],[-84.4143,9.9233],[-84.4127,9.9289],[-84.4061,9.9271],[-84.3995,9.9313],[-84.394,9.9305],[-84.3943,9.9354],[-84.3892,9.9362],[-84.3855,9.9315],[-84.3721,9.9264],[-84.3677,9.9301],[-84.3582,9.935],[-84.3531,9.9415],[-84.3524,9.9489],[-84.3559,9.954],[-84.349,9.9628],[-84.3486,9.9668],[-84.3509,9.9731],[-84.3446,9.978],[-84.3409,9.987],[-84.3418,9.9928],[-84.3453,9.9969],[-84.3506,9.9959],[-84.3545,10.0002],[-84.3575,10.0071],[-84.3573,10.0121],[-84.3622,10.0159],[-84.3606,10.018]]]},"properties":{"Codigo":"205","Canton":"ATENAS","Provincia":"ALAJUELA"}},
{"type":"Feature","geometry":{"type":"Polygon","coordinates":[[[-84.3338,10.1731],[-84.338,10.173],[-84.3406,10.1758],[-84.3417,10.1817],[-84.3403,10.1855],[-84.3424,10.1919],[-84.3451,10.1935],[-84.3502,10.1878],[-84.3562,10.1857],[-84.3604,10.186],[-84.3663,10.1836],[-84.3718,10.1831],[-84.4049,10.1693],[-84.4153,10.1691],[-84.4163,10.1713],[-84.4238,10.169],[-84.4267,10.1714],[-84.4322,10.1682],[-84.4317,10.1653],[-84.4226,10.1414],[-84.4154,10.1302],[-84.4252,10.128],[-84.4341,10.1234],[-84.4339,10.1148],[-84.4395,10.1109],[-84.4438,10.1021],[-84.4379,10.0995],[-84.4343,10.092],[-84.4336,10.086],[-84.4259,10.084],[-84.4255,10.0818],[-84.42,10.0794],[-84.4142,10.0747],[-84.4121,10.0708],[-84.4109,10.0602],[-84.4079,10.0539],[-84.413,10.0396],[-84.4047,10.0338],[-84.4033,10.0352],[-84.3921,10.0391],[-84.3876,10.0371],[-84.3789,10.0355],[-84.3666,10.0344],[-84.3645,10.0303],[-84.3656,10.026],[-84.3641,10.0201],[-84.3606,10.018],[-84.3582,10.0244],[-84.359,10.0299],[-84.3578,10.0366],[-84.3601,10.0405],[-84.357,10.0449],[-84.3576,10.0481],[-84.3584,10.0564],[-84.3566,10.0582],[-84.3592,10.0708],[-84.3593,10.0798],[-84.3621,10.0871],[-84.3557,10.0999],[-84.3573,10.1068],[-84.3558,10.1097],[-84.3571,10.1142],[-84.352,10.1216],[-84.3518,10.1279],[-84.3472,10.1318],[-84.3444,10.1437],[-84.3407,10.1483],[-84.3409,10.1574],[-84.3353,10.1574],[-84.3331,10.1623],[-84.3349,10.169],[-84.3338,10.1731]]]},"properties":{"Canton":"NARANJO","Provincia":"ALAJUELA","Codigo":"206"}},
{"type":"Feature","geometry":{"type":"Polygon","coordinates":[[[-84.4047,10.0338],[-84.413,10.0396],[-84.4079,10.0539],[-84.4109,10.0602],[-84.4121,10.0708],[-84.4142,10.0747],[-84.42,10.0794],[-84.4255,10.0818],[-84.4259,10.084],[-84.4336,10.086],[-84.4385,10.0814],[-84.4467,10.0798],[-84.451,10.0642],[-84.4533,10.0597],[-84.4594,10.0531],[-84.46,10.0431],[-84.4687,10.029],[-84.4688,10.0152],[-84.4656,10.0147],[-84.4637,10.011],[-84.4551,10.009],[-84.4547,10.0074],[-84.4436,10.0108],[-84.4383,10.0105],[-84.425,10.0151],[-84.4231,10.0186],[-84.4224,10.0246],[-84.4124,10.0275],[-84.4047,10.0338]]]},"properties":{"Codigo":"207","Provincia":"ALAJUELA","Canton":"PALMARES"}},
{"type":"Feature","geometry":{"type":"Polygon","coordinates":[[[-84.2998,10.015],[-84.297,10.0142],[-84.2927,10.0173],[-84.2866,10.0183],[-84.2831,10.0219],[-84.276,10.0229],[-84.2671,10.0257],[-84.2649,10.03],[-84.2612,10.0308],[-84.2572,10.0364],[-84.256,10.0426],[-84.2526,10.0504],[-84.2466,10.0549],[-84.2469,10.0619],[-84.2406,10.0697],[-84.2365,10.0726],[-84.2325,10.0781],[-84.2315,10.0838],[-84.2273,10.0861],[-84.2261,10.0911],[-84.2218,10.0959],[-84.22,10.1011],[-84.2087,10.1086],[-84.2082,10.1146],[-84.2044,10.1178],[-84.2004,10.1244],[-84.1975,10.1372],[-84.1957,10.142],[-84.1983,10.1559],[-84.2064,10.1636],[-84.2081,10.1669],[-84.223,10.1811],[-84.2307,10.1981],[-84.239,10.1866],[-84.2359,10.1731],[-84.2324,10.1709],[-84.2301,10.1652],[-84.2353,10.1608],[-84.2394,10.1542],[-84.2428,10.1442],[-84.2435,10.1346],[-84.2507,10.1288],[-84.2509,10.1228],[-84.2548,10.1209],[-84.2602,10.1136],[-84.2703,10.1045],[-84.2718,10.1004],[-84.2707,10.0935],[-84.2738,10.084],[-84.2719,10.0814],[-84.2705,10.0743],[-84.2734,10.068],[-84.2738,10.0629],[-84.2783,10.0548],[-84.2779,10.0473],[-84.2801,10.0406],[-84.286,10.0365],[-84.2888,10.029],[-84.2952,10.0234],[-84.2998,10.015]]]},"properties":{"Canton":"POAS","Provincia":"ALAJUELA","Codigo":"208"}},
{"type":"Feature","geometry":{"type":"Polygon","coordinates":[[[-84.4677,9.9417],[-84.4724,9.9427],[-84.478,9.9465],[-84.48,9.9443],[-84.4858,9.9463],[-84.4921,9.9455],[-84.5005,9.9415],[-84.5016,9.9363],[-84.5062,9.9324],[-84.5129,9.9303],[-84.5193,9.9301],[-84.5281,9.9275],[-84.5399,9.9318],[-84.5435,9.9308],[-84.544,9.9269],[-84.5488,9.9205],[-84.5536,9.9213],[-84.5681,9.929],[-84.5736,9.9295],[-84.5771,9.935],[-84.592,9.9334],[-84.5973,9.9347],[-84.6,9.9308],[-84.605,9.9272],[-84.6114,9.9247],[-84.6206,9.9271],[-84.6263,9.9209],[-84.6334,9.9207],[-84.6385,9.9182],[-84.6437,9.9084],[-84.6491,9.9069],[-84.6533,9.9102],[-84.6595,9.9118],[-84.666,9.9151],[-84.6674,9.9175],[-84.6713,9.9147],[-84.6712,9.9118],[-84.6796,9.907],[-84.6822,9.9091],[-84.6872,9.907],[-84.6891,9.9031],[-84.6843,9.8969],[-84.684,9.8937],[-84.6873,9.8876],[-84.6822,9.8856],[-84.679,9.88],[-84.6809,9.8747],[-84.6804,9.875],[-84.6798,9.875],[-84.679,9.8748],[-84.6785,9.8748],[-84.678,9.8752],[-84.6778,9.8756],[-84.678,9.8761],[-84.6781,9.8764],[-84.678,9.8765],[-84.6774,9.8768],[-84.6772,9.8773],[-84.6773,9.878],[-84.6773,9.8783],[-84.6771,9.8785],[-84.6769,9.8784],[-84.6766,9.8783],[-84.676,9.8778],[-84.6753,9.8774],[-84.6749,9.8773],[-84.6745,9.8773],[-84.6741,9.8775],[-84.6737,9.8781],[-84.6732,9.8784],[-84.6728,9.8784],[-84.6726,9.8783],[-84.6723,9.878],[-84.672,9.8781],[-84.6715,9.8786],[-84.6712,9.8788],[-84.6708,9.8788],[-84.6707,9.8787],[-84.6708,9.8786],[-84.6709,9.8783],[-84.6708,9.8782],[-84.6705,9.8781],[-84.6701,9.8781],[-84.6699,9.878],[-84.6699,9.8773],[-84.6696,9.8771],[-84.6686,9.877],[-84.6678,9.8768],[-84.6673,9.8768],[-84.6666,9.877],[-84.666,9.8768],[-84.6657,9.877],[-84.6653,9.8774],[-84.6651,9.8774],[-84.6647,9.8772],[-84.6645,9.8771],[-84.6645,9.8769],[-84.6648,9.8764],[-84.6649,9.876],[-84.6648,9.8758],[-84.6646,9.8756],[-84.6637,9.8757],[-84.6628,9.8758],[-84.662,9.8758],[-84.6617,9.8757],[-84.6613,9.8751],[-84.6611,9.875],[-84.6608,9.875],[-84.6608,9.8753],[-84.6607,9.8761],[-84.6604,9.8764],[-84.6601,9.8765],[-84.6595,9.8763],[-84.6586,9.8759],[-84.658,9.8756],[-84.6573,9.8749],[-84.6567,9.874],[-84.6563,9.8732],[-84.6559,9.8728],[-84.6555,9.8727],[-84.6549,9.873],[-84.6544,9.873],[-84.6539,9.8729],[-84.6535,9.8728],[-84.6529,9.8721],[-84.6522,9.8716],[-84.6515,9.8712],[-84.6505,9.8707],[-84.6495,9.8704],[-84.6486,9.8704],[-84.6476,9.8702],[-84.6473,9.8701],[-84.6473,9.8699],[-84.6478,9.869],[-84.648,9.8683],[-84.6482,9.8675],[-84.6484,9.8669],[-84.6484,9.8666],[-84.6481,9.8662],[-84.6478,9.866],[-84.6478,9.8655],[-84.6476,9.8652],[-84.6473,9.8652],[-84.6471,9.8655],[-84.6468,9.8662],[-84.6466,9.8663],[-84.6463,9.8663],[-84.6462,9.866],[-84.6459,9.8653],[-84.6455,9.8649],[-84.6448,9.8648],[-84.6441,9.8649],[-84.6438,9.865],[-84.6436,9.8655],[-84.6432,9.8658],[-84.6429,9.8659],[-84.6427,9.8659],[-84.6423,9.8657],[-84.642,9.8652],[-84.6416,9.8648],[-84.6411,9.8647],[-84.6407,9.8647],[-84.6401,9.865],[-84.6392,9.8657],[-84.6383,9.866],[-84.638,9.8661],[-84.6375,9.866],[-84.6371,9.8659],[-84.637,9.8658],[-84.6371,9.8654],[-84.6371,9.8652],[-84.6369,9.8648],[-84.6365,9.8647],[-84.636,9.8647],[-84.6351,9.8649],[-84.6348,9.865],[-84.6339,9.8645],[-84.6334,9.8643],[-84.6329,9.864],[-84.6323,9.8637],[-84.6311,9.8635],[-84.6304,9.8633],[-84.6298,9.8631],[-84.6297,9.8629],[-84.6296,9.8625],[-84.6292,9.8622],[-84.6286,9.8621],[-84.6278,9.8622],[-84.6273,9.8621],[-84.6269,9.862],[-84.6265,9.8618],[-84.6262,9.8617],[-84.6255,9.8618],[-84.6244,9.862],[-84.6232,9.862],[-84.622,9.8621],[-84.6214,9.8622],[-84.6203,9.8624],[-84.6196,9.8623],[-84.6189,9.8622],[-84.6184,9.8622],[-84.6171,9.8615],[-84.6166,9.8613],[-84.6161,9.861],[-84.6156,9.8608],[-84.6153,9.8607],[-84.6147,9.861],[-84.6133,9.8623],[-84.6129,9.8623],[-84.6123,9.8622],[-84.6118,9.8621],[-84.6113,9.8622],[-84.6108,9.8622],[-84.6106,9.8622],[-84.6104,9.8619],[-84.6101,9.8614],[-84.6095,9.8613],[-84.6085,9.8613],[-84.6077,9.8615],[-84.607,9.8617],[-84.6065,9.8619],[-84.6063,9.8619],[-84.6058,9.8616],[-84.6054,9.8615],[-84.6045,9.8618],[-84.6038,9.862],[-84.6034,9.8621],[-84.603,9.862],[-84.603,9.8611],[-84.603,9.8603],[-84.6027,9.8598],[-84.6023,9.8595],[-84.6017,9.8594],[-84.6011,9.8596],[-84.6008,9.8596],[-84.6006,9.8596],[-84.6004,9.8594],[-84.6004,9.8589],[-84.6,9.8582],[-84.5996,9.8575],[-84.5994,9.8574],[-84.5989,9.8575],[-84.5984,9.8574],[-84.5981,9.8578],[-84.5977,9.8585],[-84.5974,9.8586],[-84.5969,9.8583],[-84.5967,9.8578],[-84.5967,9.8571],[-84.5966,9.8555],[-84.5966,9.8544],[-84.5965,9.8542],[-84.596,9.8538],[-84.5955,9.8534],[-84.5955,9.853],[-84.5959,9.8526],[-84.5968,9.8523],[-84.5974,9.8521],[-84.5985,9.8517],[-84.5987,9.8514],[-84.5988,9.8508],[-84.5988,9.8502],[-84.5989,9.85],[-84.5991,9.85],[-84.5998,9.8501],[-84.5999,9.85],[-84.6,9.8494],[-84.5999,9.8492],[-84.5997,9.849],[-84.5993,9.849],[-84.599,9.8488],[-84.5986,9.8487],[-84.5981,9.8488],[-84.5977,9.8487],[-84.597,9.8488],[-84.5965,9.8486],[-84.5961,9.8483],[-84.5952,9.8474],[-84.5947,9.8468],[-84.5943,9.8461],[-84.5939,9.8455],[-84.5939,9.8451],[-84.5937,9.8438],[-84.5916,9.8411],[-84.5913,9.8409],[-84.5904,9.8406],[-84.5894,9.8404],[-84.5885,9.8404],[-84.5874,9.8403],[-84.5865,9.8401],[-84.5855,9.8401],[-84.5848,9.8403],[-84.5836,9.8408],[-84.5828,9.8415],[-84.5822,9.8416],[-84.5816,9.8415],[-84.581,9.8412],[-84.5805,9.841],[-84.5801,9.8411],[-84.5794,9.8415],[-84.5786,9.8425],[-84.5778,9.8432],[-84.5765,9.8444],[-84.5756,9.8452],[-84.575,9.8457],[-84.5746,9.8459],[-84.5744,9.8459],[-84.5741,9.8457],[-84.5736,9.8453],[-84.5731,9.8449],[-84.5725,9.8448],[-84.5717,9.8449],[-84.5709,9.8448],[-84.5699,9.8446],[-84.5692,9.8446],[-84.5681,9.844],[-84.5675,9.8437],[-84.5667,9.8434],[-84.566,9.8434],[-84.5652,9.8432],[-84.5644,9.8426],[-84.563,9.8419],[-84.5586,9.8436],[-84.5559,9.8485],[-84.5489,9.8476],[-84.5467,9.8501],[-84.5475,9.8629],[-84.5392,9.8613],[-84.5416,9.8702],[-84.5437,9.873],[-84.5408,9.8762],[-84.5372,9.8732],[-84.5331,9.8783],[-84.5283,9.8773],[-84.5241,9.8855],[-84.5166,9.8881],[-84.5133,9.8929],[-84.5052,9.8913],[-84.501,9.9009],[-84.4996,9.9095],[-84.4945,9.9073],[-84.4827,9.9105],[-84.4751,9.9159],[-84.4677,9.9166],[-84.4649,9.9229],[-84.4622,9.9242],[-84.4629,9.9291],[-84.4682,9.9361],[-84.4677,9.9417]]]},"properties":{"Codigo":"209","Provincia":"ALAJUELA","Canton":"OROTINA"}},
{"type":"Feature","geometry":{"type":"Polygon","coordinates":[[[-84.1611,10.7854],[-84.1752,10.786],[-84.1895,10.7898],[-84.1923,10.7893],[-84.2005,10.7814],[-84.2033,10.782],[-84.2069,10.7864],[-84.2082,10.7923],[-84.2062,10.7975],[-84.2132,10.801],[-84.2236,10.8013],[-84.2266,10.8046],[-84.2284,10.8101],[-84.2348,10.8128],[-84.2374,10.8191],[-84.2209,10.8249],[-84.2189,10.8319],[-84.2149,10.8393],[-84.2153,10.8438],[-84.2197,10.8555],[-84.2197,10.8645],[-84.2251,10.8729],[-84.2286,10.8753],[-84.2373,10.8762],[-84.2441,10.885],[-84.2583,10.8915],[-84.2639,10.8909],[-84.2801,10.893],[-84.285,10.8954],[-84.2917,10.911],[-84.2999,10.9166],[-84.3047,10.9157],[-84.3122,10.9209],[-84.3179,10.9162],[-84.3249,10.9202],[-84.3267,10.925],[-84.3311,10.9301],[-84.3339,10.9366],[-84.3362,10.946],[-84.3395,10.948],[-84.3484,10.9495],[-84.3511,10.9519],[-84.3484,10.9595],[-84.3474,10.9665],[-84.3416,10.9712],[-84.3418,10.9744],[-84.3508,10.9882],[-84.3584,10.9959],[-84.3764,10.9775],[-84.3999,10.9751],[-84.4203,10.9552],[-84.4506,10.961],[-84.4515,10.962],[-84.4576,10.9631],[-84.4603,10.9584],[-84.4662,10.959],[-84.4675,10.9545],[-84.4779,10.9517],[-84.4728,10.9431],[-84.4731,10.9373],[-84.4768,10.9282],[-84.471,10.9242],[-84.4721,10.9168],[-84.4687,10.9105],[-84.4709,10.9052],[-84.4687,10.8985],[-84.4714,10.8935],[-84.4684,10.8906],[-84.4683,10.8818],[-84.4704,10.8731],[-84.4744,10.8715],[-84.4811,10.8747],[-84.4835,10.8738],[-84.4924,10.8774],[-84.4934,10.8734],[-84.5006,10.8728],[-84.5051,10.8766],[-84.5073,10.8822],[-84.5111,10.8802],[-84.5216,10.8791],[-84.5229,10.8748],[-84.5262,10.8756],[-84.5364,10.8728],[-84.5365,10.8698],[-84.5438,10.8674],[-84.5425,10.864],[-84.5465,10.8567],[-84.5441,10.8529],[-84.5462,10.849],[-84.5415,10.8438],[-84.5405,10.8378],[-84.5419,10.8351],[-84.5386,10.8305],[-84.5388,10.8226],[-84.547,10.8139],[-84.5439,10.8034],[-84.5473,10.8],[-84.5452,10.795],[-84.5488,10.7944],[-84.5454,10.784],[-84.5469,10.7774],[-84.5405,10.7688],[-84.5364,10.7677],[-84.5317,10.7636],[-84.5289,10.7635],[-84.5296,10.7562],[-84.5241,10.7432],[-84.5255,10.7375],[-84.5235,10.7349],[-84.5244,10.726],[-84.5225,10.725],[-84.5222,10.719],[-84.5196,10.7164],[-84.5221,10.7092],[-84.5205,10.7066],[-84.5224,10.701],[-84.5191,10.6937],[-84.5232,10.6913],[-84.5251,10.6859],[-84.5291,10.689],[-84.5418,10.6851],[-84.5431,10.6835],[-84.5554,10.6816],[-84.5603,10.6839],[-84.5635,10.6814],[-84.5669,10.6739],[-84.5698,10.6734],[-84.5687,10.6647],[-84.5704,10.6598],[-84.5772,10.6579],[-84.5786,10.6539],[-84.5848,10.6512],[-84.5846,10.6476],[-84.6145,10.6475],[-84.6158,10.6322],[-84.6204,10.6294],[-84.6222,10.6386],[-84.6272,10.6452],[-84.629,10.65],[-84.6389,10.6577],[-84.6426,10.6623],[-84.6499,10.6627],[-84.6473,10.6385],[-84.6578,10.6385],[-84.6599,10.6396],[-84.6682,10.6371],[-84.6739,10.6432],[-84.6831,10.6449],[-84.6846,10.6379],[-84.6914,10.6288],[-84.6903,10.6171],[-84.6993,10.6186],[-84.6997,10.6212],[-84.7073,10.6243],[-84.712,10.6338],[-84.7175,10.6389],[-84.7233,10.6341],[-84.7272,10.6343],[-84.7294,10.638],[-84.738,10.6415],[-84.7424,10.6409],[-84.7472,10.6452],[-84.7515,10.6471],[-84.7557,10.6456],[-84.7531,10.6383],[-84.7632,10.6384],[-84.7633,10.6315],[-84.7604,10.6279],[-84.7658,10.6195],[-84.7697,10.6194],[-84.773,10.6165],[-84.7716,10.6102],[-84.7753,10.6052],[-84.7837,10.6034],[-84.7876,10.6002],[-84.7898,10.5929],[-84.7899,10.5862],[-84.796,10.5826],[-84.8049,10.5852],[-84.8044,10.5891],[-84.8082,10.591],[-84.8155,10.5973],[-84.8205,10.5999],[-84.8237,10.5975],[-84.8194,10.5932],[-84.8176,10.5864],[-84.8172,10.5783],[-84.8208,10.5742],[-84.8257,10.5724],[-84.8367,10.5634],[-84.843,10.5639],[-84.856,10.5587],[-84.8594,10.5588],[-84.8632,10.5558],[-84.8604,10.5557],[-84.851,10.5459],[-84.8442,10.5455],[-84.8457,10.5317],[-84.8391,10.5301],[-84.8362,10.5237],[-84.8304,10.5231],[-84.824,10.5246],[-84.8203,10.5223],[-84.8207,10.5147],[-84.8119,10.5106],[-84.8048,10.5056],[-84.8019,10.5023],[-84.7949,10.4986],[-84.7934,10.4922],[-84.788,10.4931],[-84.7822,10.4961],[-84.7742,10.4974],[-84.7741,10.4628],[-84.7712,10.4531],[-84.7666,10.4258],[-84.7665,10.4233],[-84.7659,10.4287],[-84.7638,10.4318],[-84.7588,10.4307],[-84.7505,10.4351],[-84.7473,10.4321],[-84.7517,10.4225],[-84.7516,10.4178],[-84.7536,10.4134],[-84.7497,10.4079],[-84.7472,10.399],[-84.7405,10.3982],[-84.7358,10.3949],[-84.7313,10.395],[-84.7272,10.3917],[-84.7266,10.3873],[-84.7216,10.3809],[-84.7215,10.3767],[-84.6885,10.443],[-84.6681,10.4105],[-84.6646,10.419],[-84.6596,10.4241],[-84.6527,10.4375],[-84.6505,10.4495],[-84.6449,10.454],[-84.6343,10.4534],[-84.6268,10.4572],[-84.6057,10.4426],[-84.6026,10.4429],[-84.5968,10.4468],[-84.5857,10.4434],[-84.5802,10.4391],[-84.5771,10.4413],[-84.5702,10.4401],[-84.5645,10.4486],[-84.5495,10.4418],[-84.5459,10.4354],[-84.5519,10.4356],[-84.5576,10.4272],[-84.5578,10.4163],[-84.5538,10.41],[-84.5537,10.3941],[-84.5609,10.3885],[-84.5717,10.3765],[-84.5793,10.3721],[-84.5856,10.3718],[-84.5915,10.3672],[-84.5965,10.3657],[-84.6025,10.3658],[-84.6059,10.3683],[-84.6195,10.369],[-84.6268,10.3652],[-84.6292,10.3656],[-84.6335,10.3604],[-84.6313,10.3542],[-84.6341,10.3441],[-84.6325,10.3366],[-84.6358,10.3289],[-84.6284,10.3148],[-84.6234,10.3111],[-84.6154,10.3119],[-84.6057,10.3109],[-84.6018,10.3091],[-84.5964,10.3107],[-84.5829,10.3232],[-84.5806,10.3302],[-84.5719,10.3354],[-84.5689,10.3387],[-84.5625,10.3413],[-84.5476,10.3538],[-84.5367,10.3566],[-84.5317,10.3638],[-84.5337,10.367],[-84.5287,10.3719],[-84.5267,10.3664],[-84.5231,10.366],[-84.52,10.359],[-84.5204,10.3468],[-84.5178,10.3403],[-84.5195,10.3294],[-84.524,10.3228],[-84.5231,10.3199],[-84.525,10.3134],[-84.5239,10.3094],[-84.5249,10.2941],[-84.5223,10.2885],[-84.5227,10.2842],[-84.5209,10.2757],[-84.5174,10.2679],[-84.5193,10.2607],[-84.5177,10.2494],[-84.4325,10.2704],[-84.4272,10.2658],[-84.4129,10.2623],[-84.4035,10.2617],[-84.3996,10.2595],[-84.3872,10.2594],[-84.3835,10.2575],[-84.3793,10.2517],[-84.3757,10.2533],[-84.3709,10.2524],[-84.3684,10.2545],[-84.3596,10.2559],[-84.3555,10.2465],[-84.3505,10.2474],[-84.3412,10.2581],[-84.3352,10.2582],[-84.3327,10.2637],[-84.329,10.2603],[-84.3256,10.2604],[-84.3213,10.2569],[-84.3171,10.2564],[-84.3119,10.2602],[-84.3063,10.2615],[-84.2943,10.2618],[-84.2917,10.26],[-84.2811,10.2619],[-84.2702,10.2682],[-84.2657,10.2729],[-84.2648,10.2763],[-84.2648,10.2764],[-84.2646,10.2769],[-84.2645,10.2773],[-84.2645,10.2775],[-84.2644,10.2776],[-84.2644,10.2778],[-84.2643,10.278],[-84.2642,10.2782],[-84.2642,10.2783],[-84.2641,10.2785],[-84.2639,10.2787],[-84.2636,10.279],[-84.2634,10.2794],[-84.2632,10.2797],[-84.263,10.2801],[-84.2629,10.2802],[-84.2628,10.2807],[-84.2626,10.2812],[-84.2625,10.2816],[-84.2625,10.2819],[-84.2625,10.2823],[-84.2624,10.2826],[-84.2624,10.2828],[-84.2622,10.2834],[-84.262,10.2837],[-84.2617,10.284],[-84.2615,10.2842],[-84.2612,10.2844],[-84.2611,10.2845],[-84.2607,10.2849],[-84.2605,10.2852],[-84.2604,10.2855],[-84.2603,10.2858],[-84.2602,10.2861],[-84.2601,10.2865],[-84.2601,10.287],[-84.26,10.2875],[-84.2599,10.2877],[-84.2598,10.2879],[-84.2597,10.2881],[-84.2595,10.2882],[-84.2592,10.2882],[-84.259,10.2882],[-84.2588,10.2882],[-84.2585,10.2883],[-84.2583,10.2883],[-84.2581,10.2885],[-84.2578,10.2889],[-84.2575,10.2893],[-84.2573,10.2897],[-84.2572,10.29],[-84.2571,10.2902],[-84.257,10.2907],[-84.2569,10.2912],[-84.2569,10.2914],[-84.2569,10.2917],[-84.257,10.292],[-84.257,10.2922],[-84.2571,10.2925],[-84.2572,10.2927],[-84.2573,10.2929],[-84.2576,10.2933],[-84.2578,10.2936],[-84.2578,10.2938],[-84.2579,10.2941],[-84.2579,10.2943],[-84.2578,10.2945],[-84.2578,10.2946],[-84.2573,10.2954],[-84.2569,10.2959],[-84.2568,10.2961],[-84.2567,10.2963],[-84.2567,10.2966],[-84.2568,10.2968],[-84.2569,10.2969],[-84.2574,10.2973],[-84.2575,10.2976],[-84.2576,10.2978],[-84.2576,10.2981],[-84.2576,10.2985],[-84.2576,10.2987],[-84.2575,10.2992],[-84.2574,10.2998],[-84.2573,10.3],[-84.2573,10.3005],[-84.2572,10.3011],[-84.2571,10.3013],[-84.257,10.3016],[-84.2568,10.3018],[-84.2566,10.3021],[-84.2564,10.3023],[-84.2561,10.3025],[-84.2559,10.3027],[-84.2554,10.3029],[-84.2551,10.3031],[-84.2546,10.3032],[-84.2543,10.3034],[-84.254,10.3037],[-84.2538,10.3039],[-84.2536,10.3042],[-84.2535,10.3045],[-84.2534,10.3049],[-84.2532,10.3058],[-84.2532,10.306],[-84.253,10.3061],[-84.2527,10.3064],[-84.2522,10.3067],[-84.2519,10.3069],[-84.2516,10.3072],[-84.2514,10.3074],[-84.2511,10.3078],[-84.2509,10.308],[-84.2507,10.3084],[-84.2506,10.3087],[-84.2505,10.3091],[-84.2504,10.3094],[-84.2504,10.3098],[-84.2503,10.3101],[-84.2503,10.3105],[-84.2504,10.3108],[-84.2504,10.311],[-84.2506,10.3113],[-84.2509,10.3117],[-84.251,10.3119],[-84.251,10.3121],[-84.251,10.3122],[-84.2509,10.3123],[-84.2507,10.3126],[-84.2506,10.3127],[-84.2502,10.3128],[-84.2499,10.313],[-84.2497,10.3131],[-84.2492,10.3132],[-84.2489,10.3132],[-84.2487,10.3132],[-84.2485,10.3131],[-84.2484,10.3131],[-84.2483,10.3132],[-84.2481,10.3134],[-84.2478,10.3139],[-84.2477,10.3143],[-84.2477,10.3147],[-84.2477,10.3153],[-84.2477,10.3157],[-84.2476,10.3161],[-84.2475,10.3163],[-84.2474,10.3164],[-84.2472,10.3165],[-84.2467,10.3166],[-84.246,10.3168],[-84.2454,10.3171],[-84.245,10.3174],[-84.245,10.3178],[-84.2452,10.3182],[-84.2453,10.3184],[-84.2456,10.3187],[-84.246,10.3193],[-84.2461,10.3197],[-84.2461,10.3199],[-84.246,10.3201],[-84.2459,10.3204],[-84.2457,10.3205],[-84.2455,10.3207],[-84.2453,10.3207],[-84.2449,10.3207],[-84.2445,10.3206],[-84.2442,10.3205],[-84.2438,10.3204],[-84.2435,10.3205],[-84.2432,10.3207],[-84.2431,10.3209],[-84.2431,10.3212],[-84.2431,10.3214],[-84.2432,10.3217],[-84.2436,10.3219],[-84.2437,10.322],[-84.2441,10.3221],[-84.2443,10.3223],[-84.2446,10.3224],[-84.2451,10.3225],[-84.2454,10.3226],[-84.2456,10.3227],[-84.2458,10.323],[-84.2459,10.3233],[-84.246,10.3236],[-84.246,10.324],[-84.2459,10.3247],[-84.2459,10.325],[-84.2458,10.3254],[-84.2457,10.3256],[-84.2454,10.3257],[-84.2452,10.3258],[-84.245,10.3258],[-84.2447,10.3256],[-84.2441,10.3253],[-84.2438,10.3251],[-84.2436,10.3253],[-84.2434,10.3255],[-84.2433,10.3257],[-84.2434,10.326],[-84.2434,10.3264],[-84.2437,10.3269],[-84.2439,10.3271],[-84.2441,10.3274],[-84.2441,10.3276],[-84.244,10.3278],[-84.2438,10.3279],[-84.2435,10.328],[-84.243,10.3281],[-84.2427,10.3282],[-84.2423,10.3284],[-84.242,10.3287],[-84.2417,10.3291],[-84.2415,10.3293],[-84.2413,10.3294],[-84.2409,10.3293],[-84.2407,10.3292],[-84.2405,10.3293],[-84.2404,10.3295],[-84.2403,10.3297],[-84.2404,10.3299],[-84.2405,10.3301],[-84.2406,10.3303],[-84.2406,10.3305],[-84.2406,10.3307],[-84.2406,10.3309],[-84.2404,10.3311],[-84.2402,10.3313],[-84.2399,10.3314],[-84.2395,10.3315],[-84.2393,10.3317],[-84.2391,10.3319],[-84.2391,10.3326],[-84.2392,10.3328],[-84.2393,10.3329],[-84.2396,10.3332],[-84.2398,10.3334],[-84.2403,10.3335],[-84.2407,10.3334],[-84.2411,10.333],[-84.2416,10.3327],[-84.242,10.3325],[-84.2426,10.3325],[-84.2437,10.3328],[-84.2451,10.3331],[-84.2457,10.3333],[-84.2462,10.3337],[-84.2464,10.3342],[-84.2462,10.3349],[-84.2465,10.3353],[-84.2468,10.3357],[-84.2475,10.3364],[-84.2478,10.3369],[-84.2479,10.3374],[-84.2479,10.3383],[-84.2479,10.3392],[-84.248,10.3396],[-84.2481,10.3398],[-84.2481,10.34],[-84.2482,10.3403],[-84.2482,10.3406],[-84.2482,10.3409],[-84.2481,10.3411],[-84.2481,10.3412],[-84.2477,10.3413],[-84.2472,10.3417],[-84.2467,10.3422],[-84.2463,10.3435],[-84.2461,10.3438],[-84.2453,10.3453],[-84.2451,10.3464],[-84.2448,10.3471],[-84.2443,10.3476],[-84.2443,10.348],[-84.2445,10.3489],[-84.2445,10.3494],[-84.2443,10.3497],[-84.2435,10.35],[-84.2432,10.3502],[-84.2432,10.3506],[-84.2434,10.3509],[-84.2436,10.3512],[-84.2444,10.3518],[-84.2447,10.3524],[-84.2447,10.3527],[-84.2444,10.353],[-84.2437,10.353],[-84.2431,10.3532],[-84.2429,10.3535],[-84.2429,10.3548],[-84.243,10.3553],[-84.2432,10.3556],[-84.2433,10.3557],[-84.2436,10.3556],[-84.2438,10.355],[-84.2441,10.3546],[-84.2444,10.3545],[-84.2449,10.3546],[-84.2458,10.3552],[-84.2463,10.3563],[-84.2464,10.3573],[-84.2462,10.3579],[-84.2455,10.3589],[-84.2454,10.3596],[-84.2455,10.3606],[-84.2458,10.3614],[-84.2465,10.3624],[-84.2477,10.3641],[-84.2481,10.3649],[-84.2485,10.3657],[-84.2489,10.3664],[-84.2492,10.3678],[-84.2496,10.3692],[-84.2499,10.3706],[-84.2498,10.3715],[-84.2492,10.3723],[-84.249,10.3727],[-84.2492,10.373],[-84.2497,10.3732],[-84.2508,10.3733],[-84.2518,10.3733],[-84.2522,10.374],[-84.252,10.375],[-84.2517,10.3753],[-84.2511,10.3754],[-84.2504,10.3754],[-84.2499,10.3759],[-84.2498,10.3764],[-84.2499,10.3769],[-84.2518,10.3799],[-84.2521,10.3808],[-84.2523,10.3815],[-84.2527,10.3821],[-84.2532,10.3829],[-84.2535,10.3837],[-84.2536,10.3847],[-84.2535,10.3854],[-84.2534,10.3864],[-84.2533,10.3875],[-84.2541,10.3887],[-84.2551,10.39],[-84.2556,10.3907],[-84.2557,10.3912],[-84.2557,10.3921],[-84.256,10.393],[-84.2565,10.394],[-84.2571,10.3953],[-84.2577,10.3968],[-84.2582,10.3988],[-84.2587,10.4006],[-84.2588,10.4022],[-84.2581,10.4039],[-84.2574,10.4063],[-84.2574,10.4076],[-84.2573,10.4099],[-84.2573,10.4118],[-84.2569,10.4134],[-84.257,10.414],[-84.2573,10.4145],[-84.2576,10.4151],[-84.2582,10.4158],[-84.2585,10.416],[-84.2609,10.4179],[-84.2612,10.4186],[-84.2608,10.4196],[-84.2597,10.4205],[-84.2584,10.4206],[-84.258,10.4207],[-84.2571,10.4217],[-84.257,10.4225],[-84.2571,10.4232],[-84.2576,10.424],[-84.2579,10.4248],[-84.2579,10.4259],[-84.2578,10.4271],[-84.2574,10.4283],[-84.2569,10.4287],[-84.256,10.4294],[-84.2555,10.4299],[-84.2549,10.4307],[-84.2546,10.4316],[-84.2543,10.4328],[-84.2543,10.4349],[-84.2543,10.4365],[-84.2541,10.4391],[-84.2536,10.4412],[-84.253,10.4416],[-84.2524,10.4416],[-84.2508,10.4413],[-84.2501,10.4424],[-84.2488,10.4443],[-84.2481,10.445],[-84.2473,10.446],[-84.2463,10.4476],[-84.2461,10.4486],[-84.2459,10.4502],[-84.2459,10.4514],[-84.2454,10.4521],[-84.2449,10.4524],[-84.2443,10.4524],[-84.243,10.452],[-84.2423,10.4519],[-84.2418,10.452],[-84.241,10.4526],[-84.2408,10.4533],[-84.2409,10.4545],[-84.2412,10.4551],[-84.2419,10.4557],[-84.2422,10.4564],[-84.2421,10.4571],[-84.2415,10.4588],[-84.241,10.4602],[-84.2406,10.462],[-84.2401,10.4636],[-84.2391,10.4654],[-84.2385,10.4676],[-84.238,10.4681],[-84.2371,10.4688],[-84.2369,10.4691],[-84.2371,10.4696],[-84.2375,10.4707],[-84.2376,10.4719],[-84.2374,10.4726],[-84.237,10.4727],[-84.2367,10.4728],[-84.2365,10.473],[-84.2365,10.4734],[-84.2365,10.4741],[-84.2363,10.475],[-84.2358,10.4763],[-84.2345,10.478],[-84.2338,10.4792],[-84.2337,10.4813],[-84.2331,10.4827],[-84.2323,10.4837],[-84.2319,10.4853],[-84.2315,10.4869],[-84.2314,10.4882],[-84.2318,10.4903],[-84.2317,10.4918],[-84.2322,10.4944],[-84.232,10.4952],[-84.2317,10.4967],[-84.2318,10.4971],[-84.232,10.4975],[-84.2324,10.4978],[-84.2332,10.4983],[-84.2336,10.4985],[-84.2338,10.4987],[-84.2339,10.4988],[-84.234,10.499],[-84.234,10.4992],[-84.2339,10.4994],[-84.2337,10.4997],[-84.2336,10.5],[-84.2334,10.5004],[-84.2332,10.5006],[-84.2329,10.5006],[-84.2326,10.5004],[-84.2323,10.5002],[-84.232,10.4999],[-84.2318,10.4995],[-84.2316,10.4992],[-84.2314,10.4989],[-84.2312,10.4989],[-84.231,10.4988],[-84.2308,10.4988],[-84.2305,10.499],[-84.2303,10.4991],[-84.2302,10.4993],[-84.23,10.4997],[-84.2299,10.5003],[-84.2299,10.5008],[-84.2299,10.5012],[-84.2298,10.5017],[-84.2298,10.5022],[-84.2298,10.5027],[-84.2298,10.5032],[-84.2298,10.504],[-84.2296,10.5044],[-84.2294,10.5044],[-84.2289,10.5044],[-84.2284,10.5043],[-84.2278,10.5043],[-84.2273,10.5044],[-84.227,10.5047],[-84.2267,10.505],[-84.2263,10.5056],[-84.226,10.506],[-84.2257,10.5063],[-84.2251,10.5067],[-84.2245,10.507],[-84.2241,10.5073],[-84.2235,10.5074],[-84.2231,10.5077],[-84.2228,10.5079],[-84.2224,10.5082],[-84.2221,10.5084],[-84.2218,10.5086],[-84.2216,10.5087],[-84.2215,10.509],[-84.2215,10.5095],[-84.2215,10.5099],[-84.2216,10.5106],[-84.2216,10.5112],[-84.2215,10.5117],[-84.2213,10.5118],[-84.2211,10.512],[-84.2207,10.5123],[-84.2202,10.5125],[-84.2197,10.5129],[-84.2193,10.5131],[-84.2189,10.5133],[-84.2185,10.5136],[-84.218,10.5139],[-84.2177,10.5142],[-84.2174,10.5146],[-84.217,10.515],[-84.2166,10.5154],[-84.2162,10.5157],[-84.2159,10.516],[-84.2153,10.5164],[-84.2149,10.5167],[-84.2147,10.5171],[-84.2145,10.5175],[-84.2143,10.5178],[-84.2141,10.5183],[-84.2138,10.5189],[-84.2135,10.5196],[-84.2132,10.52],[-84.2128,10.5204],[-84.2126,10.5208],[-84.2117,10.5216],[-84.2114,10.5219],[-84.2111,10.5223],[-84.2106,10.5233],[-84.2104,10.5237],[-84.2102,10.5242],[-84.2099,10.5252],[-84.2099,10.5258],[-84.2101,10.5262],[-84.2106,10.5266],[-84.2109,10.5267],[-84.2117,10.5268],[-84.212,10.5268],[-84.2123,10.5268],[-84.2127,10.5268],[-84.213,10.5268],[-84.2134,10.5267],[-84.2138,10.5268],[-84.214,10.5268],[-84.2142,10.527],[-84.2144,10.5273],[-84.2145,10.5278],[-84.2145,10.5281],[-84.2143,10.5284],[-84.2139,10.5286],[-84.2135,10.5287],[-84.2133,10.529],[-84.2129,10.5292],[-84.2127,10.5294],[-84.2124,10.5297],[-84.2122,10.53],[-84.2121,10.5303],[-84.212,10.5306],[-84.2119,10.5312],[-84.2117,10.5317],[-84.2117,10.5322],[-84.2117,10.5326],[-84.2117,10.533],[-84.2119,10.5336],[-84.2121,10.5341],[-84.2122,10.5345],[-84.2124,10.535],[-84.2124,10.5355],[-84.2122,10.5358],[-84.2119,10.5361],[-84.2112,10.5362],[-84.2108,10.5362],[-84.2107,10.5362],[-84.2104,10.5363],[-84.2102,10.5365],[-84.21,10.5367],[-84.2098,10.5369],[-84.2096,10.5372],[-84.2095,10.5375],[-84.2094,10.5379],[-84.2095,10.5381],[-84.2096,10.5385],[-84.2097,10.5389],[-84.2098,10.5392],[-84.2098,10.5396],[-84.2096,10.5403],[-84.2094,10.5411],[-84.2091,10.5417],[-84.2087,10.5422],[-84.2083,10.5427],[-84.2079,10.5431],[-84.2077,10.5434],[-84.2071,10.5437],[-84.2067,10.544],[-84.2063,10.5442],[-84.2059,10.5446],[-84.2057,10.545],[-84.2055,10.5452],[-84.2053,10.5458],[-84.2053,10.5462],[-84.2052,10.5468],[-84.2051,10.5472],[-84.2049,10.5474],[-84.2045,10.5476],[-84.2042,10.5477],[-84.2038,10.548],[-84.2036,10.5485],[-84.2035,10.5487],[-84.2036,10.5496],[-84.2036,10.55],[-84.2036,10.5505],[-84.2037,10.5511],[-84.2038,10.5516],[-84.2038,10.5521],[-84.2039,10.5527],[-84.204,10.5535],[-84.2042,10.5542],[-84.2042,10.5547],[-84.2041,10.5553],[-84.204,10.5558],[-84.2037,10.5562],[-84.2034,10.5565],[-84.203,10.5568],[-84.2025,10.5571],[-84.202,10.5573],[-84.2015,10.5574],[-84.2007,10.5574],[-84.2,10.5575],[-84.1991,10.5575],[-84.1983,10.5575],[-84.1977,10.5575],[-84.1971,10.5576],[-84.1966,10.5579],[-84.196,10.5582],[-84.1955,10.5585],[-84.1951,10.5587],[-84.1944,10.5591],[-84.1942,10.5591],[-84.1938,10.5593],[-84.1935,10.5596],[-84.1934,10.5599],[-84.1933,10.5602],[-84.1932,10.5605],[-84.193,10.5609],[-84.1928,10.5613],[-84.1925,10.5617],[-84.1921,10.5619],[-84.1915,10.5621],[-84.1911,10.5622],[-84.1905,10.5623],[-84.19,10.5624],[-84.1896,10.5625],[-84.1893,10.5625],[-84.1889,10.5625],[-84.1883,10.5624],[-84.188,10.5623],[-84.1876,10.5623],[-84.1873,10.5624],[-84.1871,10.5628],[-84.187,10.5633],[-84.187,10.5637],[-84.1869,10.5642],[-84.1868,10.5646],[-84.1866,10.565],[-84.1864,10.5653],[-84.1861,10.5658],[-84.1856,10.5662],[-84.1851,10.5665],[-84.1846,10.5666],[-84.1843,10.5667],[-84.1839,10.5667],[-84.1836,10.5668],[-84.1833,10.5668],[-84.183,10.5668],[-84.1826,10.5669],[-84.1821,10.5671],[-84.1818,10.5673],[-84.1815,10.5677],[-84.1814,10.5683],[-84.1812,10.5687],[-84.1811,10.5691],[-84.181,10.5695],[-84.1808,10.57],[-84.1806,10.5706],[-84.1804,10.5709],[-84.1802,10.5714],[-84.1799,10.5721],[-84.1795,10.5724],[-84.1792,10.5728],[-84.1787,10.573],[-84.1783,10.5732],[-84.1778,10.5734],[-84.1774,10.5735],[-84.177,10.5738],[-84.1767,10.5743],[-84.1764,10.5748],[-84.1761,10.5753],[-84.1755,10.5761],[-84.1748,10.5767],[-84.1743,10.577],[-84.1734,10.5772],[-84.173,10.5773],[-84.1726,10.5774],[-84.1722,10.5774],[-84.1719,10.5775],[-84.1714,10.5774],[-84.1712,10.5773],[-84.1711,10.5771],[-84.1711,10.5767],[-84.1716,10.5759],[-84.172,10.5755],[-84.1722,10.575],[-84.1722,10.5745],[-84.172,10.5739],[-84.1714,10.5735],[-84.1708,10.5734],[-84.1701,10.5733],[-84.1697,10.5732],[-84.1689,10.5731],[-84.1682,10.5728],[-84.1675,10.5727],[-84.1671,10.5726],[-84.1667,10.5724],[-84.1664,10.5724],[-84.1661,10.5724],[-84.1659,10.5725],[-84.1657,10.5728],[-84.1653,10.5731],[-84.1651,10.5734],[-84.1647,10.5738],[-84.1636,10.5746],[-84.1633,10.5747],[-84.163,10.5749],[-84.1625,10.5751],[-84.1622,10.5752],[-84.1618,10.5754],[-84.1614,10.5754],[-84.1612,10.5754],[-84.1612,10.6652],[-84.1611,10.7854]]]},"properties":{"Codigo":"210","Provincia":"ALAJUELA","Canton":"SAN CARLOS"}},
{"type":"Feature","geometry":{"type":"Polygon","coordinates":[[[-84.3555,10.2465],[-84.3596,10.2559],[-84.3684,10.2545],[-84.3709,10.2524],[-84.3757,10.2533],[-84.3793,10.2517],[-84.3835,10.2575],[-84.3872,10.2594],[-84.3996,10.2595],[-84.4035,10.2617],[-84.4129,10.2623],[-84.4272,10.2658],[-84.4325,10.2704],[-84.5177,10.2494],[-84.5178,10.2432],[-84.515,10.2402],[-84.5167,10.235],[-84.5107,10.2327],[-84.4986,10.2299],[-84.4944,10.2276],[-84.4875,10.2192],[-84.4794,10.2166],[-84.4791,10.2135],[-84.4721,10.2021],[-84.4729,10.1937],[-84.4666,10.1883],[-84.4654,10.1855],[-84.4579,10.1818],[-84.4521,10.1748],[-84.4439,10.1724],[-84.4427,10.1696],[-84.4369,10.1671],[-84.4322,10.1682],[-84.4267,10.1714],[-84.4238,10.169],[-84.4163,10.1713],[-84.4153,10.1691],[-84.4049,10.1693],[-84.3718,10.1831],[-84.3663,10.1836],[-84.3604,10.186],[-84.3562,10.1857],[-84.3502,10.1878],[-84.3451,10.1935],[-84.3424,10.1919],[-84.3403,10.1855],[-84.3417,10.1817],[-84.3406,10.1758],[-84.338,10.173],[-84.3338,10.1731],[-84.3277,10.1695],[-84.3275,10.1732],[-84.3228,10.1841],[-84.3207,10.1917],[-84.3217,10.1969],[-84.3162,10.2048],[-84.3213,10.2088],[-84.3243,10.2093],[-84.3298,10.2179],[-84.3304,10.2237],[-84.3336,10.2298],[-84.3446,10.2365],[-84.3489,10.2425],[-84.3526,10.24],[-84.3555,10.2465]]]},"properties":{"Provincia":"ALAJUELA","Canton":"ZARCERO","Codigo":"211"}},
{"type":"Feature","geometry":{"type":"Polygon","coordinates":[[[-84.242,10.2419],[-84.2422,10.242],[-84.2423,10.2421],[-84.2426,10.2422],[-84.243,10.2421],[-84.2433,10.2421],[-84.244,10.2425],[-84.2444,10.2427],[-84.2449,10.2429],[-84.2452,10.2429],[-84.2458,10.2431],[-84.246,10.2433],[-84.2465,10.2437],[-84.2469,10.2441],[-84.2472,10.2443],[-84.2478,10.2444],[-84.2481,10.2443],[-84.2483,10.2442],[-84.2487,10.2442],[-84.249,10.2443],[-84.2494,10.2445],[-84.2497,10.2446],[-84.2502,10.245],[-84.2511,10.2457],[-84.2515,10.2461],[-84.252,10.2464],[-84.2523,10.2466],[-84.253,10.2471],[-84.2532,10.2474],[-84.2535,10.2479],[-84.2541,10.2485],[-84.2543,10.2486],[-84.2546,10.2487],[-84.2549,10.2489],[-84.2556,10.249],[-84.2559,10.249],[-84.2573,10.2492],[-84.2577,10.2493],[-84.258,10.2494],[-84.2583,10.2497],[-84.2587,10.2502],[-84.2591,10.2507],[-84.2592,10.251],[-84.2594,10.2513],[-84.2594,10.2518],[-84.2596,10.2524],[-84.2599,10.2528],[-84.2603,10.2532],[-84.2605,10.2533],[-84.2607,10.2533],[-84.2618,10.2543],[-84.2622,10.2547],[-84.2625,10.255],[-84.2627,10.2554],[-84.2628,10.2557],[-84.2628,10.2561],[-84.2629,10.2564],[-84.2631,10.257],[-84.2633,10.2573],[-84.2635,10.2576],[-84.2639,10.2579],[-84.2641,10.2582],[-84.2643,10.2584],[-84.2646,10.2586],[-84.2652,10.259],[-84.2655,10.2594],[-84.2658,10.26],[-84.2659,10.2603],[-84.2659,10.2608],[-84.2659,10.2612],[-84.2658,10.2616],[-84.2655,10.262],[-84.2654,10.2623],[-84.2652,10.2626],[-84.2649,10.2629],[-84.2647,10.2633],[-84.2645,10.2636],[-84.2643,10.264],[-84.2641,10.2642],[-84.264,10.2643],[-84.2638,10.2644],[-84.2636,10.2645],[-84.2634,10.2648],[-84.2633,10.2651],[-84.2633,10.2657],[-84.2632,10.266],[-84.263,10.2663],[-84.2629,10.2666],[-84.2626,10.2669],[-84.2624,10.2671],[-84.2624,10.2676],[-84.2624,10.268],[-84.2624,10.2683],[-84.2625,10.2687],[-84.2627,10.2688],[-84.2629,10.269],[-84.2633,10.2692],[-84.2635,10.2693],[-84.2636,10.2695],[-84.2636,10.2698],[-84.2637,10.2705],[-84.2638,10.2708],[-84.2638,10.271],[-84.2641,10.2712],[-84.2644,10.2716],[-84.2646,10.2718],[-84.2648,10.2721],[-84.2649,10.2722],[-84.265,10.2724],[-84.2648,10.2732],[-84.2647,10.2737],[-84.2647,10.2742],[-84.2647,10.2749],[-84.2647,10.2751],[-84.2648,10.2757],[-84.2648,10.2763],[-84.2657,10.2729],[-84.2702,10.2682],[-84.2811,10.2619],[-84.2917,10.26],[-84.2943,10.2618],[-84.3063,10.2615],[-84.3119,10.2602],[-84.3171,10.2564],[-84.3213,10.2569],[-84.3256,10.2604],[-84.329,10.2603],[-84.3327,10.2637],[-84.3352,10.2582],[-84.3412,10.2581],[-84.3505,10.2474],[-84.3555,10.2465],[-84.3526,10.24],[-84.3489,10.2425],[-84.3446,10.2365],[-84.3336,10.2298],[-84.3304,10.2237],[-84.3298,10.2179],[-84.3243,10.2093],[-84.3213,10.2088],[-84.3162,10.2048],[-84.3217,10.1969],[-84.3207,10.1917],[-84.3228,10.1841],[-84.3275,10.1732],[-84.3277,10.1695],[-84.3338,10.1731],[-84.3349,10.169],[-84.3331,10.1623],[-84.3353,10.1574],[-84.3409,10.1574],[-84.3407,10.1483],[-84.3444,10.1437],[-84.3472,10.1318],[-84.3518,10.1279],[-84.352,10.1216],[-84.3571,10.1142],[-84.3558,10.1097],[-84.3573,10.1068],[-84.3557,10.0999],[-84.3621,10.0871],[-84.3593,10.0798],[-84.3592,10.0708],[-84.3566,10.0582],[-84.3584,10.0564],[-84.3576,10.0481],[-84.3557,10.0532],[-84.3498,10.0631],[-84.3444,10.0625],[-84.342,10.0689],[-84.3347,10.076],[-84.3306,10.0828],[-84.324,10.0973],[-84.3249,10.1059],[-84.3249,10.1175],[-84.3226,10.1188],[-84.32,10.128],[-84.3167,10.1303],[-84.3173,10.1361],[-84.3107,10.1477],[-84.3042,10.1548],[-84.3006,10.1557],[-84.2978,10.1619],[-84.2946,10.1652],[-84.2948,10.1688],[-84.2881,10.1715],[-84.2803,10.1774],[-84.2757,10.1853],[-84.2702,10.1882],[-84.2678,10.1832],[-84.2646,10.1815],[-84.2588,10.1821],[-84.2516,10.1794],[-84.2429,10.18],[-84.2436,10.184],[-84.239,10.1866],[-84.2307,10.1981],[-84.2268,10.2064],[-84.2268,10.2128],[-84.2309,10.2181],[-84.2356,10.227],[-84.2356,10.2295],[-84.2412,10.2352],[-84.242,10.2419]]]},"properties":{"Codigo":"212","Provincia":"ALAJUELA","Canton":"VALVERDE VEGA"}},
{"type":"Feature","geometry":{"type":"Polygon","coordinates":[[[-85.2291,11.0633],[-85.2332,11.0622],[-85.2369,11.0641],[-85.2429,11.0629],[-85.2492,11.0577],[-85.2517,11.0494],[-85.2549,11.0463],[-85.2628,11.0433],[-85.2591,11.0328],[-85.2582,11.0209],[-85.2595,11.0169],[-85.2649,11.014],[-85.2789,11.0171],[-85.2789,11.0193],[-85.2849,11.0247],[-85.2894,11.0226],[-85.2967,11.0277],[-85.2997,11.0333],[-85.3034,11.0345],[-85.3062,11.0396],[-85.3131,11.043],[-85.3222,11.0405],[-85.3255,11.0419],[-85.3312,11.0411],[-85.3338,11.036],[-85.3391,11.0343],[-85.341,11.036],[-85.3508,11.0348],[-85.3557,11.0303],[-85.3575,11.0199],[-85.3624,11.0138],[-85.3641,11.0082],[-85.369,11.0044],[-85.3676,10.9988],[-85.3773,10.9959],[-85.3767,10.9895],[-85.3793,10.9886],[-85.3783,10.979],[-85.3821,10.9711],[-85.3857,10.9701],[-85.393,10.9649],[-85.3967,10.9664],[-85.4047,10.9619],[-85.4113,10.9618],[-85.4205,10.9644],[-85.4265,10.9583],[-85.4306,10.9568],[-85.438,10.9481],[-85.444,10.9442],[-85.4486,10.937],[-85.4489,10.9342],[-85.448,10.9336],[-85.4474,10.9329],[-85.4467,10.9313],[-85.4458,10.9292],[-85.4455,10.9283],[-85.4456,10.9267],[-85.4461,10.9254],[-85.4466,10.9246],[-85.4471,10.9236],[-85.4477,10.9226],[-85.4477,10.9211],[-85.4475,10.9202],[-85.4474,10.9191],[-85.4474,10.9179],[-85.4471,10.9169],[-85.4466,10.9163],[-85.4457,10.9156],[-85.445,10.9149],[-85.4443,10.9139],[-85.4438,10.9132],[-85.4431,10.9126],[-85.442,10.9121],[-85.4406,10.9111],[-85.4391,10.9099],[-85.4375,10.909],[-85.4366,10.9082],[-85.4361,10.9074],[-85.4362,10.9059],[-85.4361,10.9051],[-85.436,10.9037],[-85.4354,10.9012],[-85.435,10.8999],[-85.4343,10.8986],[-85.4334,10.8976],[-85.4323,10.8974],[-85.4315,10.8979],[-85.4306,10.8983],[-85.4297,10.8981],[-85.4281,10.8973],[-85.4271,10.8965],[-85.4263,10.8954],[-85.4254,10.8943],[-85.4245,10.8931],[-85.4234,10.8923],[-85.4228,10.8915],[-85.4227,10.8907],[-85.4219,10.8904],[-85.421,10.8904],[-85.4205,10.8902],[-85.4203,10.8898],[-85.42,10.8889],[-85.4198,10.8883],[-85.4193,10.8869],[-85.4186,10.8853],[-85.418,10.8844],[-85.4169,10.8838],[-85.416,10.8834],[-85.4154,10.8827],[-85.4147,10.8818],[-85.4143,10.8807],[-85.4141,10.88],[-85.4139,10.8794],[-85.4135,10.8792],[-85.4129,10.8794],[-85.4111,10.88],[-85.4105,10.8801],[-85.4096,10.8803],[-85.4087,10.8799],[-85.4081,10.8791],[-85.4077,10.8776],[-85.4076,10.8766],[-85.4069,10.8748],[-85.4055,10.8724],[-85.4051,10.8716],[-85.4046,10.8711],[-85.4035,10.8705],[-85.4025,10.8702],[-85.4004,10.869],[-85.3993,10.8683],[-85.3984,10.8677],[-85.3966,10.8663],[-85.3955,10.8654],[-85.3945,10.8644],[-85.3933,10.8624],[-85.3926,10.8615],[-85.3916,10.8604],[-85.3907,10.8594],[-85.3897,10.8573],[-85.3892,10.8561],[-85.3884,10.8548],[-85.3878,10.8537],[-85.3863,10.8513],[-85.3854,10.8501],[-85.3839,10.8478],[-85.383,10.8466],[-85.3821,10.8452],[-85.3814,10.8441],[-85.3809,10.843],[-85.3799,10.8411],[-85.3795,10.8397],[-85.379,10.8383],[-85.3786,10.8369],[-85.3781,10.8359],[-85.3777,10.8353],[-85.3773,10.8352],[-85.377,10.8352],[-85.3762,10.8356],[-85.3754,10.8355],[-85.3745,10.8349],[-85.3738,10.834],[-85.373,10.8327],[-85.3724,10.8319],[-85.3718,10.8309],[-85.3712,10.8302],[-85.3706,10.8297],[-85.3698,10.8295],[-85.369,10.829],[-85.3678,10.8283],[-85.3667,10.8276],[-85.3657,10.8272],[-85.3649,10.827],[-85.3638,10.827],[-85.3631,10.8272],[-85.3622,10.8273],[-85.3611,10.8272],[-85.3605,10.8272],[-85.3599,10.8271],[-85.359,10.8273],[-85.3582,10.8274],[-85.3572,10.8275],[-85.3562,10.8272],[-85.3553,10.8271],[-85.3548,10.8271],[-85.3539,10.827],[-85.3529,10.8269],[-85.3522,10.8273],[-85.3516,10.8276],[-85.3514,10.8275],[-85.3511,10.8275],[-85.3506,10.8273],[-85.3499,10.8273],[-85.3495,10.8273],[-85.349,10.8272],[-85.3484,10.8268],[-85.3477,10.826],[-85.3468,10.8253],[-85.3461,10.8249],[-85.3449,10.8243],[-85.3432,10.8233],[-85.3424,10.8228],[-85.3415,10.8219],[-85.3399,10.8205],[-85.3384,10.8195],[-85.3368,10.8184],[-85.3356,10.8179],[-85.3342,10.8175],[-85.3326,10.8172],[-85.331,10.8167],[-85.3296,10.8164],[-85.3286,10.8162],[-85.3278,10.8155],[-85.3271,10.8144],[-85.3262,10.8135],[-85.3256,10.8125],[-85.3254,10.8121],[-85.3253,10.8116],[-85.3248,10.8109],[-85.3242,10.8107],[-85.3233,10.8107],[-85.3221,10.8112],[-85.3211,10.8114],[-85.3201,10.8114],[-85.3192,10.8112],[-85.319,10.8106],[-85.319,10.8096],[-85.3189,10.809],[-85.3184,10.8084],[-85.3175,10.808],[-85.3162,10.8072],[-85.3138,10.8053],[-85.3126,10.8042],[-85.3112,10.8033],[-85.3101,10.8025],[-85.3087,10.8017],[-85.3066,10.8009],[-85.3056,10.8001],[-85.3049,10.7989],[-85.3042,10.7976],[-85.3035,10.7961],[-85.303,10.7947],[-85.3025,10.7932],[-85.302,10.7916],[-85.3021,10.7898],[-85.3021,10.7891],[-85.3018,10.7885],[-85.3011,10.788],[-85.3004,10.787],[-85.3001,10.786],[-85.2997,10.7845],[-85.299,10.7829],[-85.2979,10.7812],[-85.2973,10.7803],[-85.2966,10.7792],[-85.2963,10.778],[-85.2959,10.7771],[-85.2952,10.7766],[-85.2937,10.7759],[-85.2891,10.7688],[-85.2866,10.7673],[-85.2861,10.7625],[-85.2805,10.7576],[-85.2779,10.7511],[-85.2709,10.752],[-85.269,10.7557],[-85.2631,10.7541],[-85.253,10.7589],[-85.2481,10.7639],[-85.2433,10.7637],[-85.2347,10.7665],[-85.2245,10.7619],[-85.2159,10.7596],[-85.2028,10.7545],[-85.1981,10.7511],[-85.1891,10.7475],[-85.1818,10.7459],[-85.1696,10.7479],[-85.1554,10.7468],[-85.1446,10.7478],[-85.1393,10.7448],[-85.1385,10.741],[-85.1291,10.7322],[-85.1283,10.7256],[-85.1294,10.719],[-85.1244,10.7146],[-85.1238,10.7103],[-85.1095,10.7121],[-85.1013,10.7138],[-85.0963,10.7177],[-85.0868,10.7128],[-85.0724,10.7129],[-85.0666,10.7079],[-85.0613,10.709],[-85.0576,10.6992],[-85.0503,10.6967],[-85.0438,10.6975],[-85.0345,10.6947],[-85.0267,10.6934],[-85.0199,10.6806],[-85.0196,10.674],[-85.0126,10.6712],[-85.0049,10.6827],[-85.0046,10.6858],[-85.0004,10.6948],[-84.9991,10.7045],[-84.9896,10.7101],[-84.9824,10.72],[-84.9794,10.7214],[-84.9759,10.7174],[-84.97,10.72],[-84.9644,10.7189],[-84.9573,10.7209],[-84.9554,10.7234],[-84.9574,10.7277],[-84.9552,10.7337],[-84.9512,10.7327],[-84.95,10.7382],[-84.956,10.7497],[-84.9604,10.7513],[-84.9633,10.7585],[-84.9508,10.7726],[-84.9465,10.7744],[-84.929,10.7756],[-84.9242,10.7804],[-84.922,10.7849],[-84.9218,10.7904],[-84.9155,10.7926],[-84.9181,10.7988],[-84.9166,10.8031],[-84.9045,10.804],[-84.9015,10.8125],[-84.9031,10.8145],[-84.9018,10.8204],[-84.9032,10.8231],[-84.9021,10.8281],[-84.8976,10.8273],[-84.8953,10.8324],[-84.8912,10.8375],[-84.8926,10.8419],[-84.8896,10.8446],[-84.8861,10.8443],[-84.8848,10.8482],[-84.8859,10.8527],[-84.8842,10.8583],[-84.8866,10.8633],[-84.89,10.8651],[-84.8922,10.8743],[-84.888,10.8871],[-84.8851,10.8899],[-84.8889,10.8955],[-84.8875,10.9008],[-84.891,10.9068],[-84.8874,10.9115],[-84.8864,10.9176],[-84.8877,10.9197],[-84.8866,10.929],[-84.8816,10.9432],[-84.8806,10.9568],[-84.8822,10.9613],[-84.9108,10.9438],[-84.9672,10.9651],[-85.0559,10.9985],[-85.1903,11.0486],[-85.2291,11.0633]]]},"properties":{"Provincia":"ALAJUELA","Canton":"UPALA","Codigo":"213"}},
{"type":"Feature","geometry":{"type":"Polygon","coordinates":[[[-84.4515,10.962],[-84.4859,11.0008],[-84.4981,11.0059],[-84.5644,11.0332],[-84.5745,11.0512],[-84.606,11.0384],[-84.6665,11.0726],[-84.6804,11.0845],[-84.7419,11.0471],[-84.8822,10.9613],[-84.8806,10.9568],[-84.8816,10.9432],[-84.8866,10.929],[-84.8877,10.9197],[-84.8864,10.9176],[-84.8874,10.9115],[-84.891,10.9068],[-84.8875,10.9008],[-84.8889,10.8955],[-84.8851,10.8899],[-84.888,10.8871],[-84.8922,10.8743],[-84.89,10.8651],[-84.8866,10.8633],[-84.8842,10.8583],[-84.8859,10.8527],[-84.8848,10.8482],[-84.8861,10.8443],[-84.8896,10.8446],[-84.8926,10.8419],[-84.8912,10.8375],[-84.8953,10.8324],[-84.8976,10.8273],[-84.8879,10.8149],[-84.8783,10.8094],[-84.8748,10.8104],[-84.8697,10.806],[-84.8632,10.8084],[-84.8562,10.8082],[-84.8505,10.811],[-84.8435,10.8184],[-84.8332,10.8232],[-84.8317,10.8269],[-84.8342,10.8364],[-84.8292,10.8415],[-84.8149,10.8506],[-84.807,10.8523],[-84.8017,10.8493],[-84.802,10.8466],[-84.7941,10.8476],[-84.79,10.8418],[-84.7815,10.8336],[-84.7743,10.8342],[-84.7619,10.8271],[-84.7595,10.8231],[-84.7581,10.8163],[-84.754,10.8149],[-84.7507,10.8113],[-84.7498,10.7997],[-84.746,10.7894],[-84.7462,10.7869],[-84.7425,10.7816],[-84.7422,10.7721],[-84.7384,10.7679],[-84.7392,10.7655],[-84.7355,10.7605],[-84.7283,10.7578],[-84.7236,10.7577],[-84.7191,10.7538],[-84.7115,10.7528],[-84.7033,10.7421],[-84.7059,10.7394],[-84.7057,10.7311],[-84.7004,10.7282],[-84.6989,10.7229],[-84.6942,10.7187],[-84.687,10.7174],[-84.6851,10.711],[-84.6798,10.7003],[-84.682,10.6975],[-84.6802,10.6905],[-84.6776,10.687],[-84.6728,10.6861],[-84.6658,10.6766],[-84.6622,10.6746],[-84.658,10.6676],[-84.6499,10.6627],[-84.6426,10.6623],[-84.6389,10.6577],[-84.629,10.65],[-84.6272,10.6452],[-84.6222,10.6386],[-84.6204,10.6294],[-84.6158,10.6322],[-84.6145,10.6475],[-84.5846,10.6476],[-84.5848,10.6512],[-84.5786,10.6539],[-84.5772,10.6579],[-84.5704,10.6598],[-84.5687,10.6647],[-84.5698,10.6734],[-84.5669,10.6739],[-84.5635,10.6814],[-84.5603,10.6839],[-84.5554,10.6816],[-84.5431,10.6835],[-84.5418,10.6851],[-84.5291,10.689],[-84.5251,10.6859],[-84.5232,10.6913],[-84.5191,10.6937],[-84.5224,10.701],[-84.5205,10.7066],[-84.5221,10.7092],[-84.5196,10.7164],[-84.5222,10.719],[-84.5225,10.725],[-84.5244,10.726],[-84.5235,10.7349],[-84.5255,10.7375],[-84.5241,10.7432],[-84.5296,10.7562],[-84.5289,10.7635],[-84.5317,10.7636],[-84.5364,10.7677],[-84.5405,10.7688],[-84.5469,10.7774],[-84.5454,10.784],[-84.5488,10.7944],[-84.5452,10.795],[-84.5473,10.8],[-84.5439,10.8034],[-84.547,10.8139],[-84.5388,10.8226],[-84.5386,10.8305],[-84.5419,10.8351],[-84.5405,10.8378],[-84.5415,10.8438],[-84.5462,10.849],[-84.5441,10.8529],[-84.5465,10.8567],[-84.5425,10.864],[-84.5438,10.8674],[-84.5365,10.8698],[-84.5364,10.8728],[-84.5262,10.8756],[-84.5229,10.8748],[-84.5216,10.8791],[-84.5111,10.8802],[-84.5073,10.8822],[-84.5051,10.8766],[-84.5006,10.8728],[-84.4934,10.8734],[-84.4924,10.8774],[-84.4835,10.8738],[-84.4811,10.8747],[-84.4744,10.8715],[-84.4704,10.8731],[-84.4683,10.8818],[-84.4684,10.8906],[-84.4714,10.8935],[-84.4687,10.8985],[-84.4709,10.9052],[-84.4687,10.9105],[-84.4721,10.9168],[-84.471,10.9242],[-84.4768,10.9282],[-84.4731,10.9373],[-84.4728,10.9431],[-84.4779,10.9517],[-84.4675,10.9545],[-84.4662,10.959],[-84.4603,10.9584],[-84.4576,10.9631],[-84.4515,10.962]]]},"properties":{"Codigo":"214","Canton":"LOS CHILES","Provincia":"ALAJUELA"}},
{"type":"Feature","geometry":{"type":"Polygon","coordinates":[[[-84.6499,10.6627],[-84.658,10.6676],[-84.6622,10.6746],[-84.6658,10.6766],[-84.6728,10.6861],[-84.6776,10.687],[-84.6802,10.6905],[-84.682,10.6975],[-84.6798,10.7003],[-84.6851,10.711],[-84.687,10.7174],[-84.6942,10.7187],[-84.6989,10.7229],[-84.7004,10.7282],[-84.7057,10.7311],[-84.7059,10.7394],[-84.7033,10.7421],[-84.7115,10.7528],[-84.7191,10.7538],[-84.7236,10.7577],[-84.7283,10.7578],[-84.7355,10.7605],[-84.7392,10.7655],[-84.7384,10.7679],[-84.7422,10.7721],[-84.7425,10.7816],[-84.7462,10.7869],[-84.746,10.7894],[-84.7498,10.7997],[-84.7507,10.8113],[-84.754,10.8149],[-84.7581,10.8163],[-84.7595,10.8231],[-84.7619,10.8271],[-84.7743,10.8342],[-84.7815,10.8336],[-84.79,10.8418],[-84.7941,10.8476],[-84.802,10.8466],[-84.8017,10.8493],[-84.807,10.8523],[-84.8149,10.8506],[-84.8292,10.8415],[-84.8342,10.8364],[-84.8317,10.8269],[-84.8332,10.8232],[-84.8435,10.8184],[-84.8505,10.811],[-84.8562,10.8082],[-84.8632,10.8084],[-84.8697,10.806],[-84.8748,10.8104],[-84.8783,10.8094],[-84.8879,10.8149],[-84.8976,10.8273],[-84.9021,10.8281],[-84.9032,10.8231],[-84.9018,10.8204],[-84.9031,10.8145],[-84.9015,10.8125],[-84.9045,10.804],[-84.9166,10.8031],[-84.9181,10.7988],[-84.9155,10.7926],[-84.9218,10.7904],[-84.922,10.7849],[-84.9242,10.7804],[-84.929,10.7756],[-84.9465,10.7744],[-84.9508,10.7726],[-84.9633,10.7585],[-84.9604,10.7513],[-84.956,10.7497],[-84.95,10.7382],[-84.9512,10.7327],[-84.9552,10.7337],[-84.9574,10.7277],[-84.9554,10.7234],[-84.9573,10.7209],[-84.9644,10.7189],[-84.97,10.72],[-84.9759,10.7174],[-84.9794,10.7214],[-84.9824,10.72],[-84.9896,10.7101],[-84.9991,10.7045],[-85.0004,10.6948],[-85.0046,10.6858],[-85.0049,10.6827],[-85.0126,10.6712],[-85.0101,10.664],[-85.006,10.6592],[-85.0008,10.6556],[-85.0005,10.6523],[-85.0028,10.6434],[-85.001,10.6356],[-85.0024,10.6304],[-85.0016,10.6254],[-84.9921,10.6217],[-84.9876,10.6171],[-84.9877,10.6112],[-84.9861,10.6057],[-84.9748,10.6062],[-84.9687,10.601],[-84.9611,10.5983],[-84.9573,10.5951],[-84.9529,10.5941],[-84.9447,10.5949],[-84.9439,10.591],[-84.9384,10.5855],[-84.9336,10.5857],[-84.9294,10.5834],[-84.9298,10.5793],[-84.9227,10.5724],[-84.9198,10.5738],[-84.9123,10.5715],[-84.9098,10.5691],[-84.9032,10.5707],[-84.9013,10.5677],[-84.8942,10.5619],[-84.8894,10.5598],[-84.8836,10.5639],[-84.8801,10.5622],[-84.8707,10.5627],[-84.8632,10.5558],[-84.8594,10.5588],[-84.856,10.5587],[-84.843,10.5639],[-84.8367,10.5634],[-84.8257,10.5724],[-84.8208,10.5742],[-84.8172,10.5783],[-84.8176,10.5864],[-84.8194,10.5932],[-84.8237,10.5975],[-84.8205,10.5999],[-84.8155,10.5973],[-84.8082,10.591],[-84.8044,10.5891],[-84.8049,10.5852],[-84.796,10.5826],[-84.7899,10.5862],[-84.7898,10.5929],[-84.7876,10.6002],[-84.7837,10.6034],[-84.7753,10.6052],[-84.7716,10.6102],[-84.773,10.6165],[-84.7697,10.6194],[-84.7658,10.6195],[-84.7604,10.6279],[-84.7633,10.6315],[-84.7632,10.6384],[-84.7531,10.6383],[-84.7557,10.6456],[-84.7515,10.6471],[-84.7472,10.6452],[-84.7424,10.6409],[-84.738,10.6415],[-84.7294,10.638],[-84.7272,10.6343],[-84.7233,10.6341],[-84.7175,10.6389],[-84.712,10.6338],[-84.7073,10.6243],[-84.6997,10.6212],[-84.6993,10.6186],[-84.6903,10.6171],[-84.6914,10.6288],[-84.6846,10.6379],[-84.6831,10.6449],[-84.6739,10.6432],[-84.6682,10.6371],[-84.6599,10.6396],[-84.6578,10.6385],[-84.6473,10.6385],[-84.6499,10.6627]]]},"properties":{"Canton":"GUATUSO","Provincia":"ALAJUELA","Codigo":"215"}},
{"type":"Feature","geometry":{"type":"Polygon","coordinates":[[[-83.8948,9.8478],[-83.8988,9.8493],[-83.9044,9.8556],[-83.9089,9.8577],[-83.9075,9.8662],[-83.9101,9.8703],[-83.9052,9.8735],[-83.9078,9.8829],[-83.9016,9.8883],[-83.8936,9.8971],[-83.892,9.9064],[-83.8893,9.9115],[-83.888,9.9222],[-83.8837,9.9307],[-83.8831,9.9406],[-83.8774,9.9444],[-83.8757,9.949],[-83.8724,9.9509],[-83.8728,9.9608],[-83.8679,9.9712],[-83.872,9.9698],[-83.8789,9.9709],[-83.8872,9.9701],[-83.8912,9.9678],[-83.898,9.9686],[-83.9051,9.9644],[-83.906,9.9613],[-83.9102,9.9609],[-83.9171,9.9533],[-83.9282,9.9511],[-83.937,9.9553],[-83.9383,9.9583],[-83.9477,9.9533],[-83.9523,9.9538],[-83.9565,9.9496],[-83.9542,9.9403],[-83.9513,9.9417],[-83.9483,9.9379],[-83.9519,9.9316],[-83.9576,9.9293],[-83.9581,9.9197],[-83.9547,9.915],[-83.9547,9.9026],[-83.9591,9.9007],[-83.9631,9.8913],[-83.97,9.889],[-83.9717,9.8849],[-83.976,9.882],[-83.9797,9.884],[-83.9847,9.8839],[-83.9942,9.8802],[-83.9986,9.8761],[-83.9992,9.8681],[-84.0042,9.8636],[-84.0132,9.8582],[-84.0168,9.8542],[-84.0186,9.8485],[-84.0165,9.8443],[-84.0251,9.8397],[-84.0274,9.8296],[-84.0315,9.8242],[-84.0416,9.8192],[-84.0462,9.8135],[-84.0511,9.8129],[-84.0542,9.8106],[-84.0653,9.8088],[-84.0713,9.8058],[-84.0753,9.8019],[-84.076,9.7971],[-84.0823,9.7902],[-84.085,9.7839],[-84.0845,9.7758],[-84.0885,9.7696],[-84.0822,9.7657],[-84.0795,9.7663],[-84.0714,9.7638],[-84.0666,9.7656],[-84.0615,9.7647],[-84.058,9.7674],[-84.0486,9.7665],[-84.0411,9.7678],[-84.0346,9.7644],[-84.0296,9.7647],[-84.0289,9.7681],[-84.0215,9.7705],[-84.0215,9.7788],[-84.027,9.7781],[-84.0295,9.7823],[-84.0297,9.7903],[-84.0213,9.7997],[-84.0143,9.8046],[-84.017,9.8135],[-84.0234,9.8197],[-84.0239,9.8249],[-84.0202,9.8264],[-84.0161,9.8253],[-84.0111,9.8298],[-84.0135,9.8351],[-84.0105,9.8395],[-83.9993,9.8416],[-83.9977,9.8368],[-83.9835,9.8441],[-83.9748,9.8428],[-83.9673,9.8438],[-83.964,9.8467],[-83.9582,9.8466],[-83.9566,9.8504],[-83.9483,9.8482],[-83.9427,9.8527],[-83.9341,9.8539],[-83.9294,9.8522],[-83.9311,9.848],[-83.9257,9.8432],[-83.9247,9.8387],[-83.9342,9.8414],[-83.9426,9.8351],[-83.9435,9.8306],[-83.9465,9.8277],[-83.9455,9.8245],[-83.9477,9.8154],[-83.9443,9.808],[-83.9426,9.7995],[-83.9393,9.7985],[-83.9374,9.7911],[-83.9327,9.7845],[-83.8344,9.6653],[-83.7905,9.6116],[-83.7865,9.6065],[-83.7807,9.605],[-83.775,9.6057],[-83.7653,9.6039],[-83.8034,9.6653],[-83.8678,9.7681],[-83.8717,9.7706],[-83.8718,9.7836],[-83.8746,9.7867],[-83.8727,9.7909],[-83.8748,9.7938],[-83.8725,9.798],[-83.8743,9.8006],[-83.8732,9.8054],[-83.8669,9.8092],[-83.8647,9.813],[-83.8666,9.821],[-83.8734,9.8295],[-83.8866,9.8356],[-83.8866,9.8387],[-83.8948,9.8478]]]},"properties":{"Canton":"CARTAGO","Provincia":"CARTAGO","Codigo":"301"}},
{"type":"Feature","geometry":{"type":"Polygon","coordinates":[[[-83.6721,9.6897],[-83.7193,9.7547],[-83.7215,9.7644],[-83.7272,9.7666],[-83.7257,9.7712],[-83.7206,9.7749],[-83.72,9.7786],[-83.7262,9.7826],[-83.7354,9.7814],[-83.7448,9.783],[-83.7578,9.769],[-83.7663,9.7691],[-83.77,9.7674],[-83.7802,9.7694],[-83.7855,9.7748],[-83.7853,9.7812],[-83.7818,9.7862],[-83.7823,9.789],[-83.778,9.7978],[-83.7783,9.8025],[-83.7764,9.808],[-83.7717,9.8096],[-83.7716,9.8172],[-83.7623,9.8274],[-83.7621,9.8344],[-83.7605,9.8413],[-83.7714,9.8468],[-83.7667,9.8502],[-83.7656,9.8589],[-83.7608,9.8625],[-83.7635,9.8681],[-83.7647,9.8769],[-83.767,9.8775],[-83.774,9.8859],[-83.7747,9.892],[-83.7773,9.8936],[-83.7801,9.9077],[-83.7811,9.8992],[-83.7873,9.8918],[-83.7861,9.8873],[-83.7887,9.8815],[-83.7939,9.8754],[-83.8036,9.8711],[-83.8239,9.8769],[-83.8292,9.8864],[-83.8333,9.8835],[-83.8373,9.8846],[-83.8441,9.8787],[-83.8504,9.8775],[-83.854,9.8787],[-83.8582,9.8748],[-83.8628,9.8676],[-83.8766,9.8629],[-83.8859,9.8628],[-83.8886,9.8589],[-83.888,9.8529],[-83.8917,9.852],[-83.8948,9.8478],[-83.8866,9.8387],[-83.8866,9.8356],[-83.8734,9.8295],[-83.8666,9.821],[-83.8647,9.813],[-83.8669,9.8092],[-83.8732,9.8054],[-83.8743,9.8006],[-83.8725,9.798],[-83.8748,9.7938],[-83.8727,9.7909],[-83.8746,9.7867],[-83.8718,9.7836],[-83.8717,9.7706],[-83.8678,9.7681],[-83.8034,9.6653],[-83.7653,9.6039],[-83.7591,9.5955],[-83.7579,9.5919],[-83.7639,9.5836],[-83.7575,9.5748],[-83.7562,9.5703],[-83.7579,9.5674],[-83.7542,9.5607],[-83.7437,9.5585],[-83.7401,9.5597],[-83.7277,9.5596],[-83.7186,9.5513],[-83.7126,9.5541],[-83.7096,9.5579],[-83.7051,9.5567],[-83.7027,9.5535],[-83.6985,9.5522],[-83.6883,9.5529],[-83.6823,9.5517],[-83.6719,9.5589],[-83.6661,9.5661],[-83.6634,9.5737],[-83.6534,9.5837],[-83.6481,9.5845],[-83.6344,9.5806],[-83.6303,9.5846],[-83.627,9.593],[-83.6289,9.6051],[-83.6378,9.6042],[-83.64,9.6064],[-83.6414,9.6133],[-83.648,9.6185],[-83.6542,9.6269],[-83.6594,9.6309],[-83.67,9.6341],[-83.6766,9.6441],[-83.6794,9.653],[-83.6782,9.66],[-83.6792,9.6746],[-83.6772,9.6824],[-83.6721,9.6897]]]},"properties":{"Canton":"PARAISO","Provincia":"CARTAGO","Codigo":"302"}},
{"type":"Feature","geometry":{"type":"Polygon","coordinates":[[[-83.9986,9.8761],[-83.9942,9.8802],[-83.9847,9.8839],[-83.9797,9.884],[-83.976,9.882],[-83.9717,9.8849],[-83.97,9.889],[-83.9631,9.8913],[-83.9591,9.9007],[-83.9547,9.9026],[-83.9547,9.915],[-83.9581,9.9197],[-83.9576,9.9293],[-83.9519,9.9316],[-83.9483,9.9379],[-83.9513,9.9417],[-83.9542,9.9403],[-83.9565,9.9496],[-83.9635,9.9503],[-83.9693,9.9437],[-84.0053,9.9409],[-84.0078,9.9383],[-84.0054,9.9313],[-84.0051,9.9245],[-84.0156,9.9102],[-84.0177,9.905],[-84.0157,9.8991],[-84.0256,9.8938],[-84.0305,9.8959],[-84.0341,9.894],[-84.0404,9.8957],[-84.0335,9.8845],[-84.0281,9.8832],[-84.0207,9.8843],[-84.0138,9.8825],[-84.0061,9.8782],[-83.9986,9.8761]]]},"properties":{"Codigo":"303","Canton":"LA UNION","Provincia":"CARTAGO"}},
{"type":"Feature","geometry":{"type":"Polygon","coordinates":[[[-83.6721,9.6897],[-83.5991,9.7343],[-83.6043,9.7405],[-83.6147,9.7493],[-83.6176,9.7616],[-83.6287,9.7724],[-83.6272,9.776],[-83.6293,9.783],[-83.635,9.7879],[-83.6411,9.8004],[-83.6493,9.8096],[-83.6492,9.8124],[-83.6531,9.8187],[-83.6579,9.8231],[-83.6534,9.8277],[-83.652,9.8386],[-83.6534,9.8464],[-83.6656,9.8486],[-83.6702,9.855],[-83.6756,9.8567],[-83.6824,9.857],[-83.6864,9.8558],[-83.6923,9.8571],[-83.7078,9.8568],[-83.7152,9.8664],[-83.7226,9.8802],[-83.7221,9.9326],[-83.7284,9.9283],[-83.7381,9.9329],[-83.7448,9.932],[-83.7591,9.9438],[-83.7606,9.9469],[-83.7654,9.9488],[-83.7745,9.9428],[-83.7745,9.9343],[-83.7679,9.9247],[-83.7673,9.9196],[-83.7704,9.918],[-83.7698,9.9113],[-83.775,9.9078],[-83.7755,9.899],[-83.7801,9.9077],[-83.7773,9.8936],[-83.7747,9.892],[-83.774,9.8859],[-83.767,9.8775],[-83.7647,9.8769],[-83.7635,9.8681],[-83.7608,9.8625],[-83.7656,9.8589],[-83.7667,9.8502],[-83.7714,9.8468],[-83.7605,9.8413],[-83.7621,9.8344],[-83.7623,9.8274],[-83.7716,9.8172],[-83.7717,9.8096],[-83.7764,9.808],[-83.7783,9.8025],[-83.778,9.7978],[-83.7823,9.789],[-83.7818,9.7862],[-83.7853,9.7812],[-83.7855,9.7748],[-83.7802,9.7694],[-83.77,9.7674],[-83.7663,9.7691],[-83.7578,9.769],[-83.7448,9.783],[-83.7354,9.7814],[-83.7262,9.7826],[-83.72,9.7786],[-83.7206,9.7749],[-83.7257,9.7712],[-83.7272,9.7666],[-83.7215,9.7644],[-83.7193,9.7547],[-83.6721,9.6897]]]},"properties":{"Codigo":"304","Provincia":"CARTAGO","Canton":"JIMENEZ"}},
{"type":"Feature","geometry":{"type":"Polygon","coordinates":[[[-83.8163,10.0836],[-83.8177,10.0796],[-83.8189,10.0687],[-83.8154,10.0672],[-83.8134,10.0588],[-83.8162,10.0553],[-83.8141,10.0507],[-83.8099,10.0458],[-83.8081,10.0411],[-83.8005,10.0367],[-83.8034,10.0291],[-83.8128,10.0169],[-83.8135,10.0135],[-83.8103,10.0085],[-83.8102,10.0002],[-83.8058,9.994],[-83.7991,9.9894],[-83.7924,9.9882],[-83.7839,9.9815],[-83.7821,9.9778],[-83.7831,9.9738],[-83.7804,9.9671],[-83.7756,9.9631],[-83.7698,9.9545],[-83.763,9.9533],[-83.7606,9.9469],[-83.7591,9.9438],[-83.7448,9.932],[-83.7381,9.9329],[-83.7284,9.9283],[-83.7221,9.9326],[-83.7226,9.8802],[-83.7152,9.8664],[-83.7078,9.8568],[-83.6923,9.8571],[-83.6864,9.8558],[-83.6824,9.857],[-83.6756,9.8567],[-83.6702,9.855],[-83.6656,9.8486],[-83.6534,9.8464],[-83.652,9.8386],[-83.6534,9.8277],[-83.6579,9.8231],[-83.6531,9.8187],[-83.6492,9.8124],[-83.6493,9.8096],[-83.6411,9.8004],[-83.635,9.7879],[-83.6293,9.783],[-83.6272,9.776],[-83.6287,9.7724],[-83.6176,9.7616],[-83.6147,9.7493],[-83.6043,9.7405],[-83.5991,9.7343],[-83.6721,9.6897],[-83.6772,9.6824],[-83.6792,9.6746],[-83.6782,9.66],[-83.6794,9.653],[-83.6766,9.6441],[-83.67,9.6341],[-83.6594,9.6309],[-83.6542,9.6269],[-83.648,9.6185],[-83.6414,9.6133],[-83.64,9.6064],[-83.6378,9.6042],[-83.6289,9.6051],[-83.627,9.593],[-83.6303,9.5846],[-83.6344,9.5806],[-83.6296,9.5753],[-83.6301,9.5696],[-83.6265,9.5648],[-83.6193,9.5581],[-83.6111,9.5566],[-83.6068,9.5522],[-83.5962,9.5524],[-83.5933,9.545],[-83.5779,9.5386],[-83.5726,9.5351],[-83.5601,9.5328],[-83.5563,9.5305],[-83.55,9.5322],[-83.5465,9.529],[-83.5454,9.5249],[-83.535,9.5104],[-83.5143,9.5025],[-83.5089,9.4962],[-83.5009,9.4945],[-83.4968,9.4881],[-83.4891,9.484],[-83.489,9.4846],[-83.489,9.4854],[-83.4889,9.4867],[-83.4888,9.4876],[-83.4884,9.4887],[-83.4882,9.4894],[-83.4881,9.4899],[-83.4878,9.4904],[-83.4875,9.4917],[-83.4875,9.4922],[-83.4877,9.4925],[-83.4877,9.4927],[-83.4879,9.4928],[-83.4882,9.4929],[-83.4884,9.493],[-83.4885,9.4932],[-83.4883,9.4933],[-83.4883,9.4935],[-83.4884,9.4938],[-83.4886,9.4944],[-83.4886,9.495],[-83.4884,9.4958],[-83.488,9.4968],[-83.4867,9.4986],[-83.4865,9.4988],[-83.4866,9.4989],[-83.4869,9.4995],[-83.4873,9.5],[-83.4879,9.5004],[-83.4883,9.5007],[-83.4886,9.5009],[-83.4888,9.5011],[-83.4889,9.5014],[-83.4889,9.5018],[-83.489,9.5021],[-83.4891,9.5024],[-83.4892,9.5027],[-83.4895,9.503],[-83.4896,9.5032],[-83.4899,9.5036],[-83.49,9.504],[-83.4901,9.5041],[-83.4902,9.5042],[-83.4903,9.5043],[-83.4904,9.5044],[-83.4906,9.5046],[-83.4908,9.5047],[-83.4911,9.5049],[-83.4913,9.5053],[-83.4914,9.5056],[-83.4917,9.5061],[-83.492,9.5065],[-83.4922,9.5067],[-83.4923,9.5069],[-83.4922,9.5071],[-83.4921,9.5074],[-83.492,9.5075],[-83.492,9.5076],[-83.492,9.5077],[-83.4921,9.5077],[-83.4922,9.5078],[-83.4924,9.5079],[-83.4929,9.5079],[-83.4933,9.508],[-83.4935,9.508],[-83.4935,9.5081],[-83.4935,9.5083],[-83.4935,9.5085],[-83.4936,9.5087],[-83.4939,9.509],[-83.494,9.5091],[-83.4941,9.5093],[-83.4941,9.5095],[-83.4941,9.5097],[-83.4944,9.5099],[-83.4947,9.5104],[-83.4947,9.5106],[-83.4945,9.5108],[-83.4944,9.5109],[-83.4943,9.5111],[-83.4943,9.5113],[-83.4946,9.5116],[-83.4949,9.512],[-83.4952,9.5122],[-83.4953,9.5124],[-83.4953,9.5126],[-83.4953,9.513],[-83.4952,9.5134],[-83.4951,9.5138],[-83.4951,9.514],[-83.4951,9.5142],[-83.4951,9.5145],[-83.4952,9.5149],[-83.4953,9.5152],[-83.4953,9.5155],[-83.4952,9.5157],[-83.4952,9.516],[-83.4953,9.5163],[-83.4953,9.5165],[-83.4953,9.5168],[-83.4953,9.517],[-83.4953,9.5173],[-83.4952,9.5174],[-83.4952,9.5176],[-83.4953,9.5177],[-83.4956,9.518],[-83.4957,9.5183],[-83.4957,9.5187],[-83.4957,9.5191],[-83.4957,9.5193],[-83.4959,9.5198],[-83.4959,9.5203],[-83.496,9.5208],[-83.4961,9.5211],[-83.4962,9.5215],[-83.497,9.5227],[-83.4972,9.523],[-83.4974,9.5236],[-83.4977,9.524],[-83.4979,9.5243],[-83.4981,9.5243],[-83.4984,9.5245],[-83.4988,9.5248],[-83.499,9.5251],[-83.4991,9.5255],[-83.4994,9.5258],[-83.4997,9.5261],[-83.5003,9.5263],[-83.5005,9.5266],[-83.5008,9.5269],[-83.501,9.5274],[-83.5013,9.5276],[-83.5016,9.5276],[-83.5018,9.5277],[-83.5019,9.5279],[-83.5023,9.5285],[-83.5026,9.5291],[-83.5029,9.5295],[-83.5032,9.5299],[-83.5035,9.53],[-83.5038,9.5302],[-83.5042,9.5303],[-83.5045,9.5303],[-83.5048,9.5303],[-83.5054,9.5303],[-83.5061,9.5303],[-83.5064,9.5302],[-83.5066,9.5301],[-83.5068,9.5299],[-83.5069,9.5298],[-83.5073,9.5298],[-83.5076,9.53],[-83.5079,9.5303],[-83.5082,9.5306],[-83.5085,9.5308],[-83.5088,9.5311],[-83.5093,9.5314],[-83.51,9.5315],[-83.5104,9.5316],[-83.5108,9.5317],[-83.511,9.5319],[-83.5113,9.5322],[-83.5117,9.5323],[-83.5119,9.5325],[-83.5122,9.5328],[-83.5124,9.5334],[-83.5127,9.5335],[-83.5131,9.5337],[-83.5136,9.5338],[-83.5139,9.5341],[-83.5142,9.5345],[-83.5145,9.5347],[-83.5149,9.5351],[-83.5153,9.5353],[-83.5155,9.5356],[-83.5155,9.5359],[-83.5154,9.5363],[-83.5153,9.5369],[-83.515,9.5374],[-83.5147,9.5378],[-83.5147,9.5382],[-83.5147,9.5387],[-83.5144,9.5391],[-83.5142,9.5396],[-83.5139,9.5401],[-83.5138,9.5407],[-83.5139,9.5415],[-83.514,9.542],[-83.5142,9.5424],[-83.5144,9.5429],[-83.5147,9.5434],[-83.5149,9.5439],[-83.5152,9.5447],[-83.5153,9.5454],[-83.5154,9.5465],[-83.5154,9.5469],[-83.5152,9.547],[-83.515,9.5474],[-83.5148,9.5481],[-83.5147,9.5491],[-83.5146,9.5498],[-83.5148,9.5508],[-83.5151,9.5514],[-83.5151,9.5517],[-83.5154,9.552],[-83.5156,9.5524],[-83.516,9.5526],[-83.5162,9.5528],[-83.5162,9.5531],[-83.5162,9.5536],[-83.516,9.554],[-83.5158,9.5544],[-83.5158,9.555],[-83.5156,9.5554],[-83.5154,9.5556],[-83.5151,9.5558],[-83.5147,9.556],[-83.5141,9.5562],[-83.5138,9.5564],[-83.5133,9.5566],[-83.5131,9.5569],[-83.513,9.5572],[-83.513,9.5579],[-83.5131,9.5582],[-83.5132,9.5585],[-83.5134,9.5589],[-83.5137,9.5593],[-83.5138,9.5597],[-83.5142,9.5604],[-83.5144,9.561],[-83.5144,9.5616],[-83.5143,9.5623],[-83.5142,9.563],[-83.5141,9.5635],[-83.5139,9.5639],[-83.5138,9.5644],[-83.5137,9.5653],[-83.5135,9.5661],[-83.5134,9.5669],[-83.5133,9.5676],[-83.5131,9.568],[-83.5129,9.5684],[-83.5129,9.5687],[-83.5128,9.5693],[-83.5125,9.5696],[-83.5123,9.5699],[-83.512,9.5702],[-83.5115,9.5706],[-83.5111,9.571],[-83.5107,9.5715],[-83.5104,9.5721],[-83.5099,9.5727],[-83.5095,9.5734],[-83.5092,9.5739],[-83.5088,9.5742],[-83.5081,9.5746],[-83.5078,9.575],[-83.5076,9.5755],[-83.5074,9.5759],[-83.5068,9.5769],[-83.5065,9.5777],[-83.5063,9.5782],[-83.5062,9.5784],[-83.5061,9.5787],[-83.5059,9.5791],[-83.5058,9.5795],[-83.5057,9.5799],[-83.5057,9.5805],[-83.5057,9.581],[-83.5055,9.5813],[-83.5052,9.582],[-83.5051,9.5823],[-83.5048,9.5826],[-83.5045,9.5831],[-83.5045,9.5837],[-83.5046,9.5844],[-83.5048,9.5849],[-83.505,9.5853],[-83.5053,9.5858],[-83.5056,9.5863],[-83.506,9.5867],[-83.5063,9.5873],[-83.5064,9.5877],[-83.5064,9.5885],[-83.5066,9.589],[-83.5068,9.5895],[-83.5071,9.5899],[-83.5074,9.5901],[-83.5078,9.5905],[-83.5087,9.5914],[-83.5093,9.5918],[-83.5097,9.5921],[-83.51,9.5926],[-83.5104,9.5932],[-83.5109,9.5936],[-83.5114,9.5941],[-83.5117,9.5947],[-83.5117,9.5954],[-83.5118,9.5963],[-83.5118,9.5971],[-83.5116,9.5975],[-83.5114,9.5977],[-83.5112,9.5978],[-83.5105,9.5981],[-83.5101,9.5982],[-83.5097,9.5985],[-83.5094,9.5986],[-83.509,9.5987],[-83.5086,9.5988],[-83.5083,9.5991],[-83.508,9.5994],[-83.5078,9.6],[-83.5074,9.6006],[-83.5071,9.6013],[-83.5066,9.6017],[-83.5061,9.6018],[-83.5056,9.6018],[-83.5051,9.6019],[-83.5047,9.602],[-83.5041,9.6022],[-83.5034,9.6026],[-83.5027,9.603],[-83.5023,9.6034],[-83.5019,9.6038],[-83.5014,9.6044],[-83.5008,9.6049],[-83.4999,9.6057],[-83.4994,9.6064],[-83.499,9.6073],[-83.4987,9.6076],[-83.4984,9.6082],[-83.4981,9.6086],[-83.4977,9.6087],[-83.4972,9.6092],[-83.4969,9.6095],[-83.4964,9.6097],[-83.4959,9.61],[-83.4953,9.6105],[-83.4948,9.6112],[-83.4944,9.612],[-83.4942,9.6126],[-83.4939,9.6129],[-83.4936,9.6131],[-83.4934,9.6133],[-83.4931,9.6135],[-83.4929,9.6135],[-83.4924,9.6135],[-83.4917,9.6135],[-83.4914,9.6136],[-83.4911,9.6141],[-83.4906,9.6148],[-83.4904,9.6154],[-83.4902,9.6159],[-83.4901,9.6167],[-83.4899,9.6174],[-83.4897,9.6177],[-83.4895,9.6181],[-83.4892,9.6184],[-83.489,9.6187],[-83.4884,9.6193],[-83.4877,9.6203],[-83.4872,9.621],[-83.4868,9.6215],[-83.4865,9.6217],[-83.4861,9.622],[-83.4859,9.6221],[-83.4856,9.6224],[-83.4851,9.6232],[-83.4844,9.6243],[-83.4838,9.6257],[-83.4836,9.6261],[-83.4834,9.6266],[-83.4833,9.627],[-83.4828,9.6277],[-83.4824,9.628],[-83.4821,9.6283],[-83.4817,9.6286],[-83.4814,9.6287],[-83.4802,9.6288],[-83.479,9.6288],[-83.4786,9.6289],[-83.4784,9.629],[-83.4779,9.6292],[-83.4774,9.6295],[-83.477,9.6297],[-83.4767,9.6299],[-83.4762,9.6301],[-83.4758,9.6302],[-83.4754,9.6304],[-83.4751,9.6306],[-83.4749,9.6308],[-83.4746,9.6311],[-83.4744,9.6316],[-83.4743,9.6319],[-83.474,9.6321],[-83.4736,9.6323],[-83.4732,9.6323],[-83.4727,9.6323],[-83.4723,9.6323],[-83.472,9.6323],[-83.4718,9.6324],[-83.4716,9.6325],[-83.4713,9.6327],[-83.471,9.6328],[-83.4707,9.6328],[-83.4703,9.6328],[-83.4698,9.6328],[-83.4691,9.6327],[-83.4684,9.6327],[-83.4681,9.6329],[-83.4678,9.6332],[-83.4676,9.6336],[-83.4674,9.634],[-83.4672,9.6341],[-83.467,9.6341],[-83.4667,9.6342],[-83.4665,9.6343],[-83.4663,9.6346],[-83.4662,9.6351],[-83.4662,9.6356],[-83.4661,9.636],[-83.466,9.6362],[-83.4658,9.6365],[-83.4654,9.6369],[-83.465,9.6374],[-83.4648,9.6381],[-83.4646,9.6386],[-83.4645,9.6389],[-83.4644,9.6392],[-83.4642,9.6394],[-83.4639,9.6397],[-83.4637,9.64],[-83.4635,9.6403],[-83.4635,9.6407],[-83.4635,9.6412],[-83.4636,9.6417],[-83.4636,9.6422],[-83.4635,9.6426],[-83.4634,9.6429],[-83.4629,9.6434],[-83.4622,9.6438],[-83.4613,9.6444],[-83.4602,9.6448],[-83.4597,9.645],[-83.4594,9.6454],[-83.459,9.6459],[-83.4586,9.6464],[-83.4582,9.6468],[-83.4579,9.6471],[-83.4575,9.6474],[-83.457,9.6475],[-83.456,9.6476],[-83.4554,9.6477],[-83.4546,9.6479],[-83.4542,9.6481],[-83.4538,9.6482],[-83.4535,9.6482],[-83.4532,9.6482],[-83.4529,9.6481],[-83.4525,9.6479],[-83.4523,9.6478],[-83.452,9.6478],[-83.4517,9.6479],[-83.4513,9.6482],[-83.4507,9.6488],[-83.4504,9.6495],[-83.4502,9.65],[-83.4502,9.6506],[-83.4502,9.6513],[-83.4501,9.6515],[-83.4499,9.6518],[-83.4496,9.6522],[-83.4491,9.6525],[-83.4486,9.6528],[-83.4476,9.6529],[-83.4471,9.6531],[-83.4468,9.6533],[-83.4467,9.6537],[-83.4467,9.6541],[-83.4467,9.6544],[-83.4466,9.6547],[-83.4463,9.6552],[-83.446,9.6556],[-83.4454,9.6562],[-83.4451,9.6565],[-83.4449,9.6569],[-83.4447,9.6573],[-83.4444,9.6577],[-83.4442,9.6581],[-83.4439,9.6585],[-83.4437,9.6588],[-83.4433,9.6591],[-83.4429,9.6594],[-83.4426,9.6597],[-83.4424,9.66],[-83.4422,9.6603],[-83.442,9.6608],[-83.4417,9.6614],[-83.4416,9.6619],[-83.4415,9.6629],[-83.4413,9.6635],[-83.4411,9.6641],[-83.4407,9.6649],[-83.4403,9.6653],[-83.4399,9.6657],[-83.4391,9.6665],[-83.4371,9.6684],[-83.4352,9.67],[-83.4337,9.6712],[-83.4331,9.6718],[-83.4323,9.6732],[-83.4319,9.6743],[-83.4314,9.6751],[-83.431,9.6756],[-83.4299,9.6764],[-83.4295,9.6769],[-83.4287,9.6782],[-83.428,9.6799],[-83.4279,9.6807],[-83.428,9.6812],[-83.4281,9.6817],[-83.4284,9.6823],[-83.4284,9.6829],[-83.4281,9.6835],[-83.4274,9.6842],[-83.4272,9.6846],[-83.4272,9.685],[-83.4274,9.6859],[-83.4274,9.6867],[-83.4274,9.6875],[-83.4276,9.6881],[-83.4277,9.689],[-83.4275,9.6896],[-83.4268,9.6909],[-83.4268,9.6915],[-83.4269,9.6919],[-83.4273,9.6927],[-83.4275,9.6932],[-83.4277,9.6937],[-83.4278,9.6945],[-83.4282,9.6959],[-83.4284,9.6976],[-83.4285,9.6982],[-83.4288,9.6987],[-83.4293,9.6994],[-83.4294,9.7001],[-83.4293,9.702],[-83.4294,9.7032],[-83.4296,9.7044],[-83.4297,9.7052],[-83.4296,9.706],[-83.4292,9.7067],[-83.4287,9.7073],[-83.4275,9.7077],[-83.4267,9.7085],[-83.4256,9.7102],[-83.4246,9.7116],[-83.4235,9.7123],[-83.4226,9.7127],[-83.422,9.7134],[-83.4214,9.7144],[-83.4204,9.7158],[-83.42,9.717],[-83.4196,9.7177],[-83.4189,9.7182],[-83.4177,9.7185],[-83.417,9.7195],[-83.4162,9.7208],[-83.4156,9.7216],[-83.4145,9.7226],[-83.413,9.7243],[-83.4124,9.7247],[-83.4114,9.7252],[-83.4109,9.7256],[-83.4106,9.7261],[-83.4106,9.7266],[-83.4107,9.7274],[-83.4107,9.7282],[-83.4104,9.7288],[-83.4099,9.729],[-83.4088,9.7294],[-83.4086,9.7296],[-83.4079,9.73],[-83.4075,9.7311],[-83.4074,9.7326],[-83.4071,9.733],[-83.4066,9.7333],[-83.4058,9.7339],[-83.4054,9.7348],[-83.4051,9.7361],[-83.4047,9.7368],[-83.4041,9.7373],[-83.4031,9.7378],[-83.4027,9.7383],[-83.4022,9.7392],[-83.4018,9.7397],[-83.4007,9.7403],[-83.3981,9.7411],[-83.397,9.7417],[-83.3964,9.7424],[-83.3953,9.7442],[-83.3943,9.7462],[-83.3942,9.747],[-83.3938,9.7483],[-83.3932,9.7503],[-83.3922,9.7518],[-83.3911,9.7533],[-83.3906,9.7537],[-83.3892,9.755],[-83.3884,9.7565],[-83.3874,9.7589],[-83.3867,9.7605],[-83.3865,9.7618],[-83.3861,9.7629],[-83.3847,9.7644],[-83.3836,9.7664],[-83.3831,9.7676],[-83.3823,9.7683],[-83.3815,9.7693],[-83.3811,9.7702],[-83.3806,9.7709],[-83.3793,9.7721],[-83.3787,9.773],[-83.3781,9.7739],[-83.3773,9.7744],[-83.3763,9.7749],[-83.3757,9.7752],[-83.3749,9.7762],[-83.374,9.7775],[-83.3732,9.7781],[-83.3718,9.7785],[-83.371,9.7791],[-83.37,9.7796],[-83.3686,9.7808],[-83.3677,9.7824],[-83.3677,9.7833],[-83.3677,9.7847],[-83.3677,9.7851],[-83.3674,9.7856],[-83.3669,9.7861],[-83.3658,9.787],[-83.3647,9.7884],[-83.3627,9.7912],[-83.3619,9.792],[-83.3597,9.7937],[-83.3578,9.795],[-83.3571,9.7957],[-83.3566,9.7966],[-83.3562,9.7975],[-83.3562,9.7981],[-83.3564,9.7995],[-83.3564,9.8006],[-83.3562,9.801],[-83.3556,9.8022],[-83.3548,9.8033],[-83.3536,9.8043],[-83.3524,9.8055],[-83.3512,9.8064],[-83.3501,9.8074],[-83.3486,9.8086],[-83.3474,9.8093],[-83.3463,9.8103],[-83.345,9.812],[-83.3444,9.8129],[-83.3442,9.8137],[-83.344,9.8152],[-83.3437,9.8164],[-83.3432,9.8171],[-83.342,9.8178],[-83.3415,9.8185],[-83.3412,9.8192],[-83.3404,9.8213],[-83.3398,9.8219],[-83.3387,9.8223],[-83.3375,9.8226],[-83.3367,9.8228],[-83.3363,9.8231],[-83.336,9.8237],[-83.3359,9.8244],[-83.3363,9.8249],[-83.3365,9.8254],[-83.3366,9.826],[-83.3367,9.827],[-83.3367,9.8288],[-83.3363,9.8303],[-83.3365,9.831],[-83.3373,9.8317],[-83.3377,9.832],[-83.338,9.8324],[-83.3386,9.833],[-83.3331,9.8404],[-83.3321,9.844],[-83.3351,9.8465],[-83.3374,9.8517],[-83.3394,9.8601],[-83.3375,9.8632],[-83.3347,9.873],[-83.3364,9.8755],[-83.3341,9.8792],[-83.3373,9.8837],[-83.3349,9.8856],[-83.3424,9.8891],[-83.3402,9.8933],[-83.3444,9.894],[-83.3478,9.898],[-83.3492,9.9041],[-83.348,9.9101],[-83.3487,9.9143],[-83.3449,9.9168],[-83.3498,9.9216],[-83.3513,9.9318],[-83.349,9.9362],[-83.3434,9.9412],[-83.3383,9.9421],[-83.341,9.9541],[-83.3394,9.9607],[-83.3331,9.9647],[-83.3281,9.9649],[-83.3171,9.9784],[-83.3119,9.9816],[-83.45,9.9819],[-83.5203,9.9818],[-83.5574,9.9819],[-83.6048,9.982],[-83.6179,9.9879],[-83.6249,9.9991],[-83.6306,9.9996],[-83.6341,10.0057],[-83.6394,10.0101],[-83.6452,10.0108],[-83.6497,10.0149],[-83.658,10.0162],[-83.6644,10.0193],[-83.6666,10.0234],[-83.6746,10.026],[-83.6801,10.0258],[-83.6873,10.0298],[-83.6897,10.0298],[-83.7012,10.0383],[-83.7091,10.041],[-83.7143,10.0378],[-83.7205,10.038],[-83.7252,10.0398],[-83.7481,10.0503],[-83.7739,10.063],[-83.8163,10.0836]]]},"properties":{"Provincia":"CARTAGO","Canton":"TURRIALBA","Codigo":"305"}},
{"type":"Feature","geometry":{"type":"Polygon","coordinates":[[[-83.7606,9.9469],[-83.763,9.9533],[-83.7698,9.9545],[-83.7756,9.9631],[-83.7804,9.9671],[-83.7831,9.9738],[-83.7821,9.9778],[-83.7839,9.9815],[-83.7924,9.9882],[-83.7991,9.9894],[-83.8058,9.994],[-83.8102,10.0002],[-83.8103,10.0085],[-83.8135,10.0135],[-83.8128,10.0169],[-83.8161,10.0151],[-83.8197,10.0088],[-83.8212,9.9996],[-83.8263,9.984],[-83.8288,9.9789],[-83.8345,9.979],[-83.838,9.9709],[-83.838,9.9668],[-83.8418,9.9625],[-83.8426,9.9573],[-83.8401,9.9523],[-83.8368,9.9524],[-83.8293,9.9458],[-83.8324,9.9383],[-83.8362,9.9347],[-83.8353,9.9317],[-83.8305,9.9265],[-83.8309,9.9175],[-83.8295,9.9135],[-83.8321,9.9054],[-83.8291,9.8992],[-83.8255,9.9031],[-83.8233,9.9007],[-83.8257,9.8896],[-83.8292,9.8864],[-83.8239,9.8769],[-83.8036,9.8711],[-83.7939,9.8754],[-83.7887,9.8815],[-83.7861,9.8873],[-83.7873,9.8918],[-83.7811,9.8992],[-83.7801,9.9077],[-83.7755,9.899],[-83.775,9.9078],[-83.7698,9.9113],[-83.7704,9.918],[-83.7673,9.9196],[-83.7679,9.9247],[-83.7745,9.9343],[-83.7745,9.9428],[-83.7654,9.9488],[-83.7606,9.9469]]]},"properties":{"Codigo":"306","Canton":"ALVARADO","Provincia":"CARTAGO"}},
{"type":"Feature","geometry":{"type":"Polygon","coordinates":[[[-83.947,10.1473],[-83.9461,10.1418],[-83.9415,10.1327],[-83.9415,10.1297],[-83.9382,10.125],[-83.9377,10.1102],[-83.9344,10.1004],[-83.9325,10.0986],[-83.9317,10.0837],[-83.9203,10.0757],[-83.9124,10.0733],[-83.9108,10.0708],[-83.8954,10.0609],[-83.889,10.0542],[-83.8866,10.0494],[-83.8816,10.0446],[-83.8787,10.0374],[-83.8752,10.0345],[-83.8755,10.0276],[-83.8772,10.0231],[-83.8755,10.017],[-83.8725,10.0148],[-83.867,10.0031],[-83.869,9.9963],[-83.8662,9.9865],[-83.8591,9.9788],[-83.8594,9.9719],[-83.8679,9.9712],[-83.8728,9.9608],[-83.8724,9.9509],[-83.8757,9.949],[-83.8774,9.9444],[-83.8831,9.9406],[-83.8837,9.9307],[-83.888,9.9222],[-83.8893,9.9115],[-83.892,9.9064],[-83.8936,9.8971],[-83.9016,9.8883],[-83.9078,9.8829],[-83.9052,9.8735],[-83.9101,9.8703],[-83.9075,9.8662],[-83.9089,9.8577],[-83.9044,9.8556],[-83.8988,9.8493],[-83.8948,9.8478],[-83.8917,9.852],[-83.888,9.8529],[-83.8886,9.8589],[-83.8859,9.8628],[-83.8766,9.8629],[-83.8628,9.8676],[-83.8582,9.8748],[-83.854,9.8787],[-83.8504,9.8775],[-83.8441,9.8787],[-83.8373,9.8846],[-83.8333,9.8835],[-83.8292,9.8864],[-83.8257,9.8896],[-83.8233,9.9007],[-83.8255,9.9031],[-83.8291,9.8992],[-83.8321,9.9054],[-83.8295,9.9135],[-83.8309,9.9175],[-83.8305,9.9265],[-83.8353,9.9317],[-83.8362,9.9347],[-83.8324,9.9383],[-83.8293,9.9458],[-83.8368,9.9524],[-83.8401,9.9523],[-83.8426,9.9573],[-83.8418,9.9625],[-83.838,9.9668],[-83.838,9.9709],[-83.8345,9.979],[-83.8288,9.9789],[-83.8263,9.984],[-83.8212,9.9996],[-83.8197,10.0088],[-83.8161,10.0151],[-83.8128,10.0169],[-83.8034,10.0291],[-83.8005,10.0367],[-83.8081,10.0411],[-83.8099,10.0458],[-83.8141,10.0507],[-83.8162,10.0553],[-83.8134,10.0588],[-83.8154,10.0672],[-83.8189,10.0687],[-83.8177,10.0796],[-83.8163,10.0836],[-83.947,10.1473]]]},"properties":{"Codigo":"307","Provincia":"CARTAGO","Canton":"OREAMUNO"}},
{"type":"Feature","geometry":{"type":"Polygon","coordinates":[[[-83.7905,9.6116],[-83.8344,9.6653],[-83.9327,9.7845],[-83.9374,9.7911],[-83.9393,9.7985],[-83.9426,9.7995],[-83.9443,9.808],[-83.9477,9.8154],[-83.9455,9.8245],[-83.9465,9.8277],[-83.9435,9.8306],[-83.9426,9.8351],[-83.9342,9.8414],[-83.9247,9.8387],[-83.9257,9.8432],[-83.9311,9.848],[-83.9294,9.8522],[-83.9341,9.8539],[-83.9427,9.8527],[-83.9483,9.8482],[-83.9566,9.8504],[-83.9582,9.8466],[-83.964,9.8467],[-83.9673,9.8438],[-83.9748,9.8428],[-83.9835,9.8441],[-83.9977,9.8368],[-83.9993,9.8416],[-84.0105,9.8395],[-84.0135,9.8351],[-84.0111,9.8298],[-84.0161,9.8253],[-84.0202,9.8264],[-84.0239,9.8249],[-84.0234,9.8197],[-84.017,9.8135],[-84.0143,9.8046],[-84.0213,9.7997],[-84.0297,9.7903],[-84.0295,9.7823],[-84.027,9.7781],[-84.0215,9.7788],[-84.0215,9.7705],[-84.0143,9.773],[-84.0026,9.7787],[-83.9996,9.7848],[-83.9918,9.7837],[-83.9919,9.779],[-83.9884,9.7762],[-83.9877,9.7714],[-83.9817,9.7702],[-83.9821,9.7596],[-83.9794,9.7588],[-83.9778,9.7473],[-83.9739,9.7433],[-83.9582,9.7403],[-83.9561,9.7386],[-83.9507,9.7391],[-83.9488,9.7258],[-83.9498,9.7221],[-83.949,9.7142],[-83.9455,9.7014],[-83.9426,9.6987],[-83.9378,9.6994],[-83.9307,9.6974],[-83.9269,9.695],[-83.9214,9.6888],[-83.9218,9.6838],[-83.9183,9.6831],[-83.91,9.6867],[-83.906,9.6858],[-83.9021,9.6894],[-83.8972,9.6859],[-83.896,9.6798],[-83.8896,9.6739],[-83.8884,9.6711],[-83.882,9.6685],[-83.8701,9.671],[-83.8633,9.6709],[-83.858,9.6725],[-83.85,9.664],[-83.85,9.6557],[-83.846,9.649],[-83.8466,9.6334],[-83.8491,9.6311],[-83.8501,9.6262],[-83.8404,9.6226],[-83.8352,9.6226],[-83.8328,9.6179],[-83.826,9.6189],[-83.8173,9.6149],[-83.8109,9.6152],[-83.8026,9.6127],[-83.8003,9.6141],[-83.794,9.6109],[-83.7905,9.6116]]]},"properties":{"Codigo":"308","Provincia":"CARTAGO","Canton":"EL GUARCO"}},
{"type":"Feature","geometry":{"type":"Polygon","coordinates":[[[-84.1197,10.0115],[-84.1229,10.0165],[-84.1274,10.0163],[-84.1341,10.0099],[-84.1346,10.0062],[-84.1406,10.0088],[-84.1452,10.0057],[-84.1494,9.9993],[-84.1562,9.9937],[-84.1601,9.9946],[-84.1647,9.9901],[-84.1614,9.98],[-84.155,9.9765],[-84.1536,9.9723],[-84.157,9.9685],[-84.1458,9.9623],[-84.1379,9.964],[-84.1342,9.9673],[-84.1278,9.9662],[-84.1229,9.9637],[-84.1095,9.9615],[-84.1121,9.964],[-84.1139,9.9713],[-84.1091,9.9829],[-84.1113,9.9905],[-84.1087,9.9905],[-84.1088,9.9997],[-84.1099,10.006],[-84.1171,10.006],[-84.1197,10.0115]]]},"properties":{"Canton":"HEREDIA","Provincia":"HEREDIA","Codigo":"401"}},
{"type":"Feature","geometry":{"type":"Polygon","coordinates":[[[-84.0872,10.1204],[-84.0955,10.1243],[-84.0961,10.1252],[-84.0963,10.1259],[-84.0965,10.1269],[-84.097,10.1279],[-84.0975,10.1287],[-84.0979,10.129],[-84.0987,10.1292],[-84.0997,10.1291],[-84.1003,10.1295],[-84.1007,10.1302],[-84.101,10.1306],[-84.1017,10.1312],[-84.1027,10.1316],[-84.1033,10.1317],[-84.104,10.1315],[-84.1049,10.1312],[-84.1055,10.1308],[-84.1061,10.1302],[-84.106,10.1316],[-84.1061,10.1324],[-84.1065,10.1327],[-84.1078,10.1335],[-84.1093,10.1351],[-84.1098,10.1354],[-84.1104,10.1356],[-84.1113,10.1355],[-84.1131,10.1347],[-84.1142,10.1342],[-84.1151,10.1343],[-84.1158,10.1342],[-84.1168,10.1346],[-84.1183,10.1355],[-84.1193,10.1357],[-84.1196,10.1358],[-84.1205,10.1356],[-84.1222,10.1345],[-84.1241,10.1337],[-84.1249,10.1335],[-84.1273,10.1339],[-84.1281,10.1344],[-84.1292,10.135],[-84.1312,10.1371],[-84.1311,10.0824],[-84.1273,10.0747],[-84.1265,10.0696],[-84.1216,10.0672],[-84.128,10.0603],[-84.1333,10.0594],[-84.136,10.0536],[-84.1414,10.0454],[-84.1424,10.0406],[-84.1417,10.0251],[-84.146,10.0213],[-84.1436,10.0118],[-84.1341,10.0099],[-84.1274,10.0163],[-84.1229,10.0165],[-84.1197,10.0115],[-84.1089,10.0164],[-84.105,10.0208],[-84.108,10.0258],[-84.1077,10.039],[-84.1045,10.0483],[-84.1013,10.0513],[-84.0925,10.0651],[-84.0909,10.076],[-84.0866,10.0845],[-84.0853,10.0904],[-84.0872,10.098],[-84.0872,10.1204]]]},"properties":{"Codigo":"402","Provincia":"HEREDIA","Canton":"BARVA"}},
{"type":"Feature","geometry":{"type":"Polygon","coordinates":[[[-84.0231,10.0139],[-84.0254,10.016],[-84.0379,10.0106],[-84.0422,10.0048],[-84.0461,10.0056],[-84.0482,10.0024],[-84.0643,9.9986],[-84.0759,9.9965],[-84.0833,9.9944],[-84.0918,9.9902],[-84.0958,9.985],[-84.1004,9.9817],[-84.1004,9.9752],[-84.108,9.9761],[-84.1139,9.9713],[-84.1121,9.964],[-84.1095,9.9615],[-84.1072,9.9603],[-84.1064,9.9634],[-84.0951,9.9627],[-84.0862,9.9667],[-84.0835,9.9705],[-84.0774,9.9682],[-84.0705,9.9687],[-84.0672,9.9671],[-84.0579,9.969],[-84.0551,9.9727],[-84.0481,9.9765],[-84.0441,9.981],[-84.0424,9.9863],[-84.0346,9.991],[-84.0255,9.9925],[-84.0231,10.0139]]]},"properties":{"Codigo":"403","Provincia":"HEREDIA","Canton":"SANTO DOMINGO"}},
{"type":"Feature","geometry":{"type":"Polygon","coordinates":[[[-84.1312,10.1371],[-84.1321,10.1381],[-84.133,10.1389],[-84.1332,10.1394],[-84.1334,10.1401],[-84.1341,10.1412],[-84.1345,10.1416],[-84.1346,10.142],[-84.1349,10.1432],[-84.1353,10.1436],[-84.1357,10.1438],[-84.136,10.144],[-84.1365,10.1449],[-84.1374,10.1453],[-84.1379,10.1457],[-84.1381,10.1459],[-84.1386,10.1466],[-84.1388,10.1469],[-84.139,10.1471],[-84.1393,10.1472],[-84.1399,10.1474],[-84.1402,10.1476],[-84.1404,10.1479],[-84.1405,10.1482],[-84.1406,10.1487],[-84.1408,10.1493],[-84.141,10.1496],[-84.1413,10.1497],[-84.1418,10.1497],[-84.1426,10.1498],[-84.1429,10.1498],[-84.1433,10.1499],[-84.1441,10.1502],[-84.1446,10.1505],[-84.1449,10.1507],[-84.1452,10.1509],[-84.1456,10.151],[-84.1461,10.1514],[-84.1465,10.1517],[-84.1468,10.1517],[-84.1472,10.1516],[-84.1476,10.1516],[-84.1484,10.1514],[-84.1486,10.1514],[-84.1488,10.1515],[-84.1491,10.1516],[-84.1497,10.1518],[-84.1502,10.1519],[-84.1506,10.1521],[-84.1513,10.1525],[-84.1519,10.1525],[-84.1522,10.1525],[-84.1525,10.1525],[-84.153,10.1527],[-84.1533,10.1528],[-84.1534,10.1529],[-84.1537,10.153],[-84.1542,10.1531],[-84.1545,10.1533],[-84.1549,10.1535],[-84.1551,10.1535],[-84.1553,10.1535],[-84.1557,10.1534],[-84.156,10.1534],[-84.1562,10.1535],[-84.1565,10.1536],[-84.1568,10.1538],[-84.1569,10.154],[-84.1571,10.1546],[-84.1574,10.1555],[-84.1576,10.1559],[-84.1577,10.1561],[-84.1579,10.1563],[-84.1581,10.1564],[-84.1584,10.1565],[-84.1591,10.1567],[-84.1594,10.1568],[-84.1595,10.1569],[-84.16,10.1576],[-84.1603,10.1578],[-84.1605,10.158],[-84.1607,10.158],[-84.161,10.1581],[-84.1612,10.1582],[-84.1614,10.1582],[-84.1613,10.0832],[-84.1663,10.0718],[-84.1735,10.0274],[-84.1738,10.0056],[-84.1628,10.0143],[-84.1573,10.0162],[-84.1539,10.0193],[-84.146,10.0213],[-84.1417,10.0251],[-84.1424,10.0406],[-84.1414,10.0454],[-84.136,10.0536],[-84.1333,10.0594],[-84.128,10.0603],[-84.1216,10.0672],[-84.1265,10.0696],[-84.1273,10.0747],[-84.1311,10.0824],[-84.1312,10.1371]]]},"properties":{"Canton":"SANTA BARBARA","Provincia":"HEREDIA","Codigo":"404"}},
{"type":"Feature","geometry":{"type":"Polygon","coordinates":[[[-84.0445,10.0631],[-84.0448,10.0641],[-84.0451,10.0652],[-84.0454,10.066],[-84.0456,10.0667],[-84.0462,10.067],[-84.0469,10.0671],[-84.0473,10.0669],[-84.048,10.0672],[-84.0491,10.0672],[-84.0499,10.0672],[-84.0506,10.0676],[-84.0509,10.0686],[-84.0509,10.0693],[-84.0512,10.0698],[-84.0534,10.0741],[-84.0546,10.075],[-84.0557,10.0757],[-84.0566,10.0763],[-84.0575,10.077],[-84.058,10.0775],[-84.0585,10.0779],[-84.059,10.0782],[-84.0596,10.0783],[-84.0598,10.0785],[-84.0608,10.0795],[-84.0611,10.0796],[-84.0621,10.0799],[-84.0629,10.0805],[-84.0633,10.0808],[-84.0639,10.0811],[-84.0646,10.0808],[-84.065,10.0806],[-84.0657,10.0806],[-84.0668,10.0811],[-84.0672,10.0815],[-84.0681,10.0823],[-84.069,10.0828],[-84.0695,10.0832],[-84.07,10.0836],[-84.0709,10.084],[-84.072,10.0844],[-84.0736,10.0845],[-84.075,10.0848],[-84.0761,10.0855],[-84.0776,10.0866],[-84.0782,10.0872],[-84.0785,10.0879],[-84.0785,10.0886],[-84.0782,10.0896],[-84.0777,10.0912],[-84.0781,10.0942],[-84.0784,10.0958],[-84.0785,10.0973],[-84.0781,10.0985],[-84.0777,10.0991],[-84.0777,10.0997],[-84.0775,10.1012],[-84.0768,10.1029],[-84.0763,10.1045],[-84.0763,10.1055],[-84.0765,10.1067],[-84.0796,10.115],[-84.0794,10.1178],[-84.0795,10.1183],[-84.0796,10.1187],[-84.081,10.1196],[-84.0826,10.1207],[-84.0831,10.1208],[-84.0837,10.1208],[-84.0847,10.1204],[-84.085,10.1202],[-84.0862,10.1201],[-84.0868,10.1201],[-84.0871,10.1204],[-84.0872,10.1204],[-84.0872,10.098],[-84.0853,10.0904],[-84.0866,10.0845],[-84.0909,10.076],[-84.0925,10.0651],[-84.1013,10.0513],[-84.1045,10.0483],[-84.1077,10.039],[-84.108,10.0258],[-84.105,10.0208],[-84.1089,10.0164],[-84.1197,10.0115],[-84.1171,10.006],[-84.1099,10.006],[-84.1088,9.9997],[-84.1053,10.0036],[-84.0933,10.0036],[-84.0905,10.0069],[-84.0752,10.0126],[-84.0727,10.0195],[-84.0655,10.0208],[-84.0533,10.0278],[-84.0531,10.0342],[-84.0481,10.0342],[-84.0451,10.0408],[-84.0446,10.0486],[-84.0472,10.0596],[-84.0445,10.0631]]]},"properties":{"Codigo":"405","Canton":"SAN RAFAEL","Provincia":"HEREDIA"}},
{"type":"Feature","geometry":{"type":"Polygon","coordinates":[[[-84.0283,10.0601],[-84.0315,10.0574],[-84.0318,10.0586],[-84.0322,10.0589],[-84.033,10.0592],[-84.0334,10.0593],[-84.0343,10.0592],[-84.0349,10.0605],[-84.0356,10.0611],[-84.0365,10.0615],[-84.037,10.0616],[-84.038,10.0616],[-84.0385,10.0615],[-84.0388,10.0612],[-84.0397,10.0606],[-84.0409,10.0611],[-84.0416,10.0614],[-84.0424,10.062],[-84.0445,10.0631],[-84.0472,10.0596],[-84.0446,10.0486],[-84.0451,10.0408],[-84.0481,10.0342],[-84.0531,10.0342],[-84.0533,10.0278],[-84.0655,10.0208],[-84.0727,10.0195],[-84.0752,10.0126],[-84.074,10.0052],[-84.076,10.0028],[-84.0759,9.9965],[-84.0643,9.9986],[-84.0482,10.0024],[-84.0461,10.0056],[-84.0422,10.0048],[-84.0379,10.0106],[-84.0254,10.016],[-84.0231,10.0139],[-84.0176,10.0201],[-84.0126,10.0215],[-84.0111,10.0256],[-84.0101,10.0369],[-84.0125,10.0395],[-84.0158,10.05],[-84.0206,10.0527],[-84.0283,10.0601]]]},"properties":{"Codigo":"406","Canton":"SAN ISIDRO","Provincia":"HEREDIA"}},
{"type":"Feature","geometry":{"type":"Polygon","coordinates":[[[-84.1647,9.9901],[-84.1714,10.0046],[-84.1738,10.0056],[-84.1815,9.9986],[-84.1848,9.9981],[-84.1889,9.9944],[-84.1983,9.9919],[-84.1947,9.9775],[-84.2,9.9762],[-84.1999,9.9681],[-84.1902,9.9745],[-84.1841,9.9725],[-84.1803,9.9688],[-84.1739,9.972],[-84.1696,9.9663],[-84.1627,9.9661],[-84.157,9.9685],[-84.1536,9.9723],[-84.155,9.9765],[-84.1614,9.98],[-84.1647,9.9901]]]},"properties":{"Provincia":"HEREDIA","Canton":"BELEN","Codigo":"407"}},
{"type":"Feature","geometry":{"type":"Polygon","coordinates":[[[-84.1341,10.0099],[-84.1436,10.0118],[-84.146,10.0213],[-84.1539,10.0193],[-84.1573,10.0162],[-84.1628,10.0143],[-84.1738,10.0056],[-84.1714,10.0046],[-84.1647,9.9901],[-84.1601,9.9946],[-84.1562,9.9937],[-84.1494,9.9993],[-84.1452,10.0057],[-84.1406,10.0088],[-84.1346,10.0062],[-84.1341,10.0099]]]},"properties":{"Codigo":"408","Provincia":"HEREDIA","Canton":"FLORES"}},
{"type":"Feature","geometry":{"type":"Polygon","coordinates":[[[-84.0759,9.9965],[-84.076,10.0028],[-84.074,10.0052],[-84.0752,10.0126],[-84.0905,10.0069],[-84.0933,10.0036],[-84.1053,10.0036],[-84.1088,9.9997],[-84.1087,9.9905],[-84.1113,9.9905],[-84.1091,9.9829],[-84.1139,9.9713],[-84.108,9.9761],[-84.1004,9.9752],[-84.1004,9.9817],[-84.0958,9.985],[-84.0918,9.9902],[-84.0833,9.9944],[-84.0759,9.9965]]]},"properties":{"Codigo":"409","Canton":"SAN PABLO","Provincia":"HEREDIA"}},
{"type":"Feature","geometry":{"type":"Polygon","coordinates":[[[-83.7618,10.7722],[-83.767,10.7694],[-83.7783,10.7718],[-83.7933,10.7694],[-83.7967,10.7666],[-83.8001,10.7554],[-83.8073,10.7509],[-83.8092,10.748],[-83.8142,10.7459],[-83.8205,10.7482],[-83.8286,10.7482],[-83.8403,10.744],[-83.8428,10.7422],[-83.8539,10.7289],[-83.8581,10.7222],[-83.8633,10.7175],[-83.8723,10.7162],[-83.8758,10.7184],[-83.892,10.7215],[-83.8975,10.7182],[-83.9194,10.7097],[-83.9328,10.7076],[-83.9369,10.7134],[-83.9361,10.7181],[-83.9391,10.7218],[-83.9564,10.7245],[-83.9655,10.7279],[-83.9697,10.7331],[-83.9704,10.7401],[-83.9728,10.7458],[-83.9835,10.7495],[-83.9914,10.755],[-83.9923,10.7577],[-83.9981,10.7599],[-84.0053,10.7644],[-84.0093,10.7731],[-84.0146,10.7791],[-84.0145,10.7839],[-84.0198,10.7903],[-84.0245,10.7926],[-84.028,10.7916],[-84.032,10.7864],[-84.0321,10.7806],[-84.0344,10.7729],[-84.0415,10.771],[-84.0461,10.7759],[-84.0513,10.7789],[-84.0572,10.7775],[-84.0612,10.7741],[-84.0625,10.7634],[-84.0699,10.76],[-84.0796,10.7583],[-84.0829,10.7589],[-84.0999,10.7732],[-84.1072,10.7739],[-84.1121,10.7677],[-84.1159,10.7652],[-84.1216,10.7638],[-84.1273,10.7653],[-84.1321,10.7713],[-84.1333,10.785],[-84.136,10.787],[-84.1474,10.7874],[-84.1525,10.7858],[-84.1611,10.7854],[-84.1612,10.6652],[-84.1612,10.5754],[-84.161,10.4986],[-84.161,10.4845],[-84.1609,10.4641],[-84.1609,10.4436],[-84.161,10.4225],[-84.161,10.4135],[-84.161,10.3631],[-84.1613,10.2984],[-84.1611,10.2982],[-84.161,10.298],[-84.1609,10.2976],[-84.1609,10.2969],[-84.1609,10.2963],[-84.1607,10.2959],[-84.1606,10.2957],[-84.1603,10.2956],[-84.1601,10.2957],[-84.1599,10.2959],[-84.1598,10.2961],[-84.1595,10.2963],[-84.1594,10.2964],[-84.1591,10.2965],[-84.1588,10.2964],[-84.1587,10.2962],[-84.1586,10.296],[-84.1586,10.2957],[-84.1587,10.2953],[-84.1588,10.2949],[-84.1588,10.2946],[-84.1586,10.2945],[-84.1584,10.2945],[-84.1581,10.2946],[-84.158,10.2946],[-84.1577,10.2947],[-84.1575,10.2946],[-84.1572,10.2941],[-84.1568,10.2935],[-84.1566,10.2932],[-84.1563,10.2926],[-84.1562,10.2921],[-84.1562,10.2914],[-84.1564,10.2908],[-84.1563,10.2903],[-84.1563,10.29],[-84.1561,10.2899],[-84.1557,10.2899],[-84.1554,10.29],[-84.1551,10.2902],[-84.1548,10.2904],[-84.1545,10.2903],[-84.1543,10.2902],[-84.1541,10.2901],[-84.1538,10.29],[-84.1533,10.2899],[-84.153,10.2898],[-84.1527,10.2896],[-84.1524,10.2896],[-84.1522,10.2897],[-84.1519,10.29],[-84.1517,10.2901],[-84.1514,10.29],[-84.1512,10.2898],[-84.1509,10.2895],[-84.1505,10.289],[-84.1503,10.2884],[-84.1498,10.2878],[-84.1496,10.2878],[-84.1494,10.2877],[-84.1493,10.2878],[-84.149,10.2879],[-84.1488,10.2881],[-84.1486,10.2883],[-84.1483,10.2885],[-84.1481,10.2888],[-84.1479,10.2889],[-84.1477,10.2889],[-84.1475,10.2888],[-84.1473,10.2887],[-84.1472,10.2884],[-84.1471,10.2881],[-84.147,10.2875],[-84.1471,10.287],[-84.147,10.2867],[-84.1468,10.2864],[-84.1465,10.2861],[-84.146,10.2859],[-84.1452,10.2856],[-84.1448,10.2855],[-84.1445,10.2853],[-84.1442,10.2851],[-84.1441,10.2848],[-84.1441,10.2845],[-84.1442,10.2842],[-84.1443,10.2839],[-84.1444,10.2837],[-84.1445,10.2834],[-84.1444,10.283],[-84.1441,10.2824],[-84.1438,10.282],[-84.1434,10.2814],[-84.1431,10.281],[-84.1428,10.2806],[-84.1424,10.2802],[-84.1417,10.2793],[-84.1411,10.2787],[-84.1408,10.2784],[-84.1402,10.2782],[-84.1397,10.2781],[-84.1392,10.2779],[-84.1389,10.2775],[-84.1384,10.277],[-84.138,10.2767],[-84.1375,10.2763],[-84.1367,10.2758],[-84.1366,10.2756],[-84.1363,10.2751],[-84.1361,10.2745],[-84.1356,10.2741],[-84.1353,10.2739],[-84.135,10.2737],[-84.135,10.2732],[-84.1348,10.273],[-84.1346,10.2729],[-84.1344,10.273],[-84.1342,10.2732],[-84.134,10.2733],[-84.1337,10.2733],[-84.1334,10.273],[-84.1331,10.2726],[-84.1329,10.2724],[-84.1326,10.2722],[-84.1319,10.2718],[-84.1315,10.2715],[-84.1312,10.2708],[-84.131,10.2703],[-84.1309,10.2697],[-84.1306,10.2695],[-84.1304,10.2693],[-84.1301,10.2693],[-84.1297,10.2695],[-84.1294,10.2696],[-84.1291,10.2696],[-84.1287,10.2693],[-84.1283,10.2689],[-84.1277,10.2684],[-84.1275,10.268],[-84.1274,10.2676],[-84.1273,10.2674],[-84.127,10.2671],[-84.1266,10.267],[-84.1264,10.2667],[-84.1263,10.2664],[-84.1261,10.2661],[-84.1258,10.2658],[-84.1253,10.2655],[-84.1248,10.2654],[-84.1245,10.2654],[-84.1244,10.2656],[-84.1241,10.266],[-84.1239,10.2663],[-84.1237,10.2664],[-84.1234,10.2664],[-84.1229,10.2663],[-84.1225,10.266],[-84.122,10.2656],[-84.1217,10.265],[-84.1213,10.2646],[-84.121,10.2641],[-84.1206,10.2638],[-84.1205,10.2635],[-84.1204,10.2632],[-84.1205,10.263],[-84.1205,10.2627],[-84.1201,10.2627],[-84.1194,10.2627],[-84.1192,10.2626],[-84.1191,10.2625],[-84.119,10.2622],[-84.119,10.2619],[-84.119,10.2618],[-84.1188,10.2617],[-84.1187,10.2617],[-84.1185,10.2619],[-84.118,10.2622],[-84.1176,10.2622],[-84.1173,10.2621],[-84.1172,10.262],[-84.1172,10.2616],[-84.1172,10.2614],[-84.1171,10.2612],[-84.1165,10.2612],[-84.1161,10.2613],[-84.1156,10.2613],[-84.1151,10.2614],[-84.1148,10.2615],[-84.1146,10.2615],[-84.1142,10.2614],[-84.1138,10.261],[-84.1133,10.2603],[-84.1129,10.2597],[-84.1129,10.2592],[-84.113,10.2585],[-84.1129,10.2582],[-84.1125,10.2577],[-84.1125,10.2573],[-84.1124,10.2569],[-84.1127,10.2566],[-84.113,10.2562],[-84.1131,10.2559],[-84.1131,10.2556],[-84.113,10.2553],[-84.113,10.255],[-84.1127,10.2547],[-84.1124,10.2542],[-84.1124,10.2534],[-84.1126,10.2529],[-84.1125,10.2526],[-84.1124,10.2525],[-84.112,10.2524],[-84.1114,10.252],[-84.111,10.2518],[-84.1106,10.2515],[-84.1102,10.2515],[-84.1099,10.2514],[-84.1094,10.2512],[-84.109,10.2507],[-84.1087,10.2503],[-84.1085,10.2498],[-84.108,10.2493],[-84.1079,10.2489],[-84.108,10.2485],[-84.1082,10.2481],[-84.1085,10.2472],[-84.109,10.2463],[-84.1096,10.2455],[-84.1094,10.2449],[-84.1092,10.2443],[-84.109,10.2437],[-84.1089,10.2434],[-84.1088,10.2431],[-84.109,10.2429],[-84.1093,10.2428],[-84.1096,10.2425],[-84.1099,10.2423],[-84.11,10.242],[-84.11,10.2418],[-84.11,10.241],[-84.1097,10.2402],[-84.1095,10.2398],[-84.1092,10.2395],[-84.1089,10.2394],[-84.1088,10.239],[-84.1086,10.2387],[-84.1083,10.2385],[-84.108,10.2383],[-84.1079,10.2381],[-84.1076,10.2379],[-84.1075,10.2376],[-84.1074,10.2375],[-84.1071,10.2375],[-84.1069,10.2374],[-84.1067,10.2372],[-84.1068,10.237],[-84.1069,10.2367],[-84.107,10.2362],[-84.107,10.2359],[-84.1069,10.2353],[-84.1067,10.2351],[-84.1065,10.2352],[-84.1062,10.2353],[-84.1061,10.2353],[-84.1059,10.2352],[-84.1057,10.2349],[-84.1057,10.2346],[-84.1053,10.2343],[-84.105,10.2337],[-84.105,10.2333],[-84.1051,10.2328],[-84.1054,10.2324],[-84.1056,10.232],[-84.1056,10.2318],[-84.1055,10.2312],[-84.1055,10.2309],[-84.1053,10.2303],[-84.105,10.23],[-84.1049,10.2297],[-84.1048,10.2293],[-84.1048,10.2287],[-84.1049,10.2282],[-84.1051,10.2278],[-84.1052,10.2276],[-84.1052,10.2272],[-84.1051,10.2269],[-84.1051,10.2265],[-84.1048,10.226],[-84.1038,10.2252],[-84.1033,10.225],[-84.103,10.2248],[-84.1028,10.2246],[-84.1028,10.2244],[-84.103,10.2242],[-84.1032,10.2235],[-84.1032,10.2232],[-84.1033,10.2229],[-84.1031,10.2225],[-84.1027,10.222],[-84.1027,10.2217],[-84.1027,10.2214],[-84.1027,10.2212],[-84.1029,10.221],[-84.1029,10.2208],[-84.1028,10.2204],[-84.1029,10.2199],[-84.1031,10.2197],[-84.1034,10.2194],[-84.1039,10.2191],[-84.1041,10.2188],[-84.1043,10.2186],[-84.1043,10.2182],[-84.1041,10.2179],[-84.1039,10.2177],[-84.1038,10.2176],[-84.1038,10.2174],[-84.104,10.217],[-84.1042,10.2167],[-84.1043,10.2164],[-84.1044,10.216],[-84.1043,10.2157],[-84.1043,10.2153],[-84.1043,10.215],[-84.1043,10.2147],[-84.104,10.214],[-84.1039,10.2135],[-84.104,10.213],[-84.104,10.2124],[-84.1039,10.2118],[-84.1038,10.2113],[-84.1036,10.211],[-84.1037,10.2105],[-84.1038,10.2099],[-84.104,10.2095],[-84.104,10.2086],[-84.1044,10.2078],[-84.1045,10.2073],[-84.1046,10.2068],[-84.1046,10.2065],[-84.1045,10.2061],[-84.1044,10.2054],[-84.1044,10.205],[-84.1043,10.2044],[-84.1045,10.1999],[-84.1011,10.1993],[-84.0963,10.1918],[-84.0961,10.1918],[-84.0958,10.1917],[-84.0954,10.1915],[-84.0951,10.1915],[-84.0949,10.1915],[-84.0939,10.1915],[-84.0931,10.1915],[-84.0926,10.1914],[-84.0922,10.1913],[-84.0916,10.1913],[-84.0911,10.1914],[-84.0908,10.1917],[-84.0905,10.1918],[-84.09,10.1924],[-84.0896,10.1926],[-84.0894,10.1927],[-84.0892,10.1927],[-84.0889,10.1928],[-84.0887,10.1928],[-84.0882,10.1928],[-84.0876,10.1928],[-84.0871,10.1929],[-84.0865,10.1933],[-84.0858,10.194],[-84.085,10.1947],[-84.0845,10.1955],[-84.0841,10.1969],[-84.0838,10.1976],[-84.0834,10.1982],[-84.0832,10.1984],[-84.0827,10.1987],[-84.0824,10.1987],[-84.082,10.1988],[-84.0817,10.1987],[-84.0814,10.1982],[-84.0812,10.1981],[-84.081,10.1982],[-84.0809,10.1984],[-84.0807,10.1988],[-84.0804,10.2005],[-84.0803,10.2012],[-84.0801,10.2016],[-84.0797,10.2019],[-84.0793,10.2019],[-84.0789,10.2018],[-84.0785,10.2016],[-84.0781,10.2014],[-84.0778,10.2014],[-84.0775,10.2016],[-84.077,10.2018],[-84.0766,10.2019],[-84.076,10.202],[-84.0757,10.2021],[-84.075,10.2023],[-84.0747,10.2025],[-84.0746,10.2029],[-84.0745,10.2035],[-84.0744,10.2036],[-84.0742,10.2037],[-84.074,10.2037],[-84.0738,10.204],[-84.0737,10.2043],[-84.0737,10.205],[-84.0736,10.2054],[-84.0733,10.2056],[-84.0729,10.2057],[-84.0725,10.2057],[-84.0722,10.2056],[-84.0718,10.2055],[-84.0714,10.2057],[-84.0711,10.2059],[-84.0708,10.2062],[-84.0705,10.2064],[-84.0702,10.2065],[-84.0693,10.2058],[-84.069,10.2058],[-84.0688,10.206],[-84.0686,10.2061],[-84.0684,10.2064],[-84.0682,10.2065],[-84.0678,10.2066],[-84.0675,10.2064],[-84.0673,10.2057],[-84.0673,10.2051],[-84.0669,10.2048],[-84.0667,10.2047],[-84.0664,10.2048],[-84.066,10.205],[-84.0655,10.2052],[-84.065,10.2051],[-84.0647,10.2052],[-84.0642,10.2055],[-84.0637,10.2059],[-84.0631,10.2061],[-84.0628,10.2062],[-84.0625,10.2061],[-84.0618,10.2058],[-84.0614,10.2058],[-84.0606,10.206],[-84.0604,10.2061],[-84.0601,10.2065],[-84.0598,10.2069],[-84.0594,10.2073],[-84.0593,10.2074],[-84.0586,10.2078],[-84.0583,10.2081],[-84.0582,10.208],[-84.0581,10.2077],[-84.058,10.2073],[-84.0578,10.2069],[-84.0579,10.2067],[-84.058,10.2064],[-84.0582,10.2061],[-84.0581,10.2057],[-84.058,10.2051],[-84.0579,10.2047],[-84.0577,10.2039],[-84.0573,10.2036],[-84.0567,10.2034],[-84.0562,10.2031],[-84.056,10.203],[-84.0555,10.2024],[-84.0551,10.2019],[-84.0545,10.2015],[-84.0539,10.201],[-84.0536,10.2008],[-84.0534,10.2005],[-84.0526,10.1998],[-84.0524,10.1997],[-84.0513,10.1995],[-84.0509,10.1992],[-84.0506,10.199],[-84.0502,10.1984],[-84.05,10.1983],[-84.0498,10.1982],[-84.0496,10.1982],[-84.0493,10.1982],[-84.0484,10.1983],[-84.048,10.1983],[-84.0477,10.1983],[-84.0469,10.1981],[-84.0463,10.1981],[-84.0456,10.1978],[-84.0451,10.1975],[-84.0448,10.1974],[-84.0445,10.1971],[-84.0444,10.1968],[-84.0431,10.1949],[-84.0424,10.1932],[-84.042,10.1923],[-84.0409,10.1897],[-84.0403,10.1885],[-84.0399,10.1876],[-84.0396,10.1871],[-84.0391,10.1862],[-84.0385,10.1852],[-84.0383,10.1849],[-84.0381,10.1845],[-84.0378,10.1839],[-84.0373,10.1833],[-84.037,10.1832],[-84.0367,10.1832],[-84.0363,10.1831],[-84.036,10.1829],[-84.0355,10.1824],[-84.0349,10.1823],[-84.0345,10.1824],[-84.0334,10.1828],[-84.0326,10.1832],[-84.0323,10.1836],[-84.0322,10.184],[-84.0322,10.1842],[-84.032,10.1843],[-84.0317,10.1844],[-84.0313,10.1845],[-84.0311,10.1847],[-84.0311,10.1851],[-84.0308,10.1854],[-84.0303,10.1856],[-84.0298,10.1856],[-84.0294,10.1856],[-84.0289,10.1856],[-84.0287,10.1855],[-84.0284,10.1852],[-84.0281,10.185],[-84.0277,10.185],[-84.0275,10.185],[-84.0271,10.185],[-84.0267,10.1849],[-84.0264,10.185],[-84.0259,10.1852],[-84.0257,10.1853],[-84.0252,10.1854],[-84.0244,10.1854],[-84.0236,10.185],[-84.0231,10.1849],[-84.0226,10.1849],[-84.0223,10.185],[-84.0215,10.1854],[-84.0208,10.1857],[-84.02,10.1862],[-84.0191,10.1866],[-84.0186,10.1869],[-84.0182,10.187],[-84.0175,10.1871],[-84.0166,10.1871],[-84.0155,10.1868],[-84.015,10.1867],[-84.0144,10.1867],[-84.0138,10.1868],[-84.0133,10.1869],[-84.0128,10.187],[-84.0122,10.1873],[-84.0116,10.1876],[-84.0111,10.1879],[-84.0108,10.188],[-84.0103,10.1882],[-84.0098,10.1883],[-84.0093,10.1882],[-84.0089,10.1882],[-84.0085,10.1884],[-84.0082,10.1886],[-84.008,10.1887],[-84.0074,10.1887],[-84.0072,10.1887],[-84.0067,10.1885],[-84.0061,10.1885],[-84.0055,10.1885],[-84.0052,10.1887],[-84.0046,10.1889],[-84.0037,10.1896],[-84.0031,10.1899],[-84.0025,10.1902],[-84.0014,10.1902],[-84.0009,10.1902],[-84.0005,10.1902],[-83.9996,10.1902],[-83.9995,10.1901],[-83.9992,10.19],[-83.9988,10.1899],[-83.9986,10.1898],[-83.9981,10.1895],[-83.9972,10.189],[-83.9962,10.1887],[-83.9956,10.1888],[-83.995,10.1888],[-83.9943,10.1888],[-83.9939,10.1887],[-83.9934,10.1886],[-83.9929,10.1882],[-83.9924,10.1879],[-83.9921,10.1878],[-83.9911,10.1878],[-83.9903,10.1878],[-83.99,10.1878],[-83.9896,10.1878],[-83.9891,10.1878],[-83.9885,10.1876],[-83.9881,10.1876],[-83.987,10.1876],[-83.986,10.1877],[-83.9852,10.1876],[-83.9844,10.1872],[-83.9835,10.1868],[-83.9827,10.1865],[-83.9822,10.1863],[-83.9815,10.1864],[-83.9812,10.1865],[-83.9807,10.1866],[-83.9799,10.1869],[-83.9792,10.1872],[-83.9785,10.1873],[-83.9778,10.1873],[-83.9767,10.1869],[-83.9762,10.1868],[-83.9756,10.1868],[-83.9751,10.187],[-83.9744,10.1872],[-83.9735,10.1873],[-83.9728,10.1874],[-83.972,10.1873],[-83.9708,10.1873],[-83.9696,10.1876],[-83.9689,10.1882],[-83.9682,10.1888],[-83.9676,10.1891],[-83.9665,10.1897],[-83.9657,10.1901],[-83.9647,10.1908],[-83.9637,10.1912],[-83.9625,10.1923],[-83.9616,10.1925],[-83.961,10.1928],[-83.9602,10.1933],[-83.9594,10.1938],[-83.9587,10.1943],[-83.9579,10.1947],[-83.9569,10.1953],[-83.9558,10.1953],[-83.9552,10.1955],[-83.9548,10.1962],[-83.9543,10.1969],[-83.9539,10.1976],[-83.9533,10.1982],[-83.9526,10.1987],[-83.9518,10.1992],[-83.9511,10.1999],[-83.9503,10.2001],[-83.9496,10.2001],[-83.9493,10.2001],[-83.9483,10.1997],[-83.9476,10.1993],[-83.9472,10.1992],[-83.9465,10.1991],[-83.946,10.1991],[-83.9453,10.1992],[-83.9449,10.1993],[-83.9444,10.1996],[-83.9439,10.1999],[-83.9433,10.2002],[-83.9429,10.2004],[-83.9427,10.2004],[-83.9421,10.2002],[-83.9419,10.1999],[-83.9414,10.1993],[-83.9407,10.1986],[-83.9401,10.1982],[-83.9393,10.198],[-83.9384,10.1983],[-83.9377,10.1985],[-83.9369,10.1988],[-83.9361,10.1989],[-83.935,10.1991],[-83.9345,10.1991],[-83.9339,10.1992],[-83.9328,10.1992],[-83.9318,10.1992],[-83.9309,10.1991],[-83.9308,10.1991],[-83.9303,10.1988],[-83.9298,10.1984],[-83.9294,10.1981],[-83.929,10.1979],[-83.9285,10.1977],[-83.928,10.1977],[-83.9276,10.1977],[-83.9273,10.1979],[-83.9268,10.1981],[-83.9264,10.198],[-83.9261,10.198],[-83.9255,10.1978],[-83.925,10.1977],[-83.9245,10.1978],[-83.9239,10.198],[-83.9235,10.1982],[-83.9231,10.1983],[-83.9226,10.1985],[-83.9222,10.1985],[-83.9217,10.1984],[-83.9213,10.1983],[-83.9203,10.1984],[-83.9196,10.1987],[-83.919,10.1993],[-83.9186,10.1996],[-83.918,10.1998],[-83.9173,10.2002],[-83.9168,10.2009],[-83.9164,10.2012],[-83.9157,10.2018],[-83.9152,10.202],[-83.9145,10.2023],[-83.9136,10.2028],[-83.9091,10.2049],[-83.9027,10.2107],[-83.8969,10.2188],[-83.8927,10.2219],[-83.8874,10.2291],[-83.8829,10.2323],[-83.8726,10.2433],[-83.8638,10.2479],[-83.8575,10.255],[-83.8552,10.2611],[-83.8553,10.2656],[-83.8519,10.2722],[-83.8525,10.2752],[-83.85,10.2821],[-83.8516,10.2861],[-83.8527,10.3014],[-83.8512,10.3076],[-83.8532,10.3103],[-83.8542,10.3182],[-83.8522,10.3207],[-83.8532,10.3264],[-83.8498,10.3305],[-83.8487,10.3375],[-83.8517,10.3487],[-83.8508,10.355],[-83.8549,10.359],[-83.8576,10.3673],[-83.8644,10.3745],[-83.8653,10.3797],[-83.8691,10.3808],[-83.8716,10.3879],[-83.8754,10.3904],[-83.8802,10.4006],[-83.8794,10.4087],[-83.8748,10.4188],[-83.874,10.429],[-83.8682,10.4342],[-83.8593,10.4388],[-83.8594,10.4446],[-83.8535,10.4471],[-83.8464,10.4448],[-83.8422,10.448],[-83.8393,10.4551],[-83.8329,10.4596],[-83.8309,10.4656],[-83.838,10.4721],[-83.8365,10.4787],[-83.831,10.4819],[-83.8304,10.4888],[-83.8281,10.4944],[-83.8322,10.4962],[-83.8308,10.5026],[-83.8392,10.5115],[-83.8376,10.5157],[-83.8384,10.527],[-83.8376,10.531],[-83.8404,10.5392],[-83.8454,10.54],[-83.8473,10.5511],[-83.845,10.5559],[-83.8457,10.5588],[-83.8426,10.5686],[-83.8437,10.5729],[-83.8394,10.5774],[-83.8367,10.584],[-83.8385,10.5879],[-83.8363,10.5903],[-83.8414,10.5951],[-83.842,10.6011],[-83.845,10.613],[-83.8406,10.6176],[-83.8401,10.6245],[-83.8424,10.6311],[-83.8388,10.6439],[-83.8305,10.6448],[-83.822,10.6484],[-83.8157,10.65],[-83.8117,10.6486],[-83.8095,10.6522],[-83.7945,10.655],[-83.7875,10.6577],[-83.7857,10.6652],[-83.7864,10.6712],[-83.7807,10.679],[-83.7798,10.6842],[-83.7743,10.6896],[-83.7709,10.6963],[-83.7651,10.6994],[-83.7586,10.6989],[-83.7561,10.6956],[-83.751,10.6961],[-83.7484,10.6938],[-83.7353,10.6924],[-83.7292,10.6943],[-83.7194,10.6918],[-83.7124,10.6928],[-83.7127,10.6961],[-83.7173,10.7041],[-83.7307,10.7133],[-83.7394,10.7211],[-83.741,10.7259],[-83.7396,10.7316],[-83.7349,10.7348],[-83.7326,10.7388],[-83.7348,10.7456],[-83.7414,10.7577],[-83.7481,10.766],[-83.7523,10.7691],[-83.7618,10.7722]]]},"properties":{"Canton":"SARAPIQUI","Provincia":"HEREDIA","Codigo":"410"}},
{"type":"Feature","geometry":{"type":"MultiPolygon","coordinates":[]},"properties":{"Canton":"LIBERIA","Provincia":"GUANACASTE","Codigo":"501"}},
{"type":"Feature","geometry":{"type":"MultiPolygon","coordinates":[]},"properties":{"Canton":"NICOYA","Provincia":"GUANACASTE","Codigo":"502"}},
{"type":"Feature","geometry":{"type":"MultiPolygon","coordinates":[]},"properties":{"Provincia":"GUANACASTE","Canton":"SANTA CRUZ","Codigo":"503"}},
{"type":"Feature","geometry":{"type":"Polygon","coordinates":[[[-85.0613,10.709],[-85.0666,10.7079],[-85.0724,10.7129],[-85.0868,10.7128],[-85.0963,10.7177],[-85.1013,10.7138],[-85.1095,10.7121],[-85.1238,10.7103],[-85.1244,10.7146],[-85.1294,10.719],[-85.1283,10.7256],[-85.1291,10.7322],[-85.1385,10.741],[-85.1393,10.7448],[-85.1446,10.7478],[-85.1554,10.7468],[-85.1696,10.7479],[-85.1818,10.7459],[-85.1891,10.7475],[-85.1981,10.7511],[-85.2028,10.7545],[-85.2159,10.7596],[-85.2245,10.7619],[-85.2347,10.7665],[-85.2433,10.7637],[-85.2481,10.7639],[-85.253,10.7589],[-85.2631,10.7541],[-85.269,10.7557],[-85.2709,10.752],[-85.2779,10.7511],[-85.2805,10.7576],[-85.2861,10.7625],[-85.2866,10.7673],[-85.2891,10.7688],[-85.2937,10.7759],[-85.2936,10.7757],[-85.2933,10.7754],[-85.2932,10.7751],[-85.293,10.775],[-85.2927,10.7745],[-85.2925,10.7739],[-85.2923,10.7735],[-85.2923,10.7728],[-85.2922,10.7719],[-85.2921,10.7713],[-85.2922,10.7708],[-85.2924,10.7704],[-85.2932,10.7695],[-85.2934,10.7689],[-85.2937,10.7684],[-85.294,10.768],[-85.2941,10.7676],[-85.2942,10.7669],[-85.2944,10.7659],[-85.2945,10.7653],[-85.2947,10.7647],[-85.2947,10.7643],[-85.2946,10.7638],[-85.2945,10.7635],[-85.2943,10.7632],[-85.2939,10.763],[-85.2933,10.7628],[-85.2929,10.7626],[-85.2924,10.7621],[-85.2921,10.7614],[-85.292,10.7609],[-85.2923,10.7602],[-85.2926,10.7598],[-85.2931,10.7592],[-85.2938,10.7588],[-85.2943,10.7584],[-85.2948,10.7578],[-85.2954,10.7574],[-85.296,10.7572],[-85.2966,10.7569],[-85.2971,10.7565],[-85.2975,10.7564],[-85.2982,10.7563],[-85.2985,10.7562],[-85.2989,10.7558],[-85.2994,10.7555],[-85.2998,10.7554],[-85.3004,10.7553],[-85.3008,10.7552],[-85.3011,10.7549],[-85.3016,10.7546],[-85.3021,10.7541],[-85.3025,10.7538],[-85.3028,10.7536],[-85.3033,10.7536],[-85.3041,10.7536],[-85.3047,10.7538],[-85.3054,10.7538],[-85.306,10.7536],[-85.3068,10.7534],[-85.3075,10.753],[-85.3082,10.7525],[-85.3085,10.7521],[-85.3086,10.7514],[-85.3089,10.7508],[-85.3092,10.7502],[-85.3095,10.7496],[-85.3098,10.7488],[-85.3099,10.7481],[-85.3097,10.7475],[-85.3097,10.7469],[-85.3098,10.7458],[-85.3098,10.745],[-85.3099,10.7445],[-85.3101,10.744],[-85.3102,10.7435],[-85.3102,10.7431],[-85.31,10.7427],[-85.31,10.7423],[-85.3101,10.742],[-85.3104,10.7417],[-85.3106,10.7413],[-85.3107,10.7406],[-85.311,10.7403],[-85.3112,10.7399],[-85.3113,10.7396],[-85.3113,10.7389],[-85.3112,10.7386],[-85.311,10.7381],[-85.3106,10.7375],[-85.3103,10.7371],[-85.31,10.7364],[-85.3099,10.736],[-85.3099,10.7354],[-85.3101,10.7346],[-85.3103,10.7342],[-85.3106,10.7342],[-85.3109,10.7344],[-85.3111,10.7345],[-85.3113,10.7343],[-85.3114,10.7338],[-85.3115,10.7336],[-85.3125,10.7326],[-85.3129,10.7323],[-85.3132,10.732],[-85.3133,10.7317],[-85.3133,10.7311],[-85.3133,10.7305],[-85.3132,10.7301],[-85.3131,10.7298],[-85.3133,10.7296],[-85.3137,10.7294],[-85.314,10.729],[-85.3141,10.7286],[-85.3142,10.7283],[-85.3145,10.7281],[-85.3148,10.728],[-85.3151,10.7277],[-85.3152,10.7272],[-85.3153,10.7268],[-85.3155,10.7266],[-85.3156,10.7264],[-85.3159,10.7261],[-85.3164,10.7256],[-85.3167,10.7253],[-85.3169,10.7247],[-85.3172,10.7243],[-85.3174,10.724],[-85.3177,10.724],[-85.3181,10.7239],[-85.3183,10.7236],[-85.3183,10.7232],[-85.3183,10.7225],[-85.3186,10.7222],[-85.3189,10.7218],[-85.319,10.7212],[-85.3192,10.7208],[-85.3195,10.7205],[-85.3197,10.7204],[-85.3203,10.7204],[-85.3207,10.7202],[-85.321,10.72],[-85.3212,10.7195],[-85.3213,10.7188],[-85.3214,10.7182],[-85.3218,10.7177],[-85.3222,10.7173],[-85.3231,10.7168],[-85.3234,10.7166],[-85.3235,10.7162],[-85.3236,10.7157],[-85.3239,10.7155],[-85.3242,10.7152],[-85.3248,10.7152],[-85.3251,10.715],[-85.3261,10.7146],[-85.3266,10.7141],[-85.327,10.7133],[-85.3272,10.7132],[-85.3278,10.7132],[-85.3284,10.7131],[-85.3288,10.7129],[-85.3293,10.7124],[-85.3298,10.7118],[-85.3302,10.7112],[-85.3306,10.7107],[-85.3309,10.7105],[-85.3312,10.7103],[-85.3318,10.7101],[-85.3321,10.7101],[-85.3324,10.7097],[-85.3323,10.7092],[-85.3324,10.7086],[-85.3325,10.7081],[-85.333,10.7077],[-85.3333,10.7074],[-85.3334,10.707],[-85.3333,10.7066],[-85.3332,10.7061],[-85.3332,10.7055],[-85.3334,10.705],[-85.334,10.7047],[-85.3341,10.7041],[-85.3338,10.7035],[-85.3335,10.7034],[-85.333,10.7032],[-85.3329,10.703],[-85.3327,10.7027],[-85.3326,10.7022],[-85.3327,10.7014],[-85.3326,10.7008],[-85.3329,10.7003],[-85.3333,10.6997],[-85.3338,10.6994],[-85.3339,10.6992],[-85.334,10.6989],[-85.3339,10.6986],[-85.3338,10.6984],[-85.3339,10.6982],[-85.3343,10.6979],[-85.3345,10.6977],[-85.3351,10.6977],[-85.3355,10.6976],[-85.3358,10.6975],[-85.3361,10.6972],[-85.3365,10.6967],[-85.3371,10.6962],[-85.3375,10.6959],[-85.338,10.6958],[-85.3382,10.6956],[-85.3387,10.6952],[-85.3391,10.6948],[-85.3398,10.6943],[-85.3402,10.6943],[-85.3404,10.6942],[-85.3406,10.6939],[-85.341,10.6934],[-85.3414,10.6932],[-85.3417,10.6929],[-85.3417,10.6925],[-85.3415,10.692],[-85.3412,10.6916],[-85.3414,10.6912],[-85.3416,10.691],[-85.342,10.6909],[-85.3425,10.6909],[-85.3429,10.6907],[-85.3431,10.6903],[-85.3434,10.6898],[-85.3437,10.6894],[-85.344,10.6893],[-85.3443,10.6892],[-85.3446,10.6891],[-85.3446,10.6888],[-85.3446,10.6884],[-85.3443,10.688],[-85.3442,10.6874],[-85.3443,10.6866],[-85.3444,10.6857],[-85.3445,10.6854],[-85.3448,10.6849],[-85.3453,10.6844],[-85.3456,10.6841],[-85.346,10.6836],[-85.3463,10.683],[-85.3466,10.682],[-85.3466,10.6813],[-85.3467,10.6808],[-85.3468,10.6802],[-85.3471,10.6799],[-85.3472,10.6798],[-85.3476,10.6797],[-85.3477,10.6796],[-85.3478,10.6794],[-85.3477,10.6791],[-85.3476,10.679],[-85.3476,10.6787],[-85.3479,10.6783],[-85.3482,10.6777],[-85.3484,10.6768],[-85.3485,10.6761],[-85.3488,10.6755],[-85.3491,10.6752],[-85.3494,10.6746],[-85.3497,10.6743],[-85.3501,10.6738],[-85.3507,10.6733],[-85.3509,10.6727],[-85.3509,10.6721],[-85.3509,10.6716],[-85.3506,10.6709],[-85.3504,10.67],[-85.3504,10.6695],[-85.3504,10.6688],[-85.3504,10.6678],[-85.3503,10.6672],[-85.3498,10.6668],[-85.3492,10.6662],[-85.349,10.6659],[-85.349,10.6652],[-85.349,10.6647],[-85.349,10.6641],[-85.3489,10.6634],[-85.3489,10.6627],[-85.3487,10.6622],[-85.3486,10.6616],[-85.3485,10.6612],[-85.3482,10.6607],[-85.3478,10.6604],[-85.3472,10.6601],[-85.3468,10.6597],[-85.3465,10.659],[-85.3461,10.6585],[-85.3461,10.6582],[-85.3459,10.6576],[-85.3456,10.6571],[-85.3449,10.6551],[-85.3447,10.6541],[-85.3446,10.6533],[-85.3446,10.6522],[-85.3446,10.6515],[-85.3445,10.651],[-85.3441,10.6505],[-85.3437,10.65],[-85.3435,10.6494],[-85.3436,10.6489],[-85.344,10.6484],[-85.3444,10.6479],[-85.3447,10.6476],[-85.3446,10.6472],[-85.3439,10.6471],[-85.3433,10.6469],[-85.3433,10.6465],[-85.3434,10.646],[-85.3438,10.6422],[-85.3437,10.6407],[-85.3434,10.6403],[-85.3423,10.6393],[-85.3424,10.6385],[-85.3427,10.6374],[-85.3445,10.6346],[-85.3449,10.6331],[-85.3449,10.6317],[-85.3452,10.6315],[-85.3462,10.6313],[-85.3477,10.6298],[-85.3472,10.6275],[-85.3473,10.627],[-85.3476,10.6264],[-85.348,10.6257],[-85.3482,10.6253],[-85.3481,10.6247],[-85.3469,10.6241],[-85.3484,10.6208],[-85.3497,10.6193],[-85.3509,10.6165],[-85.3512,10.6156],[-85.352,10.6139],[-85.3524,10.6133],[-85.3563,10.6104],[-85.357,10.6098],[-85.3575,10.6091],[-85.3584,10.6078],[-85.3587,10.6071],[-85.3589,10.6067],[-85.3606,10.6071],[-85.3612,10.6071],[-85.3617,10.607],[-85.3621,10.6071],[-85.3625,10.6071],[-85.3628,10.607],[-85.363,10.6062],[-85.3634,10.6055],[-85.3637,10.6047],[-85.3645,10.6029],[-85.3648,10.602],[-85.3668,10.5985],[-85.367,10.5984],[-85.3676,10.5987],[-85.3681,10.5987],[-85.369,10.5982],[-85.3696,10.5978],[-85.3708,10.5971],[-85.3714,10.5967],[-85.3718,10.5961],[-85.372,10.5952],[-85.3732,10.5952],[-85.3735,10.5949],[-85.374,10.5945],[-85.3748,10.5934],[-85.3752,10.5929],[-85.3769,10.5922],[-85.3777,10.5918],[-85.378,10.5915],[-85.3784,10.5912],[-85.3788,10.5909],[-85.3791,10.5907],[-85.3797,10.5903],[-85.3798,10.5894],[-85.3797,10.5885],[-85.3802,10.5876],[-85.3808,10.5867],[-85.3791,10.585],[-85.379,10.5846],[-85.379,10.584],[-85.3795,10.5824],[-85.3796,10.5818],[-85.3805,10.5815],[-85.3809,10.5795],[-85.3811,10.579],[-85.3812,10.578],[-85.3813,10.5775],[-85.3846,10.5744],[-85.3887,10.568],[-85.3878,10.5672],[-85.3903,10.5637],[-85.3932,10.5627],[-85.3946,10.5615],[-85.396,10.5589],[-85.3956,10.5584],[-85.3952,10.5578],[-85.3952,10.5562],[-85.3946,10.5557],[-85.3943,10.5552],[-85.3944,10.5548],[-85.3946,10.5545],[-85.3951,10.554],[-85.3956,10.5534],[-85.3958,10.5526],[-85.3969,10.5508],[-85.3971,10.5502],[-85.3971,10.5494],[-85.3973,10.549],[-85.3976,10.5486],[-85.3982,10.548],[-85.3986,10.546],[-85.3989,10.5455],[-85.3992,10.5451],[-85.3995,10.5445],[-85.3997,10.544],[-85.4001,10.5437],[-85.4003,10.5429],[-85.3994,10.5424],[-85.3986,10.5398],[-85.3988,10.5392],[-85.3994,10.5385],[-85.3997,10.538],[-85.3999,10.5374],[-85.3988,10.5352],[-85.3985,10.5347],[-85.3984,10.5343],[-85.3984,10.5337],[-85.4001,10.5302],[-85.4017,10.527],[-85.4024,10.527],[-85.4032,10.5252],[-85.4033,10.5247],[-85.4035,10.5243],[-85.4038,10.524],[-85.4043,10.5239],[-85.4047,10.5239],[-85.405,10.5241],[-85.4054,10.5251],[-85.4055,10.5253],[-85.4057,10.5254],[-85.4058,10.5253],[-85.406,10.5251],[-85.4064,10.5245],[-85.4073,10.5211],[-85.4076,10.5203],[-85.4079,10.5199],[-85.4085,10.5197],[-85.4094,10.5184],[-85.4096,10.5178],[-85.4099,10.5166],[-85.4101,10.5157],[-85.4088,10.5139],[-85.408,10.5137],[-85.407,10.5112],[-85.4067,10.5104],[-85.4063,10.51],[-85.4042,10.5064],[-85.406,10.5039],[-85.408,10.5011],[-85.4079,10.5006],[-85.4086,10.4953],[-85.4084,10.4948],[-85.408,10.4939],[-85.4078,10.4929],[-85.4079,10.4915],[-85.4085,10.4912],[-85.4093,10.4907],[-85.4096,10.4902],[-85.4109,10.4836],[-85.4123,10.4822],[-85.4131,10.4811],[-85.4142,10.4798],[-85.4157,10.4783],[-85.417,10.477],[-85.4176,10.4765],[-85.4191,10.4762],[-85.4199,10.4764],[-85.4233,10.4757],[-85.4208,10.4703],[-85.4194,10.4654],[-85.4197,10.4639],[-85.4195,10.4636],[-85.419,10.4625],[-85.4183,10.461],[-85.4182,10.4602],[-85.4184,10.4597],[-85.4203,10.4589],[-85.4242,10.4548],[-85.4245,10.4545],[-85.4254,10.4545],[-85.4256,10.4544],[-85.4261,10.4541],[-85.4278,10.4524],[-85.4284,10.452],[-85.4292,10.4516],[-85.4299,10.4514],[-85.4308,10.4496],[-85.4312,10.4493],[-85.432,10.4492],[-85.4324,10.4489],[-85.4331,10.4464],[-85.4336,10.4452],[-85.4336,10.4449],[-85.4334,10.4446],[-85.4323,10.4446],[-85.4322,10.4445],[-85.4323,10.4442],[-85.4319,10.4428],[-85.4331,10.44],[-85.4321,10.4394],[-85.4313,10.4386],[-85.4304,10.4361],[-85.4289,10.4344],[-85.4208,10.432],[-85.4197,10.4321],[-85.4166,10.4315],[-85.4118,10.4291],[-85.4096,10.43],[-85.4081,10.4299],[-85.4068,10.4298],[-85.4065,10.4298],[-85.4058,10.4294],[-85.4047,10.4284],[-85.4036,10.4273],[-85.4032,10.4264],[-85.4025,10.4252],[-85.4022,10.4247],[-85.4013,10.4217],[-85.401,10.4214],[-85.4003,10.4217],[-85.3998,10.422],[-85.3982,10.4217],[-85.397,10.4214],[-85.3964,10.4215],[-85.3958,10.4217],[-85.3945,10.4216],[-85.3913,10.4227],[-85.391,10.4229],[-85.3906,10.4229],[-85.3904,10.4231],[-85.39,10.4233],[-85.3896,10.4237],[-85.3891,10.4245],[-85.3888,10.4246],[-85.3884,10.4246],[-85.386,10.4221],[-85.3819,10.424],[-85.3813,10.424],[-85.3788,10.4233],[-85.3783,10.423],[-85.3781,10.4228],[-85.3782,10.4215],[-85.378,10.4195],[-85.3759,10.4174],[-85.3749,10.4175],[-85.3735,10.4178],[-85.3733,10.4175],[-85.3751,10.4152],[-85.3755,10.4149],[-85.3774,10.4135],[-85.3751,10.4098],[-85.3739,10.4101],[-85.3733,10.4103],[-85.3729,10.4103],[-85.3721,10.41],[-85.3716,10.4098],[-85.3709,10.4098],[-85.3706,10.41],[-85.3705,10.4103],[-85.3705,10.4105],[-85.371,10.4112],[-85.371,10.4115],[-85.3708,10.4119],[-85.3706,10.4119],[-85.3703,10.412],[-85.37,10.4118],[-85.3695,10.4084],[-85.37,10.4078],[-85.3704,10.4075],[-85.3709,10.4073],[-85.3724,10.4072],[-85.3735,10.4057],[-85.3734,10.405],[-85.3729,10.404],[-85.3738,10.4028],[-85.3758,10.4045],[-85.3766,10.4035],[-85.3754,10.4018],[-85.3751,10.4007],[-85.3751,10.3996],[-85.3753,10.3994],[-85.3757,10.3992],[-85.3765,10.3982],[-85.377,10.3978],[-85.3774,10.3968],[-85.3779,10.3966],[-85.3793,10.3973],[-85.3794,10.3963],[-85.3787,10.3958],[-85.3786,10.3955],[-85.379,10.3952],[-85.3799,10.3945],[-85.3806,10.3938],[-85.3814,10.3932],[-85.3819,10.393],[-85.3824,10.3931],[-85.3832,10.3933],[-85.3835,10.3933],[-85.384,10.3931],[-85.3843,10.3927],[-85.3843,10.3925],[-85.384,10.3921],[-85.3827,10.392],[-85.3824,10.3919],[-85.3822,10.3918],[-85.3821,10.3915],[-85.3822,10.3913],[-85.3847,10.3913],[-85.3861,10.3932],[-85.388,10.3933],[-85.3917,10.394],[-85.392,10.3965],[-85.3919,10.3924],[-85.3917,10.3914],[-85.3941,10.3923],[-85.3943,10.3943],[-85.3946,10.3946],[-85.395,10.3943],[-85.396,10.3925],[-85.3946,10.391],[-85.3939,10.3895],[-85.3933,10.3887],[-85.3932,10.3883],[-85.3932,10.388],[-85.3946,10.3872],[-85.3958,10.3871],[-85.3974,10.3875],[-85.3999,10.389],[-85.4002,10.3884],[-85.3993,10.3871],[-85.3981,10.3866],[-85.3997,10.3832],[-85.4025,10.3813],[-85.3987,10.3809],[-85.398,10.3791],[-85.3993,10.3784],[-85.4019,10.3784],[-85.4034,10.3781],[-85.4041,10.3764],[-85.4059,10.3733],[-85.406,10.3731],[-85.4061,10.3728],[-85.406,10.3725],[-85.4051,10.3716],[-85.4048,10.3712],[-85.4049,10.3708],[-85.4059,10.3704],[-85.4096,10.3686],[-85.4098,10.3662],[-85.4108,10.3623],[-85.4077,10.3606],[-85.4066,10.3596],[-85.4062,10.3587],[-85.406,10.3573],[-85.4065,10.3551],[-85.4067,10.3535],[-85.4069,10.3486],[-85.4079,10.3465],[-85.4021,10.3392],[-85.3982,10.3376],[-85.3935,10.3384],[-85.3866,10.3374],[-85.3758,10.3438],[-85.3711,10.3445],[-85.3676,10.3432],[-85.3667,10.3405],[-85.3711,10.3372],[-85.3687,10.3276],[-85.372,10.3265],[-85.3763,10.3316],[-85.3781,10.3291],[-85.3695,10.3251],[-85.3593,10.3254],[-85.3568,10.3224],[-85.3557,10.3165],[-85.3478,10.3228],[-85.3399,10.3254],[-85.3156,10.3245],[-85.3078,10.3206],[-85.3059,10.3174],[-85.304,10.3075],[-85.2925,10.3029],[-85.2845,10.2978],[-85.2803,10.2931],[-85.2785,10.2846],[-85.2798,10.2795],[-85.285,10.2723],[-85.2825,10.2685],[-85.269,10.2657],[-85.2608,10.2601],[-85.2507,10.2549],[-85.2475,10.2519],[-85.2383,10.2545],[-85.232,10.2636],[-85.219,10.2721],[-85.217,10.2771],[-85.2168,10.2829],[-85.2139,10.2845],[-85.2049,10.2825],[-85.204,10.2857],[-85.2084,10.2876],[-85.2123,10.2946],[-85.2145,10.3059],[-85.214,10.3117],[-85.2065,10.3199],[-85.2046,10.3257],[-85.2079,10.3344],[-85.2032,10.3351],[-85.2034,10.341],[-85.1987,10.345],[-85.1988,10.3461],[-85.1998,10.3505],[-85.2038,10.3541],[-85.2017,10.357],[-85.1989,10.3583],[-85.195,10.3626],[-85.1974,10.3682],[-85.1974,10.3701],[-85.1972,10.3703],[-85.1932,10.371],[-85.1927,10.3709],[-85.1924,10.3703],[-85.1919,10.3688],[-85.1911,10.3685],[-85.1896,10.3699],[-85.1861,10.3767],[-85.1852,10.377],[-85.1837,10.3775],[-85.1806,10.38],[-85.1805,10.3809],[-85.1831,10.3816],[-85.1829,10.384],[-85.1823,10.3844],[-85.1784,10.3845],[-85.1786,10.3861],[-85.1795,10.3884],[-85.18,10.3886],[-85.1855,10.3888],[-85.1859,10.3904],[-85.1845,10.3944],[-85.1847,10.3926],[-85.1807,10.393],[-85.181,10.3963],[-85.1841,10.3971],[-85.1812,10.3993],[-85.1774,10.3981],[-85.1755,10.3998],[-85.1745,10.4],[-85.1734,10.4009],[-85.1765,10.4049],[-85.1749,10.4073],[-85.1739,10.4079],[-85.1728,10.407],[-85.1723,10.4063],[-85.1711,10.4067],[-85.17,10.4089],[-85.1688,10.4109],[-85.1682,10.4109],[-85.1642,10.4116],[-85.1634,10.4124],[-85.1633,10.4142],[-85.1609,10.4167],[-85.1603,10.4177],[-85.1596,10.4227],[-85.1589,10.4234],[-85.1591,10.4273],[-85.1588,10.4294],[-85.157,10.4329],[-85.1583,10.4362],[-85.1572,10.443],[-85.1594,10.4469],[-85.1597,10.4474],[-85.1614,10.4508],[-85.1617,10.4519],[-85.1633,10.4543],[-85.163,10.4563],[-85.1628,10.4595],[-85.163,10.4617],[-85.1636,10.4647],[-85.1625,10.4659],[-85.1622,10.4667],[-85.1623,10.4677],[-85.1625,10.4686],[-85.1636,10.4719],[-85.1633,10.4727],[-85.1631,10.4731],[-85.1633,10.474],[-85.1639,10.475],[-85.1641,10.4754],[-85.1638,10.4775],[-85.1641,10.4782],[-85.1658,10.4785],[-85.1662,10.4789],[-85.166,10.4826],[-85.1656,10.4833],[-85.1654,10.4903],[-85.165,10.4919],[-85.1639,10.493],[-85.1641,10.4942],[-85.1636,10.4989],[-85.1626,10.4995],[-85.1623,10.4997],[-85.1607,10.5015],[-85.1619,10.5064],[-85.1621,10.5071],[-85.1617,10.5094],[-85.1612,10.5135],[-85.1604,10.5151],[-85.1603,10.5157],[-85.1608,10.5184],[-85.1614,10.5196],[-85.1625,10.52],[-85.1624,10.521],[-85.1609,10.5252],[-85.1607,10.5258],[-85.1601,10.5265],[-85.1591,10.5271],[-85.1561,10.5291],[-85.1534,10.5325],[-85.1458,10.5409],[-85.1412,10.5426],[-85.1364,10.5539],[-85.1362,10.5617],[-85.1347,10.5698],[-85.1326,10.572],[-85.1349,10.577],[-85.1332,10.5899],[-85.1317,10.5949],[-85.1336,10.6002],[-85.1316,10.6047],[-85.1329,10.6095],[-85.1287,10.6182],[-85.1287,10.6205],[-85.1213,10.6246],[-85.1126,10.6383],[-85.1065,10.6424],[-85.0986,10.6532],[-85.0944,10.6553],[-85.0877,10.6626],[-85.0845,10.6718],[-85.0726,10.6955],[-85.0613,10.709]]]},"properties":{"Codigo":"504","Canton":"BAGACES","Provincia":"GUANACASTE"}},
{"type":"Feature","geometry":{"type":"MultiPolygon","coordinates":[]},"properties":{"Codigo":"505","Provincia":"GUANACASTE","Canton":"CARRILLO"}},
{"type":"Feature","geometry":{"type":"Polygon","coordinates":[[[-85.0126,10.6712],[-85.0196,10.674],[-85.0199,10.6806],[-85.0267,10.6934],[-85.0345,10.6947],[-85.0438,10.6975],[-85.0503,10.6967],[-85.0576,10.6992],[-85.0613,10.709],[-85.0726,10.6955],[-85.0845,10.6718],[-85.0877,10.6626],[-85.0944,10.6553],[-85.0986,10.6532],[-85.1065,10.6424],[-85.1126,10.6383],[-85.1213,10.6246],[-85.1287,10.6205],[-85.1287,10.6182],[-85.1329,10.6095],[-85.1316,10.6047],[-85.1336,10.6002],[-85.1317,10.5949],[-85.1332,10.5899],[-85.1349,10.577],[-85.1326,10.572],[-85.1347,10.5698],[-85.1362,10.5617],[-85.1364,10.5539],[-85.1412,10.5426],[-85.1458,10.5409],[-85.1534,10.5325],[-85.1561,10.5291],[-85.1591,10.5271],[-85.1601,10.5265],[-85.1607,10.5258],[-85.1609,10.5252],[-85.1624,10.521],[-85.1625,10.52],[-85.1614,10.5196],[-85.1608,10.5184],[-85.1603,10.5157],[-85.1604,10.5151],[-85.1612,10.5135],[-85.1617,10.5094],[-85.1621,10.5071],[-85.1619,10.5064],[-85.1607,10.5015],[-85.1623,10.4997],[-85.1626,10.4995],[-85.1636,10.4989],[-85.1641,10.4942],[-85.1639,10.493],[-85.165,10.4919],[-85.1654,10.4903],[-85.1656,10.4833],[-85.166,10.4826],[-85.1662,10.4789],[-85.1658,10.4785],[-85.1641,10.4782],[-85.1638,10.4775],[-85.1641,10.4754],[-85.1639,10.475],[-85.1633,10.474],[-85.1631,10.4731],[-85.1633,10.4727],[-85.1636,10.4719],[-85.1625,10.4686],[-85.1623,10.4677],[-85.1622,10.4667],[-85.163,10.4617],[-85.1628,10.4595],[-85.163,10.4563],[-85.1635,10.4554],[-85.1633,10.4543],[-85.1614,10.4508],[-85.1597,10.4474],[-85.1594,10.4469],[-85.1572,10.443],[-85.1583,10.4362],[-85.157,10.4329],[-85.1588,10.4294],[-85.1591,10.4273],[-85.1589,10.4234],[-85.1596,10.4227],[-85.1603,10.4177],[-85.1609,10.4167],[-85.1633,10.4142],[-85.1634,10.4124],[-85.1642,10.4116],[-85.1682,10.4109],[-85.1688,10.4109],[-85.17,10.4089],[-85.1711,10.4067],[-85.1723,10.4063],[-85.1728,10.407],[-85.1739,10.4079],[-85.1749,10.4073],[-85.1765,10.4049],[-85.1734,10.4009],[-85.1745,10.4],[-85.1755,10.3998],[-85.1774,10.3981],[-85.1812,10.3993],[-85.1841,10.3971],[-85.181,10.3963],[-85.1807,10.393],[-85.1847,10.3926],[-85.1845,10.3944],[-85.1859,10.3904],[-85.1855,10.3888],[-85.18,10.3886],[-85.1795,10.3884],[-85.1786,10.3861],[-85.1784,10.3845],[-85.1823,10.3844],[-85.1829,10.384],[-85.1831,10.3816],[-85.1805,10.3809],[-85.1806,10.38],[-85.1837,10.3775],[-85.1852,10.377],[-85.1861,10.3767],[-85.1896,10.3699],[-85.1911,10.3685],[-85.1919,10.3688],[-85.1924,10.3703],[-85.1927,10.3709],[-85.1932,10.371],[-85.1972,10.3703],[-85.195,10.3626],[-85.1989,10.3583],[-85.2017,10.357],[-85.2038,10.3541],[-85.1998,10.3505],[-85.1988,10.3461],[-85.1987,10.345],[-85.2034,10.341],[-85.2032,10.3351],[-85.2079,10.3344],[-85.2046,10.3257],[-85.2065,10.3199],[-85.214,10.3117],[-85.2145,10.3059],[-85.2123,10.2946],[-85.2084,10.2876],[-85.204,10.2857],[-85.2049,10.2825],[-85.2139,10.2845],[-85.2168,10.2829],[-85.217,10.2771],[-85.219,10.2721],[-85.232,10.2636],[-85.2383,10.2545],[-85.2475,10.2519],[-85.2388,10.2449],[-85.2351,10.2394],[-85.2313,10.2368],[-85.2282,10.2301],[-85.2304,10.2161],[-85.2345,10.2142],[-85.2274,10.2037],[-85.2257,10.1931],[-85.1452,10.2789],[-85.1444,10.2795],[-85.1383,10.2819],[-85.1358,10.2825],[-85.1329,10.2831],[-85.1308,10.2832],[-85.1265,10.2839],[-85.1254,10.2844],[-85.1254,10.2849],[-85.1249,10.2853],[-85.1243,10.2857],[-85.124,10.2858],[-85.1239,10.2857],[-85.1233,10.2848],[-85.1223,10.2853],[-85.1214,10.2854],[-85.1211,10.2857],[-85.1209,10.2868],[-85.1207,10.2874],[-85.12,10.2881],[-85.1201,10.2888],[-85.1166,10.2904],[-85.1139,10.29],[-85.1131,10.2901],[-85.1127,10.2901],[-85.1121,10.29],[-85.1118,10.2902],[-85.1115,10.2909],[-85.1112,10.2913],[-85.1104,10.2914],[-85.1094,10.2908],[-85.1089,10.2899],[-85.1078,10.2905],[-85.107,10.2909],[-85.1066,10.2907],[-85.1056,10.2899],[-85.105,10.2899],[-85.1044,10.2897],[-85.104,10.2897],[-85.1035,10.2894],[-85.1035,10.2884],[-85.1034,10.288],[-85.1031,10.2878],[-85.1023,10.2881],[-85.1014,10.2887],[-85.1009,10.2889],[-85.1008,10.2892],[-85.1006,10.2903],[-85.1004,10.2906],[-85.0999,10.2907],[-85.0996,10.2907],[-85.099,10.2904],[-85.0978,10.2903],[-85.0973,10.2901],[-85.0967,10.2898],[-85.096,10.2895],[-85.0953,10.2895],[-85.0947,10.2898],[-85.0943,10.2901],[-85.0934,10.2903],[-85.0933,10.2908],[-85.0932,10.2912],[-85.0929,10.2915],[-85.0924,10.2914],[-85.0919,10.2914],[-85.0919,10.2915],[-85.0918,10.292],[-85.0915,10.2924],[-85.0915,10.2926],[-85.0922,10.2926],[-85.0925,10.2928],[-85.0925,10.293],[-85.0925,10.2931],[-85.0918,10.2934],[-85.0906,10.2938],[-85.0896,10.2939],[-85.0889,10.2941],[-85.0885,10.2941],[-85.088,10.2938],[-85.0875,10.2936],[-85.0868,10.2936],[-85.0864,10.2934],[-85.086,10.2931],[-85.0854,10.2931],[-85.0846,10.2932],[-85.0844,10.2932],[-85.0841,10.2931],[-85.0836,10.2927],[-85.0832,10.2926],[-85.0829,10.2924],[-85.0825,10.2922],[-85.0822,10.2922],[-85.0816,10.292],[-85.0806,10.2909],[-85.0797,10.29],[-85.079,10.2895],[-85.0786,10.2895],[-85.078,10.2896],[-85.0775,10.2897],[-85.0771,10.2897],[-85.0768,10.2896],[-85.0767,10.2893],[-85.0766,10.2886],[-85.0764,10.2881],[-85.076,10.2879],[-85.0752,10.2879],[-85.0746,10.288],[-85.0735,10.2878],[-85.0724,10.2876],[-85.0715,10.2875],[-85.0708,10.2877],[-85.0706,10.2877],[-85.0703,10.2876],[-85.0699,10.2873],[-85.0693,10.2873],[-85.069,10.2872],[-85.0688,10.287],[-85.0685,10.2864],[-85.0681,10.2863],[-85.0677,10.2863],[-85.0673,10.286],[-85.0668,10.2857],[-85.0662,10.2855],[-85.0655,10.2856],[-85.065,10.2858],[-85.0647,10.2861],[-85.0645,10.2869],[-85.0644,10.2874],[-85.064,10.2877],[-85.0637,10.288],[-85.0639,10.2887],[-85.0644,10.2891],[-85.0647,10.2894],[-85.0648,10.2896],[-85.0647,10.2897],[-85.0642,10.2902],[-85.064,10.291],[-85.0638,10.2911],[-85.0632,10.2912],[-85.0628,10.2914],[-85.0624,10.292],[-85.0622,10.2926],[-85.0622,10.2934],[-85.0621,10.294],[-85.062,10.2943],[-85.0612,10.2949],[-85.0604,10.2953],[-85.0597,10.2954],[-85.0594,10.2955],[-85.059,10.2955],[-85.0588,10.2954],[-85.0588,10.2952],[-85.0591,10.2947],[-85.0592,10.2944],[-85.059,10.2941],[-85.0586,10.294],[-85.0578,10.294],[-85.057,10.2941],[-85.0566,10.2942],[-85.0559,10.2947],[-85.0558,10.2951],[-85.0562,10.2959],[-85.0567,10.297],[-85.057,10.2977],[-85.057,10.2981],[-85.0569,10.2986],[-85.0566,10.2989],[-85.0562,10.2991],[-85.0554,10.2993],[-85.055,10.2996],[-85.0549,10.2999],[-85.0549,10.3002],[-85.0551,10.3003],[-85.0558,10.3003],[-85.0563,10.3004],[-85.0569,10.3006],[-85.0574,10.301],[-85.058,10.3018],[-85.0583,10.3022],[-85.0583,10.3026],[-85.0578,10.3032],[-85.0571,10.3042],[-85.0569,10.3046],[-85.0569,10.305],[-85.0578,10.3058],[-85.0581,10.3062],[-85.0583,10.307],[-85.0587,10.3075],[-85.0589,10.3077],[-85.0589,10.3079],[-85.0587,10.3082],[-85.0582,10.3087],[-85.0581,10.3092],[-85.0584,10.3096],[-85.0588,10.3101],[-85.0589,10.3106],[-85.0587,10.3111],[-85.0584,10.3114],[-85.0579,10.3117],[-85.0578,10.312],[-85.0578,10.3127],[-85.0577,10.3131],[-85.0575,10.3134],[-85.0574,10.3134],[-85.057,10.3135],[-85.0565,10.3135],[-85.056,10.3136],[-85.0554,10.314],[-85.0545,10.3143],[-85.0543,10.3146],[-85.0541,10.3153],[-85.0538,10.3157],[-85.0533,10.3162],[-85.0528,10.3165],[-85.0521,10.3169],[-85.0515,10.3177],[-85.0515,10.3181],[-85.0516,10.3184],[-85.0516,10.3188],[-85.0514,10.319],[-85.0511,10.319],[-85.0508,10.3188],[-85.0503,10.3187],[-85.05,10.3187],[-85.0496,10.3186],[-85.0491,10.3185],[-85.0488,10.3187],[-85.0481,10.32],[-85.0476,10.3206],[-85.046,10.3215],[-85.0453,10.3217],[-85.0449,10.3221],[-85.0446,10.3222],[-85.0444,10.3221],[-85.0442,10.3216],[-85.044,10.3214],[-85.0439,10.3212],[-85.0436,10.3212],[-85.0434,10.3215],[-85.0434,10.3227],[-85.0431,10.3234],[-85.0427,10.3239],[-85.0422,10.3243],[-85.0415,10.3246],[-85.0408,10.3247],[-85.0402,10.325],[-85.0401,10.3254],[-85.0399,10.326],[-85.0396,10.3264],[-85.0392,10.3268],[-85.0387,10.3275],[-85.0387,10.3284],[-85.0386,10.3293],[-85.0383,10.3296],[-85.0376,10.33],[-85.0372,10.33],[-85.0363,10.3301],[-85.0358,10.3302],[-85.0344,10.3305],[-85.0338,10.331],[-85.0334,10.331],[-85.0328,10.3309],[-85.0324,10.3307],[-85.032,10.3302],[-85.0314,10.3291],[-85.0307,10.3286],[-85.0304,10.3285],[-85.0299,10.3286],[-85.0296,10.3286],[-85.029,10.3282],[-85.0279,10.328],[-85.0273,10.3281],[-85.0263,10.3284],[-85.0252,10.3291],[-85.0247,10.3297],[-85.0247,10.3301],[-85.0251,10.3307],[-85.0252,10.3311],[-85.0251,10.3315],[-85.0248,10.3319],[-85.0244,10.3321],[-85.0239,10.3321],[-85.0234,10.3321],[-85.023,10.3323],[-85.0222,10.3327],[-85.0215,10.3329],[-85.0211,10.333],[-85.0209,10.3332],[-85.0209,10.3334],[-85.0206,10.3335],[-85.0203,10.3335],[-85.02,10.3334],[-85.0198,10.333],[-85.0195,10.3325],[-85.0194,10.332],[-85.0193,10.3319],[-85.0193,10.3315],[-85.0193,10.331],[-85.0191,10.3306],[-85.0187,10.3301],[-85.0185,10.3299],[-85.0182,10.3298],[-85.018,10.3298],[-85.0175,10.3302],[-85.0172,10.3304],[-85.0169,10.3305],[-85.0166,10.3305],[-85.0163,10.3303],[-85.0156,10.3299],[-85.0153,10.3299],[-85.015,10.3299],[-85.0147,10.3301],[-85.0145,10.3304],[-85.0144,10.3308],[-85.0145,10.3313],[-85.0145,10.3319],[-85.0144,10.3323],[-85.0137,10.3327],[-85.0129,10.333],[-85.0125,10.3332],[-85.0118,10.3336],[-85.0113,10.3336],[-85.0107,10.3335],[-85.01,10.3336],[-85.0096,10.3338],[-85.0091,10.3338],[-85.0087,10.3337],[-85.0081,10.3338],[-85.0078,10.3338],[-85.0075,10.3339],[-85.0071,10.3342],[-85.0069,10.3346],[-85.0068,10.3351],[-85.0068,10.3356],[-85.0066,10.3361],[-85.0064,10.3368],[-85.0059,10.3375],[-85.0054,10.338],[-85.0049,10.3384],[-85.0043,10.3387],[-85.0037,10.339],[-85.0033,10.3392],[-85.0025,10.3396],[-85.002,10.3399],[-85.0012,10.3403],[-85.0005,10.3405],[-85.0001,10.3405],[-84.9996,10.3405],[-84.9991,10.3405],[-84.9987,10.3407],[-84.9985,10.3411],[-84.9983,10.3414],[-84.9984,10.3419],[-84.9983,10.3425],[-84.9982,10.3428],[-84.9981,10.343],[-84.9978,10.343],[-84.9976,10.3428],[-84.9975,10.3423],[-84.9973,10.342],[-84.9971,10.3419],[-84.9966,10.3418],[-84.9962,10.3419],[-84.996,10.342],[-84.9957,10.3422],[-84.9956,10.3425],[-84.9957,10.343],[-84.9958,10.3435],[-84.9957,10.3438],[-84.9956,10.344],[-84.9954,10.3443],[-84.9952,10.3446],[-84.9952,10.3448],[-84.9949,10.3451],[-84.9945,10.3452],[-84.9939,10.3452],[-84.9932,10.3452],[-84.9928,10.3452],[-84.9922,10.3451],[-84.9917,10.3451],[-84.9913,10.3451],[-84.9907,10.3454],[-84.9902,10.3458],[-84.9895,10.3463],[-84.9892,10.3465],[-84.9891,10.3469],[-84.989,10.3472],[-84.989,10.3477],[-84.9891,10.3483],[-84.9889,10.3487],[-84.9885,10.3489],[-84.988,10.3493],[-84.9876,10.3496],[-84.9874,10.35],[-84.987,10.3502],[-84.9868,10.3506],[-84.9868,10.3509],[-84.9872,10.3513],[-84.9875,10.3518],[-84.9877,10.3523],[-84.9876,10.3526],[-84.9873,10.3531],[-84.9871,10.3535],[-84.987,10.354],[-84.9869,10.3544],[-84.9864,10.355],[-84.986,10.3554],[-84.9858,10.3556],[-84.9853,10.3559],[-84.9849,10.356],[-84.9847,10.3564],[-84.9844,10.3566],[-84.984,10.3569],[-84.9836,10.3568],[-84.9831,10.3564],[-84.9827,10.3561],[-84.9824,10.3557],[-84.9821,10.3554],[-84.9818,10.3553],[-84.9813,10.3553],[-84.9807,10.3554],[-84.9799,10.3555],[-84.9796,10.3557],[-84.9792,10.3559],[-84.9781,10.3559],[-84.9776,10.3559],[-84.9772,10.3558],[-84.9769,10.3556],[-84.9765,10.3556],[-84.9762,10.3558],[-84.9755,10.3564],[-84.9749,10.3568],[-84.9741,10.3573],[-84.9738,10.3576],[-84.9736,10.3579],[-84.9734,10.3584],[-84.973,10.3588],[-84.9727,10.3589],[-84.9722,10.3589],[-84.9716,10.359],[-84.9713,10.3591],[-84.9708,10.3587],[-84.9704,10.3584],[-84.9701,10.358],[-84.9699,10.3575],[-84.9695,10.3569],[-84.9691,10.3566],[-84.9684,10.3561],[-84.9678,10.3556],[-84.9673,10.3553],[-84.9664,10.3549],[-84.9656,10.3547],[-84.9649,10.3545],[-84.9635,10.3535],[-84.9627,10.3531],[-84.9622,10.3528],[-84.9616,10.3523],[-84.9609,10.3517],[-84.9602,10.3512],[-84.9595,10.3508],[-84.959,10.3507],[-84.9583,10.3507],[-84.9581,10.3511],[-84.958,10.3516],[-84.9579,10.3523],[-84.9576,10.3531],[-84.9573,10.354],[-84.9568,10.3549],[-84.9563,10.3553],[-84.9558,10.3557],[-84.9557,10.3563],[-84.9557,10.3569],[-84.9554,10.3577],[-84.9552,10.358],[-84.9546,10.3584],[-84.9543,10.3586],[-84.9539,10.3588],[-84.9534,10.3595],[-84.9529,10.36],[-84.9514,10.3608],[-84.9509,10.3615],[-84.9505,10.3626],[-84.9502,10.3637],[-84.9501,10.3641],[-84.9497,10.3656],[-84.9981,10.3667],[-85.0181,10.367],[-85.0281,10.4295],[-85.0279,10.4397],[-85.0281,10.4986],[-85.0279,10.5002],[-85.0432,10.5092],[-85.0431,10.5377],[-85.0436,10.6056],[-85.0458,10.6105],[-85.0437,10.6159],[-85.0454,10.6183],[-85.0427,10.6222],[-85.0371,10.6245],[-85.0282,10.6245],[-85.0219,10.6297],[-85.0153,10.6308],[-85.0102,10.6301],[-85.0082,10.642],[-85.0005,10.6523],[-85.0008,10.6556],[-85.006,10.6592],[-85.0101,10.664],[-85.0126,10.6712]]]},"properties":{"Codigo":"506","Canton":"CAÑAS","Provincia":"GUANACASTE"}},
{"type":"Feature","geometry":{"type":"MultiPolygon","coordinates":[]},"properties":{"Codigo":"507","Canton":"ABANGARES","Provincia":"GUANACASTE"}},
{"type":"Feature","geometry":{"type":"Polygon","coordinates":[[[-84.8632,10.5558],[-84.8707,10.5627],[-84.8801,10.5622],[-84.8836,10.5639],[-84.8894,10.5598],[-84.8942,10.5619],[-84.9013,10.5677],[-84.9032,10.5707],[-84.9098,10.5691],[-84.9123,10.5715],[-84.9198,10.5738],[-84.9227,10.5724],[-84.9298,10.5793],[-84.9294,10.5834],[-84.9336,10.5857],[-84.9384,10.5855],[-84.9439,10.591],[-84.9447,10.5949],[-84.9529,10.5941],[-84.9573,10.5951],[-84.9611,10.5983],[-84.9687,10.601],[-84.9748,10.6062],[-84.9861,10.6057],[-84.9877,10.6112],[-84.9876,10.6171],[-84.9921,10.6217],[-85.0016,10.6254],[-85.0024,10.6304],[-85.001,10.6356],[-85.0028,10.6434],[-85.0005,10.6523],[-85.0082,10.642],[-85.0102,10.6301],[-85.0153,10.6308],[-85.0219,10.6297],[-85.0282,10.6245],[-85.0371,10.6245],[-85.0427,10.6222],[-85.0454,10.6183],[-85.0437,10.6159],[-85.0458,10.6105],[-85.0436,10.6056],[-85.0431,10.5377],[-85.0432,10.5092],[-85.0279,10.5002],[-85.0281,10.4986],[-85.0279,10.4397],[-85.0281,10.4295],[-85.0181,10.367],[-84.9981,10.3667],[-84.9497,10.3656],[-84.948,10.3655],[-84.919,10.3894],[-84.9189,10.3893],[-84.9187,10.3891],[-84.9185,10.3889],[-84.9183,10.3885],[-84.9179,10.3881],[-84.9175,10.3878],[-84.9171,10.3877],[-84.9166,10.3874],[-84.9163,10.387],[-84.9163,10.3866],[-84.9162,10.3862],[-84.9158,10.3858],[-84.9154,10.3854],[-84.9152,10.3852],[-84.915,10.385],[-84.9149,10.385],[-84.9146,10.3853],[-84.9141,10.3856],[-84.9138,10.3856],[-84.9137,10.3855],[-84.9133,10.3853],[-84.913,10.385],[-84.9128,10.3846],[-84.9127,10.3842],[-84.9128,10.3838],[-84.9128,10.3835],[-84.9125,10.3832],[-84.912,10.3829],[-84.9118,10.3827],[-84.9115,10.3823],[-84.9113,10.382],[-84.9112,10.3817],[-84.9112,10.3812],[-84.9112,10.3808],[-84.9111,10.3805],[-84.9107,10.38],[-84.9105,10.3797],[-84.9102,10.3796],[-84.9098,10.3795],[-84.9097,10.3793],[-84.9097,10.379],[-84.9097,10.3787],[-84.9096,10.3785],[-84.9093,10.3785],[-84.9089,10.3785],[-84.9086,10.3784],[-84.9085,10.3784],[-84.9083,10.3783],[-84.908,10.3783],[-84.9076,10.3781],[-84.9074,10.3779],[-84.9073,10.3775],[-84.9072,10.3769],[-84.9071,10.3764],[-84.907,10.3757],[-84.9069,10.3752],[-84.9067,10.3748],[-84.9064,10.3744],[-84.9061,10.3741],[-84.9059,10.3739],[-84.9056,10.3736],[-84.9056,10.3733],[-84.9055,10.3728],[-84.9055,10.3725],[-84.9053,10.3723],[-84.905,10.3722],[-84.9045,10.3722],[-84.9042,10.3721],[-84.904,10.372],[-84.9039,10.3717],[-84.9038,10.3712],[-84.9038,10.3707],[-84.9037,10.3704],[-84.9036,10.3702],[-84.9032,10.3697],[-84.9028,10.3695],[-84.9025,10.3692],[-84.9022,10.3688],[-84.9021,10.3681],[-84.9019,10.3676],[-84.9017,10.3673],[-84.9013,10.3666],[-84.901,10.3661],[-84.9007,10.3656],[-84.9002,10.3649],[-84.8999,10.3647],[-84.8996,10.3646],[-84.8993,10.3646],[-84.899,10.3647],[-84.8988,10.3649],[-84.8986,10.3651],[-84.8984,10.3654],[-84.8982,10.3656],[-84.8979,10.3657],[-84.8977,10.3658],[-84.8974,10.3658],[-84.8972,10.3656],[-84.897,10.3655],[-84.8969,10.3652],[-84.8969,10.3651],[-84.8967,10.3651],[-84.8965,10.365],[-84.8962,10.3648],[-84.896,10.3646],[-84.8958,10.3643],[-84.8958,10.3636],[-84.8957,10.3633],[-84.8954,10.363],[-84.8951,10.3627],[-84.8947,10.3623],[-84.8945,10.3619],[-84.8941,10.3616],[-84.8938,10.3614],[-84.8936,10.3616],[-84.8935,10.3619],[-84.8932,10.3621],[-84.893,10.3621],[-84.8926,10.362],[-84.8924,10.3618],[-84.8921,10.3616],[-84.8921,10.3611],[-84.8921,10.3605],[-84.892,10.3602],[-84.8917,10.36],[-84.891,10.3597],[-84.8903,10.3594],[-84.8896,10.3591],[-84.8892,10.3589],[-84.8887,10.3588],[-84.8882,10.3585],[-84.8881,10.3582],[-84.8878,10.3578],[-84.8876,10.3575],[-84.8873,10.3572],[-84.8868,10.3573],[-84.8864,10.3574],[-84.8862,10.3574],[-84.8861,10.3573],[-84.8859,10.357],[-84.8857,10.3566],[-84.8854,10.356],[-84.8852,10.3557],[-84.885,10.3554],[-84.8847,10.3553],[-84.8845,10.3553],[-84.8842,10.3554],[-84.8839,10.3556],[-84.8837,10.3557],[-84.8834,10.3557],[-84.8833,10.3555],[-84.8831,10.3553],[-84.8827,10.3549],[-84.8823,10.3549],[-84.8819,10.3548],[-84.8815,10.3547],[-84.8811,10.3546],[-84.8808,10.3543],[-84.8805,10.3539],[-84.8802,10.3536],[-84.8798,10.3536],[-84.8793,10.3536],[-84.879,10.3535],[-84.8787,10.3534],[-84.8781,10.3531],[-84.8779,10.353],[-84.8776,10.3529],[-84.8771,10.3528],[-84.8765,10.3528],[-84.8761,10.3527],[-84.8758,10.3527],[-84.8753,10.3525],[-84.8749,10.3524],[-84.8743,10.3521],[-84.8737,10.3521],[-84.8735,10.3521],[-84.8733,10.352],[-84.8729,10.3518],[-84.8724,10.3512],[-84.872,10.3508],[-84.8717,10.3507],[-84.8714,10.3505],[-84.871,10.3503],[-84.8706,10.3501],[-84.8701,10.3498],[-84.8695,10.3494],[-84.8687,10.3486],[-84.8679,10.3482],[-84.8674,10.348],[-84.867,10.3479],[-84.8666,10.3477],[-84.866,10.3477],[-84.8656,10.3476],[-84.8655,10.3477],[-84.8653,10.348],[-84.8652,10.3481],[-84.8649,10.3482],[-84.8644,10.348],[-84.864,10.348],[-84.8636,10.3479],[-84.8627,10.3477],[-84.862,10.3476],[-84.8616,10.3475],[-84.861,10.3474],[-84.8605,10.3474],[-84.8598,10.3476],[-84.8594,10.3477],[-84.8591,10.3478],[-84.8587,10.3481],[-84.8584,10.3483],[-84.8581,10.3486],[-84.858,10.3489],[-84.858,10.3492],[-84.8578,10.3495],[-84.8575,10.3497],[-84.8573,10.3499],[-84.8568,10.3502],[-84.8564,10.3503],[-84.856,10.3503],[-84.8555,10.3503],[-84.8551,10.3502],[-84.8547,10.3502],[-84.8542,10.3503],[-84.8538,10.3504],[-84.8534,10.3504],[-84.8528,10.3504],[-84.8522,10.3504],[-84.8516,10.3505],[-84.8512,10.3504],[-84.8502,10.3501],[-84.8497,10.3498],[-84.8493,10.3497],[-84.8487,10.3496],[-84.8483,10.3496],[-84.8479,10.3497],[-84.8475,10.3496],[-84.8475,10.3495],[-84.8475,10.3492],[-84.8475,10.3488],[-84.8472,10.3485],[-84.847,10.3483],[-84.8468,10.3482],[-84.8465,10.3482],[-84.8462,10.3482],[-84.8455,10.348],[-84.8451,10.3477],[-84.8448,10.3475],[-84.8445,10.3473],[-84.8441,10.3469],[-84.8437,10.3464],[-84.8434,10.3459],[-84.8431,10.3454],[-84.8421,10.3439],[-84.8419,10.3436],[-84.8416,10.3432],[-84.8412,10.343],[-84.8409,10.3428],[-84.8405,10.3428],[-84.8402,10.3429],[-84.8399,10.343],[-84.8396,10.343],[-84.8392,10.343],[-84.8388,10.343],[-84.8383,10.3429],[-84.8379,10.3426],[-84.8372,10.3425],[-84.8367,10.3423],[-84.8364,10.3422],[-84.8361,10.3422],[-84.8357,10.3421],[-84.8354,10.342],[-84.8349,10.3416],[-84.8342,10.3414],[-84.8334,10.3415],[-84.8331,10.3416],[-84.8325,10.3417],[-84.8322,10.3418],[-84.8318,10.3418],[-84.8311,10.3418],[-84.8302,10.3418],[-84.8296,10.3421],[-84.8293,10.342],[-84.8289,10.3416],[-84.8285,10.3411],[-84.8282,10.3404],[-84.828,10.3399],[-84.8277,10.3393],[-84.8275,10.3387],[-84.8271,10.3372],[-84.8212,10.3334],[-84.813,10.3301],[-84.805,10.3309],[-84.8023,10.3253],[-84.7965,10.3255],[-84.7941,10.3205],[-84.7866,10.3225],[-84.781,10.3319],[-84.7773,10.3398],[-84.7776,10.343],[-84.7731,10.3509],[-84.7677,10.3513],[-84.7663,10.3555],[-84.7685,10.3575],[-84.7685,10.3634],[-84.7713,10.369],[-84.7712,10.3744],[-84.7792,10.3797],[-84.7814,10.3851],[-84.7742,10.3971],[-84.7718,10.4063],[-84.7672,10.4123],[-84.7665,10.4233],[-84.7666,10.4258],[-84.7712,10.4531],[-84.7741,10.4628],[-84.7742,10.4974],[-84.7822,10.4961],[-84.788,10.4931],[-84.7934,10.4922],[-84.7949,10.4986],[-84.8019,10.5023],[-84.8048,10.5056],[-84.8119,10.5106],[-84.8207,10.5147],[-84.8203,10.5223],[-84.824,10.5246],[-84.8304,10.5231],[-84.8362,10.5237],[-84.8391,10.5301],[-84.8457,10.5317],[-84.8442,10.5455],[-84.851,10.5459],[-84.8604,10.5557],[-84.8632,10.5558]]]},"properties":{"Canton":"TILARAN","Provincia":"GUANACASTE","Codigo":"508"}},
{"type":"Feature","geometry":{"type":"Polygon","coordinates":[[[-85.1905,10.0643],[-85.1915,10.0636],[-85.1921,10.0633],[-85.1922,10.0628],[-85.1921,10.0622],[-85.1914,10.0616],[-85.1903,10.0607],[-85.1896,10.0595],[-85.1894,10.0585],[-85.1893,10.0568],[-85.1894,10.0561],[-85.1896,10.0556],[-85.1902,10.0552],[-85.1906,10.0551],[-85.1909,10.0553],[-85.192,10.0556],[-85.1932,10.0558],[-85.1951,10.0555],[-85.1974,10.0547],[-85.1985,10.0545],[-85.1991,10.0546],[-85.1998,10.055],[-85.2005,10.0554],[-85.2011,10.0556],[-85.202,10.0555],[-85.2029,10.0553],[-85.2034,10.0548],[-85.2038,10.0541],[-85.2043,10.0535],[-85.2047,10.0532],[-85.2053,10.053],[-85.2059,10.053],[-85.2065,10.0532],[-85.2073,10.0534],[-85.2085,10.0544],[-85.2096,10.0555],[-85.21,10.0557],[-85.2104,10.0556],[-85.2115,10.0548],[-85.2124,10.0536],[-85.2128,10.0531],[-85.2133,10.0529],[-85.2137,10.0528],[-85.2141,10.0529],[-85.2153,10.0534],[-85.2167,10.054],[-85.2169,10.0543],[-85.2169,10.0547],[-85.2167,10.055],[-85.2162,10.0554],[-85.2155,10.0556],[-85.2152,10.0558],[-85.2152,10.0561],[-85.215,10.0564],[-85.2151,10.0566],[-85.2155,10.0567],[-85.2162,10.0573],[-85.2163,10.0576],[-85.2163,10.0577],[-85.2163,10.0578],[-85.2162,10.0579],[-85.2161,10.0579],[-85.2157,10.0579],[-85.215,10.058],[-85.2148,10.0585],[-85.2152,10.059],[-85.2157,10.0592],[-85.216,10.0595],[-85.2163,10.0597],[-85.2164,10.0601],[-85.2166,10.0601],[-85.2168,10.0601],[-85.2171,10.0599],[-85.2173,10.0595],[-85.2174,10.0592],[-85.2171,10.0587],[-85.217,10.0585],[-85.2172,10.0583],[-85.2174,10.0582],[-85.218,10.0582],[-85.2182,10.0583],[-85.2183,10.0585],[-85.2181,10.0592],[-85.2182,10.0594],[-85.2183,10.0595],[-85.2186,10.0595],[-85.2191,10.0594],[-85.2195,10.0594],[-85.2204,10.0598],[-85.2208,10.0598],[-85.2211,10.0598],[-85.2217,10.0595],[-85.222,10.0595],[-85.2223,10.0596],[-85.2227,10.0602],[-85.2229,10.0602],[-85.2237,10.0603],[-85.2239,10.0604],[-85.2243,10.0611],[-85.2247,10.0613],[-85.225,10.0615],[-85.2262,10.062],[-85.2265,10.0622],[-85.2266,10.0625],[-85.2269,10.063],[-85.2271,10.0632],[-85.2276,10.0634],[-85.2283,10.064],[-85.2286,10.0641],[-85.2294,10.0641],[-85.2298,10.0643],[-85.23,10.0645],[-85.2301,10.0648],[-85.2302,10.065],[-85.2305,10.0653],[-85.2307,10.0657],[-85.2307,10.0659],[-85.2304,10.0662],[-85.2297,10.0665],[-85.2294,10.0668],[-85.2294,10.0672],[-85.2296,10.0678],[-85.2299,10.068],[-85.2308,10.068],[-85.2311,10.068],[-85.2313,10.0682],[-85.2315,10.0685],[-85.2315,10.0687],[-85.2315,10.0695],[-85.2313,10.0704],[-85.2312,10.071],[-85.2309,10.0717],[-85.2307,10.0721],[-85.2307,10.0723],[-85.2309,10.0724],[-85.2312,10.0723],[-85.2316,10.0722],[-85.2323,10.0719],[-85.2334,10.0716],[-85.2341,10.0716],[-85.2346,10.0717],[-85.2355,10.072],[-85.2357,10.0722],[-85.2358,10.0724],[-85.2358,10.0728],[-85.2355,10.0738],[-85.2352,10.0746],[-85.235,10.0748],[-85.2345,10.0751],[-85.2345,10.0753],[-85.2346,10.0754],[-85.235,10.0754],[-85.2353,10.0756],[-85.2355,10.0757],[-85.2359,10.076],[-85.2361,10.076],[-85.2364,10.076],[-85.2369,10.0756],[-85.2371,10.0754],[-85.2374,10.0753],[-85.2376,10.0753],[-85.238,10.0753],[-85.2383,10.0751],[-85.2387,10.0751],[-85.2392,10.0748],[-85.2396,10.0748],[-85.24,10.0747],[-85.2405,10.0747],[-85.2408,10.0748],[-85.2411,10.0749],[-85.2414,10.0751],[-85.2418,10.0755],[-85.2421,10.0759],[-85.2424,10.0762],[-85.2426,10.0763],[-85.2427,10.0763],[-85.2428,10.0761],[-85.2427,10.0758],[-85.2426,10.0749],[-85.2428,10.0744],[-85.2432,10.074],[-85.2437,10.0738],[-85.244,10.0736],[-85.2447,10.0736],[-85.2448,10.0735],[-85.2449,10.0734],[-85.245,10.073],[-85.2452,10.0729],[-85.2454,10.0728],[-85.2455,10.0729],[-85.2456,10.0735],[-85.2458,10.0743],[-85.2462,10.0751],[-85.2462,10.0755],[-85.2462,10.0758],[-85.246,10.0762],[-85.2459,10.0766],[-85.246,10.0769],[-85.2461,10.0771],[-85.2463,10.0772],[-85.2465,10.0772],[-85.2468,10.0771],[-85.247,10.0769],[-85.2473,10.0765],[-85.2476,10.0756],[-85.2477,10.0751],[-85.2477,10.0748],[-85.2476,10.074],[-85.2474,10.073],[-85.2474,10.0726],[-85.2476,10.0722],[-85.2481,10.0719],[-85.2483,10.0718],[-85.2489,10.0709],[-85.2493,10.0703],[-85.2496,10.0701],[-85.2498,10.0701],[-85.2499,10.0703],[-85.25,10.0707],[-85.25,10.071],[-85.2502,10.0712],[-85.2504,10.0712],[-85.2509,10.0708],[-85.2512,10.0705],[-85.2517,10.0704],[-85.2523,10.0702],[-85.2528,10.0696],[-85.2532,10.0691],[-85.2533,10.0687],[-85.2533,10.0683],[-85.253,10.0679],[-85.253,10.0669],[-85.253,10.0662],[-85.2529,10.0657],[-85.2526,10.0653],[-85.2521,10.0648],[-85.2521,10.0646],[-85.2524,10.0642],[-85.2534,10.0632],[-85.2537,10.0625],[-85.2544,10.0618],[-85.2549,10.0612],[-85.2552,10.061],[-85.2554,10.061],[-85.2559,10.0611],[-85.2566,10.0615],[-85.2571,10.0617],[-85.2576,10.0621],[-85.2581,10.0622],[-85.2585,10.0619],[-85.2588,10.0614],[-85.2592,10.0604],[-85.2597,10.0597],[-85.2607,10.0591],[-85.2617,10.0588],[-85.2627,10.0587],[-85.2639,10.0589],[-85.2654,10.0594],[-85.2662,10.0595],[-85.2667,10.0593],[-85.2672,10.0588],[-85.268,10.0578],[-85.2684,10.0572],[-85.2687,10.057],[-85.2692,10.057],[-85.27,10.0572],[-85.2705,10.0574],[-85.2707,10.0577],[-85.2708,10.0582],[-85.2707,10.0592],[-85.271,10.06],[-85.2718,10.0618],[-85.2725,10.0626],[-85.273,10.0631],[-85.2734,10.0631],[-85.2739,10.0628],[-85.2743,10.0621],[-85.2752,10.0601],[-85.2757,10.0597],[-85.2762,10.0594],[-85.2768,10.0592],[-85.2771,10.0592],[-85.2774,10.0594],[-85.2777,10.06],[-85.2777,10.0604],[-85.2776,10.0607],[-85.2769,10.0617],[-85.2769,10.0624],[-85.2773,10.0634],[-85.2774,10.0643],[-85.2777,10.0649],[-85.2782,10.0651],[-85.2797,10.0649],[-85.2808,10.0647],[-85.2819,10.0643],[-85.2825,10.0643],[-85.2832,10.0644],[-85.2836,10.0647],[-85.2841,10.0652],[-85.2845,10.0653],[-85.285,10.0651],[-85.2855,10.0645],[-85.2859,10.0637],[-85.2864,10.063],[-85.2865,10.0626],[-85.2865,10.0618],[-85.2862,10.061],[-85.2858,10.0603],[-85.2858,10.0598],[-85.2859,10.0594],[-85.2864,10.0592],[-85.2869,10.0592],[-85.2874,10.0593],[-85.2881,10.0596],[-85.2895,10.0607],[-85.2903,10.0615],[-85.2915,10.0627],[-85.2919,10.0629],[-85.2928,10.0632],[-85.2934,10.0632],[-85.2937,10.0631],[-85.2939,10.0629],[-85.294,10.0627],[-85.2939,10.0623],[-85.2936,10.0619],[-85.2929,10.0615],[-85.2926,10.0612],[-85.2925,10.0609],[-85.2927,10.0605],[-85.2933,10.0604],[-85.2938,10.0604],[-85.2942,10.0606],[-85.2951,10.0612],[-85.2962,10.0623],[-85.2967,10.0627],[-85.2973,10.0629],[-85.2978,10.063],[-85.2994,10.063],[-85.3001,10.0631],[-85.3005,10.0633],[-85.3009,10.0639],[-85.3009,10.0644],[-85.3008,10.0647],[-85.3004,10.0652],[-85.3,10.0658],[-85.3,10.0664],[-85.3002,10.0673],[-85.3005,10.068],[-85.3012,10.0681],[-85.302,10.0681],[-85.3027,10.0679],[-85.3035,10.0673],[-85.3047,10.0674],[-85.3056,10.0674],[-85.3065,10.0676],[-85.3069,10.0676],[-85.3078,10.0671],[-85.3082,10.0669],[-85.3088,10.0669],[-85.3091,10.0671],[-85.3092,10.0673],[-85.3093,10.0686],[-85.3095,10.0696],[-85.31,10.0707],[-85.311,10.0719],[-85.3118,10.0724],[-85.3122,10.0727],[-85.3125,10.0727],[-85.3129,10.0724],[-85.3133,10.072],[-85.3135,10.0718],[-85.3135,10.0711],[-85.3137,10.0708],[-85.314,10.0706],[-85.3142,10.0707],[-85.3149,10.0713],[-85.3154,10.0716],[-85.3156,10.072],[-85.3158,10.0727],[-85.3165,10.0734],[-85.3169,10.0736],[-85.3171,10.0736],[-85.3178,10.0733],[-85.3183,10.073],[-85.3187,10.0725],[-85.3189,10.0723],[-85.3195,10.0722],[-85.3203,10.0719],[-85.3212,10.071],[-85.3226,10.0697],[-85.3237,10.0694],[-85.3247,10.0691],[-85.3257,10.0689],[-85.3261,10.0687],[-85.3262,10.0684],[-85.326,10.0682],[-85.3259,10.0679],[-85.3258,10.0672],[-85.326,10.0668],[-85.3262,10.0665],[-85.3262,10.0662],[-85.326,10.0659],[-85.3257,10.0658],[-85.3251,10.0659],[-85.3244,10.0662],[-85.3239,10.0667],[-85.3234,10.0674],[-85.3231,10.0677],[-85.3229,10.0676],[-85.3228,10.0674],[-85.3228,10.0656],[-85.3226,10.0647],[-85.3225,10.0641],[-85.3225,10.0635],[-85.3224,10.0631],[-85.3222,10.0629],[-85.3215,10.0628],[-85.3211,10.0625],[-85.3207,10.0621],[-85.3206,10.0617],[-85.3209,10.0606],[-85.321,10.0601],[-85.3208,10.0597],[-85.3204,10.0593],[-85.3202,10.0589],[-85.3201,10.0578],[-85.3201,10.0561],[-85.3201,10.0552],[-85.3203,10.0543],[-85.3212,10.0531],[-85.3217,10.0525],[-85.3222,10.0521],[-85.3223,10.0518],[-85.3223,10.0514],[-85.3223,10.0512],[-85.3217,10.0507],[-85.3207,10.0503],[-85.3205,10.0503],[-85.32,10.0498],[-85.3196,10.0494],[-85.319,10.0493],[-85.3186,10.0491],[-85.3177,10.0492],[-85.3175,10.0492],[-85.3173,10.0491],[-85.3169,10.0485],[-85.3166,10.0483],[-85.3161,10.0483],[-85.3159,10.0482],[-85.3158,10.0481],[-85.3159,10.0469],[-85.3158,10.046],[-85.3158,10.0455],[-85.3158,10.0453],[-85.316,10.0448],[-85.3161,10.0444],[-85.3159,10.0439],[-85.316,10.0435],[-85.3163,10.0433],[-85.3173,10.0433],[-85.3179,10.043],[-85.3184,10.0428],[-85.3186,10.0426],[-85.319,10.0426],[-85.3197,10.0428],[-85.3202,10.0425],[-85.321,10.0421],[-85.3221,10.0419],[-85.3226,10.0416],[-85.323,10.0411],[-85.3231,10.0406],[-85.3229,10.0401],[-85.3225,10.0393],[-85.3223,10.0384],[-85.3223,10.0377],[-85.3224,10.0374],[-85.323,10.0368],[-85.3233,10.0366],[-85.3255,10.0266],[-85.3239,10.0174],[-85.3262,10.0136],[-85.3274,10.0061],[-85.3332,10.0055],[-85.3358,10.0093],[-85.3425,10.0056],[-85.35,10.0066],[-85.355,10.0091],[-85.3653,10.0102],[-85.3694,10.0084],[-85.3715,10.0048],[-85.3763,10.004],[-85.3764,10.001],[-85.3663,9.995],[-85.3571,9.9984],[-85.3514,9.9961],[-85.3502,9.99],[-85.3479,9.9868],[-85.3484,9.9803],[-85.3569,9.9732],[-85.3615,9.9647],[-85.3574,9.9618],[-85.354,9.9524],[-85.3554,9.948],[-85.3497,9.944],[-85.3394,9.9426],[-85.3387,9.9379],[-85.3427,9.9335],[-85.3498,9.9311],[-85.3587,9.9229],[-85.3641,9.9221],[-85.3686,9.918],[-85.3714,9.9121],[-85.3757,9.9102],[-85.3831,9.9122],[-85.3911,9.909],[-85.3989,9.9125],[-85.4058,9.9088],[-85.4093,9.912],[-85.4147,9.9092],[-85.4217,9.9117],[-85.4252,9.9077],[-85.4308,9.904],[-85.4306,9.897],[-85.4374,9.8965],[-85.439,9.8926],[-85.4364,9.8889],[-85.4387,9.8842],[-85.4449,9.8851],[-85.4471,9.8791],[-85.4532,9.8731],[-85.4547,9.8641],[-85.4533,9.862],[-85.4431,9.8621],[-85.4302,9.8591],[-85.4266,9.8571],[-85.4265,9.8538],[-85.4224,9.852],[-85.4133,9.8517],[-85.4038,9.8475],[-85.4028,9.8515],[-85.3998,9.8527],[-85.3933,9.8516],[-85.3898,9.8491],[-85.3811,9.8486],[-85.3764,9.8467],[-85.3687,9.8404],[-85.3607,9.84],[-85.3462,9.8326],[-85.3362,9.8259],[-85.3332,9.8226],[-85.3309,9.8166],[-85.324,9.8174],[-85.3197,9.8156],[-85.297,9.8029],[-85.2837,9.7941],[-85.2724,9.7838],[-85.2668,9.7762],[-85.2662,9.7721],[-85.2681,9.7671],[-85.2724,9.7651],[-85.2748,9.7595],[-85.2675,9.7585],[-85.2465,9.7464],[-85.2315,9.7339],[-85.2311,9.7341],[-85.2306,9.7341],[-85.2301,9.734],[-85.2294,9.7336],[-85.2284,9.7324],[-85.2277,9.7317],[-85.2271,9.731],[-85.2267,9.7306],[-85.2262,9.7302],[-85.2259,9.73],[-85.2255,9.7298],[-85.2248,9.7299],[-85.2242,9.7299],[-85.2236,9.7297],[-85.2226,9.7294],[-85.2216,9.7289],[-85.2205,9.7284],[-85.2199,9.7282],[-85.2193,9.7279],[-85.2188,9.7276],[-85.2185,9.7274],[-85.2179,9.7272],[-85.2174,9.7271],[-85.217,9.7271],[-85.2164,9.7272],[-85.216,9.7274],[-85.2158,9.7279],[-85.2156,9.7282],[-85.2155,9.7286],[-85.2156,9.729],[-85.2158,9.7293],[-85.2161,9.7295],[-85.2166,9.7295],[-85.2171,9.7296],[-85.2175,9.7298],[-85.2178,9.7301],[-85.2179,9.7304],[-85.2179,9.7308],[-85.2178,9.7311],[-85.2174,9.7317],[-85.2171,9.7324],[-85.2169,9.7328],[-85.2169,9.7334],[-85.217,9.7341],[-85.2171,9.7345],[-85.2172,9.7352],[-85.2173,9.7356],[-85.2173,9.7361],[-85.2173,9.7369],[-85.2174,9.7375],[-85.2175,9.7378],[-85.218,9.7386],[-85.2184,9.7394],[-85.2188,9.7403],[-85.219,9.7406],[-85.2193,9.7415],[-85.2194,9.7422],[-85.2192,9.7427],[-85.219,9.743],[-85.2187,9.7431],[-85.2184,9.743],[-85.2181,9.7429],[-85.2175,9.7426],[-85.2168,9.7421],[-85.2161,9.7416],[-85.2157,9.7415],[-85.2148,9.7413],[-85.2138,9.7411],[-85.213,9.741],[-85.2123,9.7411],[-85.2118,9.7412],[-85.2114,9.7414],[-85.2111,9.7418],[-85.2108,9.7422],[-85.2107,9.7426],[-85.2105,9.743],[-85.2103,9.7436],[-85.2103,9.744],[-85.2104,9.7442],[-85.2106,9.7444],[-85.211,9.7447],[-85.2117,9.7456],[-85.2119,9.746],[-85.212,9.7461],[-85.2119,9.7462],[-85.2119,9.7463],[-85.2118,9.7463],[-85.2115,9.7463],[-85.2112,9.7462],[-85.2106,9.746],[-85.2103,9.746],[-85.21,9.746],[-85.2097,9.7463],[-85.2093,9.7465],[-85.209,9.7466],[-85.2088,9.7465],[-85.2085,9.7463],[-85.208,9.746],[-85.2075,9.7457],[-85.2072,9.7456],[-85.2068,9.7456],[-85.2065,9.7458],[-85.2062,9.746],[-85.206,9.7463],[-85.2059,9.7465],[-85.2059,9.7472],[-85.2057,9.7476],[-85.2055,9.7477],[-85.2051,9.7478],[-85.2047,9.7478],[-85.2044,9.7476],[-85.2041,9.7473],[-85.2039,9.7471],[-85.2037,9.7471],[-85.2036,9.7472],[-85.2035,9.7474],[-85.2034,9.7478],[-85.2035,9.7483],[-85.2037,9.7487],[-85.2037,9.7491],[-85.2037,9.7493],[-85.2036,9.7497],[-85.2034,9.7501],[-85.2033,9.7505],[-85.2033,9.7508],[-85.2034,9.7511],[-85.2036,9.7516],[-85.2038,9.7521],[-85.2041,9.7527],[-85.2041,9.7531],[-85.2041,9.7535],[-85.2039,9.7541],[-85.2037,9.7547],[-85.2035,9.755],[-85.2031,9.7554],[-85.2022,9.7556],[-85.201,9.7558],[-85.1999,9.7557],[-85.1995,9.7556],[-85.1991,9.7554],[-85.1989,9.7553],[-85.1988,9.7553],[-85.1987,9.7553],[-85.1985,9.7555],[-85.1984,9.7556],[-85.1984,9.756],[-85.1983,9.7565],[-85.1982,9.7568],[-85.1978,9.7573],[-85.1976,9.7576],[-85.1976,9.7578],[-85.1977,9.7581],[-85.198,9.7584],[-85.1987,9.7592],[-85.1993,9.7597],[-85.1996,9.7599],[-85.2002,9.7603],[-85.2004,9.7606],[-85.2005,9.7607],[-85.2006,9.761],[-85.2008,9.7616],[-85.2008,9.762],[-85.2008,9.7622],[-85.2005,9.7627],[-85.2003,9.763],[-85.2,9.7633],[-85.1997,9.7633],[-85.1993,9.7633],[-85.1986,9.7632],[-85.1983,9.7633],[-85.198,9.7634],[-85.1978,9.7637],[-85.1978,9.764],[-85.1978,9.7643],[-85.1979,9.7646],[-85.1983,9.7649],[-85.1989,9.7653],[-85.1992,9.7657],[-85.1993,9.766],[-85.1993,9.7662],[-85.1992,9.7667],[-85.1992,9.7671],[-85.1991,9.7681],[-85.1991,9.7683],[-85.199,9.7689],[-85.1988,9.7692],[-85.1983,9.7698],[-85.198,9.7702],[-85.1975,9.7706],[-85.197,9.7707],[-85.1964,9.7708],[-85.1961,9.7709],[-85.1957,9.7712],[-85.1952,9.7717],[-85.1946,9.7725],[-85.1944,9.7729],[-85.1943,9.7731],[-85.1942,9.7735],[-85.1941,9.7743],[-85.194,9.7747],[-85.1937,9.7751],[-85.1933,9.7755],[-85.1929,9.7758],[-85.1925,9.7759],[-85.1922,9.7759],[-85.1919,9.7758],[-85.1914,9.7756],[-85.1908,9.7752],[-85.1898,9.7748],[-85.1896,9.7748],[-85.1894,9.7748],[-85.1891,9.7748],[-85.1888,9.7749],[-85.188,9.7753],[-85.1874,9.7756],[-85.1871,9.7759],[-85.1867,9.7762],[-85.1862,9.7767],[-85.186,9.7771],[-85.1859,9.7775],[-85.1858,9.7778],[-85.1856,9.7782],[-85.1852,9.7789],[-85.1847,9.7794],[-85.1842,9.7796],[-85.1836,9.7797],[-85.1829,9.7796],[-85.1822,9.7796],[-85.182,9.7797],[-85.1818,9.7799],[-85.1816,9.7801],[-85.1814,9.7804],[-85.181,9.7808],[-85.1802,9.7816],[-85.18,9.7818],[-85.18,9.782],[-85.1802,9.7821],[-85.1805,9.7823],[-85.1809,9.7825],[-85.182,9.783],[-85.1829,9.7834],[-85.1832,9.7836],[-85.1832,9.7838],[-85.1832,9.784],[-85.1831,9.7844],[-85.1829,9.7849],[-85.1829,9.7854],[-85.1828,9.7858],[-85.1827,9.7862],[-85.1828,9.7865],[-85.1831,9.7871],[-85.1835,9.7876],[-85.1838,9.7878],[-85.1842,9.7877],[-85.1846,9.7875],[-85.185,9.7868],[-85.1853,9.7861],[-85.1855,9.7854],[-85.1858,9.7837],[-85.1879,9.7817],[-85.1886,9.7813],[-85.1901,9.782],[-85.1904,9.7826],[-85.1912,9.7842],[-85.1923,9.7854],[-85.194,9.7869],[-85.1945,9.7881],[-85.1945,9.7882],[-85.1943,9.7884],[-85.194,9.7886],[-85.192,9.7891],[-85.1907,9.7919],[-85.1905,9.7926],[-85.1905,9.7935],[-85.1929,9.7934],[-85.195,9.7951],[-85.1951,9.7971],[-85.1935,9.7986],[-85.1932,9.7994],[-85.1943,9.8005],[-85.1946,9.8008],[-85.1948,9.8013],[-85.195,9.8017],[-85.1935,9.8038],[-85.1912,9.8033],[-85.1907,9.8032],[-85.1903,9.8033],[-85.1897,9.8041],[-85.1898,9.8044],[-85.189,9.8073],[-85.1896,9.809],[-85.1924,9.8112],[-85.1928,9.8138],[-85.1882,9.8142],[-85.188,9.815],[-85.1878,9.8159],[-85.1875,9.8167],[-85.1854,9.8175],[-85.1845,9.8177],[-85.1845,9.8178],[-85.1844,9.8181],[-85.185,9.8189],[-85.1854,9.819],[-85.1865,9.8193],[-85.1871,9.8197],[-85.1877,9.8221],[-85.1877,9.8225],[-85.1879,9.8228],[-85.1882,9.8232],[-85.1883,9.8235],[-85.1888,9.825],[-85.1874,9.8299],[-85.1869,9.8303],[-85.1877,9.8336],[-85.1901,9.8355],[-85.19,9.8359],[-85.1876,9.8352],[-85.1871,9.8351],[-85.1865,9.8351],[-85.1861,9.8353],[-85.1859,9.8359],[-85.1858,9.8365],[-85.1856,9.8367],[-85.1834,9.838],[-85.1839,9.8391],[-85.1839,9.8396],[-85.1839,9.8412],[-85.1844,9.8415],[-85.1847,9.8411],[-85.1851,9.8407],[-85.1855,9.8405],[-85.1856,9.84],[-85.1857,9.8398],[-85.1862,9.8399],[-85.1865,9.8401],[-85.1866,9.8403],[-85.1866,9.8407],[-85.1863,9.8434],[-85.1862,9.8437],[-85.1856,9.8444],[-85.1854,9.845],[-85.1852,9.8455],[-85.1847,9.8456],[-85.1833,9.8451],[-85.1825,9.8447],[-85.182,9.8447],[-85.1814,9.8447],[-85.1799,9.8453],[-85.1784,9.8467],[-85.1783,9.8473],[-85.1782,9.8483],[-85.1771,9.849],[-85.1766,9.8511],[-85.1764,9.8517],[-85.1759,9.8524],[-85.1759,9.8529],[-85.1763,9.8534],[-85.1764,9.8538],[-85.1762,9.8541],[-85.1759,9.8544],[-85.1763,9.8551],[-85.1766,9.8552],[-85.1772,9.8552],[-85.179,9.8548],[-85.1796,9.8547],[-85.18,9.8541],[-85.1822,9.8534],[-85.1824,9.8553],[-85.1892,9.8562],[-85.1902,9.856],[-85.1911,9.8564],[-85.1914,9.8571],[-85.1928,9.8579],[-85.193,9.8581],[-85.1931,9.8584],[-85.1931,9.8597],[-85.1934,9.86],[-85.1984,9.8622],[-85.1974,9.8631],[-85.1972,9.8638],[-85.1971,9.8644],[-85.1972,9.8657],[-85.197,9.8662],[-85.1969,9.8667],[-85.1971,9.8671],[-85.1985,9.8681],[-85.2003,9.8686],[-85.2005,9.8703],[-85.2003,9.8703],[-85.1997,9.8705],[-85.1995,9.8708],[-85.1995,9.871],[-85.1996,9.8713],[-85.1997,9.8715],[-85.2,9.8718],[-85.2009,9.8723],[-85.2008,9.8729],[-85.2002,9.8745],[-85.2017,9.8752],[-85.2036,9.8759],[-85.2045,9.8856],[-85.2062,9.8861],[-85.2106,9.8857],[-85.2109,9.8866],[-85.2106,9.8867],[-85.2094,9.8872],[-85.2099,9.8905],[-85.2106,9.8905],[-85.2127,9.8885],[-85.2134,9.8894],[-85.2134,9.8899],[-85.2136,9.89],[-85.2138,9.8899],[-85.2143,9.8899],[-85.2146,9.8901],[-85.2148,9.8904],[-85.2155,9.8928],[-85.2164,9.8935],[-85.2156,9.8964],[-85.2167,9.8987],[-85.2174,9.8999],[-85.2166,9.9009],[-85.217,9.902],[-85.2175,9.902],[-85.2184,9.9025],[-85.2187,9.9026],[-85.2191,9.9024],[-85.2209,9.9025],[-85.2211,9.9025],[-85.2212,9.9026],[-85.2215,9.9026],[-85.2217,9.9025],[-85.2231,9.9013],[-85.2237,9.9008],[-85.2244,9.8997],[-85.2249,9.9012],[-85.2252,9.9017],[-85.226,9.9022],[-85.2264,9.9027],[-85.2272,9.9029],[-85.2277,9.9027],[-85.2279,9.9023],[-85.227,9.9008],[-85.2274,9.9005],[-85.2282,9.9008],[-85.2289,9.9009],[-85.2292,9.9013],[-85.2299,9.9021],[-85.2304,9.9026],[-85.2315,9.9036],[-85.2316,9.904],[-85.2321,9.9048],[-85.2318,9.907],[-85.2324,9.9071],[-85.2338,9.9071],[-85.2344,9.9072],[-85.2351,9.9072],[-85.236,9.907],[-85.2376,9.9061],[-85.2389,9.9095],[-85.2389,9.9098],[-85.2401,9.91],[-85.2406,9.9098],[-85.2412,9.9099],[-85.2422,9.9103],[-85.2426,9.9102],[-85.2429,9.9097],[-85.2432,9.909],[-85.2438,9.9084],[-85.2443,9.9082],[-85.2451,9.9084],[-85.2456,9.9084],[-85.2468,9.9079],[-85.2476,9.9081],[-85.2481,9.9083],[-85.2494,9.9092],[-85.2499,9.9092],[-85.2505,9.9091],[-85.2509,9.909],[-85.2512,9.9093],[-85.2513,9.9097],[-85.2514,9.9103],[-85.2523,9.9111],[-85.253,9.9108],[-85.2535,9.9107],[-85.2538,9.9107],[-85.2541,9.9108],[-85.2543,9.9115],[-85.2542,9.9125],[-85.2553,9.9134],[-85.2563,9.9143],[-85.2568,9.9144],[-85.2575,9.9132],[-85.2591,9.9126],[-85.2593,9.9128],[-85.2619,9.9151],[-85.2631,9.914],[-85.2633,9.9138],[-85.2637,9.9138],[-85.2641,9.914],[-85.2654,9.9139],[-85.2657,9.9148],[-85.2655,9.9151],[-85.2653,9.9156],[-85.2649,9.9163],[-85.2653,9.917],[-85.2662,9.9162],[-85.2677,9.9154],[-85.269,9.9168],[-85.2729,9.9158],[-85.2742,9.9158],[-85.2758,9.9157],[-85.2779,9.9178],[-85.2783,9.9183],[-85.2784,9.9186],[-85.2785,9.9194],[-85.2788,9.9202],[-85.2791,9.9205],[-85.2795,9.9207],[-85.2795,9.921],[-85.2797,9.9217],[-85.2796,9.922],[-85.278,9.9257],[-85.2759,9.929],[-85.2758,9.9294],[-85.2758,9.9297],[-85.2756,9.9302],[-85.2752,9.9307],[-85.2749,9.9311],[-85.2748,9.9314],[-85.2749,9.9318],[-85.2749,9.9323],[-85.2747,9.9327],[-85.2742,9.9328],[-85.2727,9.9331],[-85.2721,9.9334],[-85.2712,9.9336],[-85.2706,9.934],[-85.2702,9.9343],[-85.2695,9.9351],[-85.2693,9.9357],[-85.2691,9.9359],[-85.2687,9.9367],[-85.2683,9.9373],[-85.2685,9.9376],[-85.2689,9.9381],[-85.2692,9.9386],[-85.2693,9.9402],[-85.2707,9.9409],[-85.271,9.9415],[-85.271,9.9424],[-85.2712,9.9427],[-85.2713,9.943],[-85.2711,9.9434],[-85.2695,9.9461],[-85.2711,9.9493],[-85.273,9.9507],[-85.2731,9.9512],[-85.2729,9.9517],[-85.272,9.9528],[-85.2718,9.9535],[-85.2714,9.9576],[-85.2676,9.9634],[-85.2648,9.9627],[-85.2639,9.9625],[-85.2631,9.9625],[-85.2622,9.9627],[-85.2611,9.9632],[-85.26,9.9637],[-85.2587,9.964],[-85.2572,9.9639],[-85.2566,9.9636],[-85.2557,9.9635],[-85.2544,9.9641],[-85.2531,9.9648],[-85.2513,9.9678],[-85.2511,9.9685],[-85.2505,9.9693],[-85.2487,9.9725],[-85.2469,9.9729],[-85.246,9.9723],[-85.2454,9.9721],[-85.2447,9.9721],[-85.244,9.9721],[-85.2429,9.9715],[-85.2425,9.9708],[-85.2418,9.9703],[-85.2412,9.9701],[-85.2402,9.9695],[-85.2387,9.9683],[-85.2371,9.9675],[-85.2357,9.9676],[-85.2339,9.9674],[-85.2328,9.9679],[-85.2285,9.9673],[-85.2276,9.9673],[-85.227,9.9675],[-85.2261,9.9682],[-85.2252,9.9689],[-85.2247,9.969],[-85.2238,9.9688],[-85.2234,9.9689],[-85.2231,9.9688],[-85.2228,9.9689],[-85.2226,9.9688],[-85.222,9.969],[-85.2218,9.9693],[-85.221,9.9696],[-85.2206,9.97],[-85.2206,9.9703],[-85.2204,9.9707],[-85.2206,9.971],[-85.2206,9.9714],[-85.2205,9.9715],[-85.2204,9.9716],[-85.2203,9.9716],[-85.2196,9.9718],[-85.219,9.9719],[-85.2184,9.9723],[-85.2182,9.9723],[-85.2182,9.9717],[-85.2153,9.9718],[-85.2138,9.9717],[-85.2133,9.9717],[-85.2129,9.9719],[-85.2126,9.9721],[-85.2116,9.9719],[-85.211,9.9719],[-85.21,9.9715],[-85.2087,9.9714],[-85.2082,9.9714],[-85.2072,9.9706],[-85.2068,9.9704],[-85.2064,9.9707],[-85.2061,9.9708],[-85.2056,9.9707],[-85.2051,9.9708],[-85.2047,9.9709],[-85.2038,9.9703],[-85.2037,9.9694],[-85.2036,9.9692],[-85.2032,9.9692],[-85.2017,9.9695],[-85.2014,9.9695],[-85.201,9.9699],[-85.2007,9.97],[-85.2006,9.9703],[-85.2004,9.9705],[-85.2001,9.9705],[-85.1989,9.971],[-85.1985,9.9706],[-85.1957,9.9689],[-85.1946,9.9692],[-85.1941,9.9691],[-85.1936,9.9694],[-85.1932,9.9698],[-85.1929,9.97],[-85.1927,9.97],[-85.1923,9.9699],[-85.1918,9.9698],[-85.1914,9.9701],[-85.1908,9.9707],[-85.1894,9.9698],[-85.1888,9.9698],[-85.1884,9.97],[-85.1882,9.9705],[-85.1881,9.9707],[-85.1869,9.9711],[-85.1866,9.9706],[-85.1864,9.9704],[-85.1862,9.9702],[-85.1859,9.9716],[-85.185,9.9716],[-85.1847,9.9719],[-85.1845,9.9722],[-85.1842,9.9724],[-85.1838,9.9721],[-85.1835,9.972],[-85.1834,9.9723],[-85.1831,9.9729],[-85.1828,9.9731],[-85.1817,9.9729],[-85.1813,9.973],[-85.1811,9.9733],[-85.1813,9.9751],[-85.1803,9.9758],[-85.1802,9.976],[-85.1803,9.9761],[-85.1806,9.9761],[-85.181,9.9761],[-85.1812,9.9765],[-85.1807,9.9767],[-85.1774,9.9775],[-85.1717,9.9798],[-85.1712,9.9799],[-85.1704,9.9807],[-85.1696,9.981],[-85.1683,9.9808],[-85.1654,9.9844],[-85.1647,9.9852],[-85.1643,9.9851],[-85.1634,9.9856],[-85.1636,9.9867],[-85.1622,9.9873],[-85.1614,9.9875],[-85.1611,9.9876],[-85.161,9.9878],[-85.161,9.988],[-85.1614,9.9883],[-85.1616,9.9885],[-85.1615,9.9889],[-85.162,9.9902],[-85.1621,9.9906],[-85.162,9.991],[-85.1617,9.9918],[-85.1616,9.9928],[-85.1614,9.9947],[-85.1616,9.9958],[-85.1632,9.9967],[-85.1638,9.9971],[-85.1641,9.9976],[-85.1642,9.998],[-85.1642,9.9986],[-85.1648,9.9997],[-85.1655,10.0003],[-85.1657,10.0009],[-85.1658,10.0012],[-85.1665,10.0015],[-85.1667,10.0018],[-85.1668,10.0025],[-85.1678,10.0042],[-85.1684,10.0043],[-85.1688,10.0045],[-85.1688,10.0048],[-85.1689,10.0049],[-85.1687,10.0051],[-85.1685,10.0054],[-85.1693,10.0066],[-85.1691,10.007],[-85.1687,10.0078],[-85.1701,10.0087],[-85.1704,10.0096],[-85.1701,10.0098],[-85.1694,10.0105],[-85.1689,10.0109],[-85.1685,10.0113],[-85.1676,10.0114],[-85.1661,10.0115],[-85.1656,10.0126],[-85.1653,10.0132],[-85.1643,10.0146],[-85.1635,10.0159],[-85.1633,10.0161],[-85.1638,10.0202],[-85.169,10.0221],[-85.169,10.0341],[-85.1671,10.0377],[-85.1616,10.0348],[-85.1597,10.0309],[-85.1541,10.0318],[-85.1499,10.0408],[-85.1525,10.0493],[-85.1589,10.0473],[-85.1698,10.0462],[-85.1789,10.0524],[-85.1838,10.0649],[-85.1873,10.0663],[-85.1905,10.0643]]]},"properties":{"Provincia":"GUANACASTE","Canton":"NANDAYURE","Codigo":"509"}},
{"type":"Feature","geometry":{"type":"Polygon","coordinates":[[[-85.8592,10.8474],[-85.8618,10.8481],[-85.8723,10.8437],[-85.8693,10.8411],[-85.8591,10.8446],[-85.8592,10.8474]]]},"properties":{"Provincia":"GUANACASTE","Canton":"LA CRUZ","Codigo":"510"}},
{"type":"Feature","geometry":{"type":"Polygon","coordinates":[[[-85.3233,10.0366],[-85.3247,10.0365],[-85.3259,10.0365],[-85.3267,10.0366],[-85.3275,10.0365],[-85.3282,10.0362],[-85.3288,10.036],[-85.3295,10.0358],[-85.3302,10.0358],[-85.3307,10.0359],[-85.3311,10.0363],[-85.3314,10.0368],[-85.3321,10.0375],[-85.3325,10.0381],[-85.3335,10.0386],[-85.3344,10.0393],[-85.3356,10.0399],[-85.3368,10.0401],[-85.3374,10.0401],[-85.3382,10.0398],[-85.3394,10.0391],[-85.3396,10.039],[-85.3397,10.0389],[-85.3397,10.0434],[-85.3546,10.0457],[-85.3687,10.0466],[-85.3746,10.0532],[-85.3772,10.0574],[-85.3806,10.0617],[-85.3894,10.0677],[-85.3885,10.0684],[-85.3881,10.0687],[-85.3869,10.069],[-85.3861,10.0692],[-85.3856,10.0694],[-85.3843,10.0705],[-85.3831,10.0711],[-85.3823,10.0713],[-85.381,10.0713],[-85.3799,10.0712],[-85.3793,10.0713],[-85.3787,10.0718],[-85.3787,10.0723],[-85.3787,10.0724],[-85.379,10.0725],[-85.3797,10.0727],[-85.3803,10.0727],[-85.3808,10.0729],[-85.3811,10.0734],[-85.3815,10.0737],[-85.3817,10.074],[-85.3817,10.0746],[-85.3816,10.0753],[-85.3819,10.0759],[-85.3824,10.0765],[-85.383,10.0767],[-85.383,10.0768],[-85.3828,10.0771],[-85.3827,10.0774],[-85.383,10.0776],[-85.3834,10.0776],[-85.3838,10.0779],[-85.3845,10.0781],[-85.3847,10.0782],[-85.385,10.0788],[-85.3857,10.079],[-85.3859,10.079],[-85.3865,10.0786],[-85.3877,10.0782],[-85.3878,10.0782],[-85.3919,10.0828],[-85.3923,10.0833],[-85.3904,10.0832],[-85.3888,10.0833],[-85.3877,10.0839],[-85.3865,10.0844],[-85.3861,10.0848],[-85.3853,10.086],[-85.3852,10.086],[-85.3852,10.0861],[-85.3922,10.0927],[-85.3974,10.0926],[-85.4025,10.0973],[-85.4031,10.0971],[-85.4039,10.0969],[-85.4049,10.097],[-85.4059,10.0972],[-85.4068,10.0971],[-85.4075,10.0971],[-85.4083,10.0973],[-85.409,10.0972],[-85.4094,10.0973],[-85.4099,10.0977],[-85.4104,10.0978],[-85.4111,10.0982],[-85.4116,10.0984],[-85.412,10.0983],[-85.4122,10.0982],[-85.413,10.0984],[-85.4138,10.0984],[-85.4141,10.0985],[-85.4144,10.0988],[-85.415,10.0987],[-85.416,10.0982],[-85.4165,10.0978],[-85.4173,10.0977],[-85.4178,10.0973],[-85.4184,10.0965],[-85.4189,10.0964],[-85.4192,10.0964],[-85.4198,10.0968],[-85.4204,10.0978],[-85.4204,10.0981],[-85.4205,10.0988],[-85.4211,10.0995],[-85.4216,10.0997],[-85.4218,10.0999],[-85.422,10.1005],[-85.4227,10.1006],[-85.4235,10.1007],[-85.4246,10.1004],[-85.4258,10.0997],[-85.4267,10.0988],[-85.4274,10.098],[-85.4284,10.0972],[-85.4291,10.0965],[-85.4296,10.0955],[-85.4308,10.0948],[-85.4318,10.0939],[-85.433,10.0934],[-85.4338,10.0932],[-85.4346,10.093],[-85.436,10.0921],[-85.4397,10.0905],[-85.4415,10.0898],[-85.4425,10.0895],[-85.4435,10.0892],[-85.4445,10.0887],[-85.4455,10.088],[-85.4467,10.0866],[-85.4477,10.0854],[-85.4483,10.0849],[-85.4489,10.0848],[-85.4516,10.08],[-85.4506,10.0771],[-85.4511,10.072],[-85.4479,10.071],[-85.4473,10.0693],[-85.4475,10.068],[-85.4477,10.0664],[-85.4476,10.0652],[-85.4475,10.0645],[-85.4486,10.0629],[-85.4506,10.0612],[-85.4521,10.0598],[-85.4527,10.0591],[-85.4529,10.0584],[-85.4529,10.0579],[-85.4525,10.0574],[-85.4524,10.0567],[-85.4525,10.0562],[-85.4529,10.0559],[-85.4537,10.0557],[-85.4541,10.0557],[-85.4549,10.0558],[-85.4555,10.0561],[-85.4559,10.0561],[-85.4565,10.0559],[-85.4575,10.0553],[-85.4579,10.055],[-85.4582,10.0547],[-85.4592,10.0543],[-85.4595,10.054],[-85.46,10.0524],[-85.4604,10.0504],[-85.4609,10.0494],[-85.4623,10.0481],[-85.4628,10.0475],[-85.4632,10.0471],[-85.4633,10.0463],[-85.4634,10.0453],[-85.4634,10.0448],[-85.4636,10.0442],[-85.4642,10.0432],[-85.4649,10.0413],[-85.4643,10.0406],[-85.4641,10.039],[-85.464,10.0382],[-85.4647,10.0363],[-85.4656,10.0347],[-85.467,10.0334],[-85.4677,10.0322],[-85.469,10.0314],[-85.4694,10.0303],[-85.4703,10.029],[-85.4723,10.0271],[-85.4729,10.0253],[-85.4733,10.0231],[-85.4737,10.0221],[-85.4741,10.0211],[-85.4745,10.0205],[-85.4745,10.0194],[-85.4737,10.0183],[-85.4731,10.0169],[-85.4722,10.0159],[-85.4711,10.014],[-85.4706,10.0122],[-85.47,10.0096],[-85.4711,10.0067],[-85.4712,10.0063],[-85.4711,10.0055],[-85.4709,10.005],[-85.4701,10.004],[-85.4698,10.0032],[-85.4697,10.0025],[-85.4697,10.0019],[-85.4702,10.0005],[-85.4705,9.9997],[-85.4704,9.999],[-85.4702,9.9986],[-85.4688,9.9963],[-85.4692,9.9962],[-85.4698,9.9958],[-85.4703,9.9956],[-85.4706,9.9955],[-85.471,9.9954],[-85.4716,9.9952],[-85.472,9.9949],[-85.4724,9.9945],[-85.4727,9.9939],[-85.4729,9.9937],[-85.473,9.9935],[-85.4732,9.9931],[-85.4733,9.9927],[-85.4732,9.9918],[-85.4735,9.9911],[-85.4738,9.9906],[-85.4738,9.9902],[-85.4737,9.9894],[-85.4732,9.9887],[-85.4729,9.9882],[-85.4729,9.9881],[-85.473,9.9872],[-85.473,9.9867],[-85.4731,9.9865],[-85.4733,9.9862],[-85.4738,9.9856],[-85.4742,9.9852],[-85.4744,9.985],[-85.4745,9.9846],[-85.4744,9.9842],[-85.4741,9.9836],[-85.4739,9.983],[-85.474,9.9825],[-85.4731,9.9816],[-85.4724,9.981],[-85.4717,9.9808],[-85.4707,9.9802],[-85.4702,9.98],[-85.4697,9.9795],[-85.4696,9.979],[-85.4697,9.9781],[-85.4695,9.9773],[-85.4691,9.977],[-85.469,9.9767],[-85.4691,9.9764],[-85.469,9.9761],[-85.4688,9.9758],[-85.4677,9.9748],[-85.4673,9.9743],[-85.4672,9.974],[-85.4668,9.9734],[-85.4664,9.9727],[-85.4663,9.9725],[-85.466,9.9721],[-85.4659,9.9716],[-85.4657,9.9711],[-85.4652,9.9709],[-85.4648,9.9708],[-85.4645,9.9707],[-85.4644,9.9703],[-85.4642,9.9695],[-85.4636,9.9687],[-85.4628,9.9677],[-85.4624,9.9673],[-85.4624,9.967],[-85.4625,9.9665],[-85.4626,9.9658],[-85.4629,9.9649],[-85.4632,9.9647],[-85.4635,9.9643],[-85.4638,9.9641],[-85.464,9.9636],[-85.4641,9.9633],[-85.4641,9.9624],[-85.4641,9.9616],[-85.4641,9.9605],[-85.4642,9.9601],[-85.4642,9.9598],[-85.4643,9.9595],[-85.4642,9.9591],[-85.464,9.9587],[-85.4638,9.9584],[-85.4637,9.9582],[-85.4638,9.958],[-85.4641,9.9577],[-85.4644,9.9574],[-85.4645,9.9572],[-85.465,9.9566],[-85.4651,9.9562],[-85.4653,9.9555],[-85.4653,9.955],[-85.4658,9.9546],[-85.4652,9.9541],[-85.4644,9.9531],[-85.4637,9.9527],[-85.463,9.952],[-85.4625,9.9518],[-85.4619,9.9517],[-85.4615,9.9517],[-85.4613,9.9516],[-85.4611,9.9514],[-85.4606,9.9508],[-85.4605,9.9505],[-85.4606,9.9496],[-85.4608,9.9491],[-85.4609,9.9487],[-85.4614,9.9483],[-85.462,9.9477],[-85.4625,9.9472],[-85.4625,9.9469],[-85.4625,9.9458],[-85.4625,9.9454],[-85.4627,9.945],[-85.4635,9.9448],[-85.4642,9.9445],[-85.4653,9.944],[-85.4655,9.944],[-85.466,9.9439],[-85.4667,9.9437],[-85.4669,9.9436],[-85.4668,9.9428],[-85.4668,9.9421],[-85.4673,9.9416],[-85.4675,9.9413],[-85.4676,9.941],[-85.4675,9.9406],[-85.4674,9.94],[-85.4676,9.9391],[-85.4673,9.9383],[-85.4676,9.9373],[-85.4675,9.9368],[-85.4669,9.9362],[-85.4669,9.9356],[-85.4671,9.9343],[-85.4671,9.9335],[-85.4673,9.9328],[-85.4675,9.9318],[-85.4678,9.9313],[-85.4682,9.9309],[-85.4686,9.9307],[-85.469,9.9304],[-85.4692,9.9302],[-85.4693,9.9297],[-85.4697,9.9293],[-85.4702,9.9291],[-85.4705,9.9289],[-85.4709,9.9285],[-85.4712,9.9281],[-85.4716,9.9275],[-85.4725,9.9264],[-85.473,9.926],[-85.4735,9.9254],[-85.4737,9.9247],[-85.4737,9.9235],[-85.4737,9.9225],[-85.4733,9.9218],[-85.4729,9.9214],[-85.4725,9.9208],[-85.4723,9.92],[-85.4718,9.9189],[-85.4709,9.918],[-85.4702,9.9176],[-85.4693,9.9175],[-85.4683,9.9173],[-85.4675,9.9168],[-85.4671,9.9163],[-85.4667,9.9156],[-85.4664,9.9146],[-85.4658,9.9137],[-85.4655,9.9131],[-85.4661,9.9127],[-85.4666,9.9121],[-85.467,9.9112],[-85.4674,9.9103],[-85.4674,9.9098],[-85.4672,9.9088],[-85.4667,9.9081],[-85.4665,9.9073],[-85.4664,9.9065],[-85.4659,9.9061],[-85.4651,9.9053],[-85.4645,9.9046],[-85.4642,9.9041],[-85.4641,9.9038],[-85.4642,9.9035],[-85.4641,9.9032],[-85.4639,9.9025],[-85.4637,9.902],[-85.4638,9.9018],[-85.4643,9.9014],[-85.4645,9.9011],[-85.4647,9.9008],[-85.4647,9.9006],[-85.4647,9.9002],[-85.4647,9.9],[-85.4647,9.8998],[-85.4647,9.8995],[-85.4651,9.8994],[-85.4655,9.8995],[-85.4659,9.8994],[-85.4664,9.8993],[-85.4667,9.8992],[-85.4669,9.8989],[-85.4676,9.8981],[-85.4679,9.8977],[-85.4681,9.897],[-85.4684,9.8964],[-85.4686,9.896],[-85.4686,9.8957],[-85.4686,9.8943],[-85.4687,9.8936],[-85.4689,9.8931],[-85.4694,9.892],[-85.4698,9.8915],[-85.4706,9.8914],[-85.4714,9.8912],[-85.472,9.891],[-85.4726,9.8906],[-85.4729,9.8902],[-85.473,9.8898],[-85.4731,9.8895],[-85.4732,9.8892],[-85.4734,9.889],[-85.4737,9.8889],[-85.4742,9.8888],[-85.4743,9.8886],[-85.4743,9.8876],[-85.4745,9.8858],[-85.4749,9.8856],[-85.4756,9.8856],[-85.4764,9.8859],[-85.4775,9.8864],[-85.478,9.8865],[-85.4785,9.8867],[-85.4787,9.8871],[-85.4792,9.8878],[-85.4794,9.888],[-85.4798,9.8882],[-85.4807,9.8885],[-85.4816,9.8886],[-85.4822,9.8887],[-85.4831,9.8888],[-85.4842,9.8889],[-85.4847,9.8888],[-85.4851,9.8888],[-85.4858,9.8888],[-85.4863,9.8886],[-85.4866,9.8883],[-85.4867,9.888],[-85.487,9.8875],[-85.4874,9.8871],[-85.4875,9.8868],[-85.4873,9.8858],[-85.4876,9.8854],[-85.4877,9.8849],[-85.4876,9.8844],[-85.4878,9.8839],[-85.488,9.8834],[-85.4878,9.8828],[-85.4872,9.8824],[-85.4871,9.8823],[-85.4874,9.882],[-85.4875,9.8817],[-85.4873,9.8815],[-85.4874,9.8813],[-85.4876,9.881],[-85.4879,9.8807],[-85.4884,9.8805],[-85.4887,9.8805],[-85.4889,9.8804],[-85.4891,9.8801],[-85.4893,9.8797],[-85.4896,9.8796],[-85.4899,9.8795],[-85.4903,9.8795],[-85.4907,9.8796],[-85.491,9.8797],[-85.4914,9.8797],[-85.4921,9.8796],[-85.4924,9.8794],[-85.4925,9.8793],[-85.4925,9.8791],[-85.4924,9.8786],[-85.4924,9.8782],[-85.4926,9.878],[-85.493,9.8778],[-85.4937,9.8777],[-85.494,9.8775],[-85.4946,9.8771],[-85.4954,9.8769],[-85.4956,9.8767],[-85.4956,9.8762],[-85.4955,9.8755],[-85.4957,9.8748],[-85.4958,9.8745],[-85.4958,9.8739],[-85.4959,9.8734],[-85.4959,9.8729],[-85.4961,9.8726],[-85.4961,9.8723],[-85.4958,9.872],[-85.4951,9.8717],[-85.4949,9.8716],[-85.4946,9.8716],[-85.4944,9.8717],[-85.4942,9.8717],[-85.494,9.8717],[-85.4936,9.8714],[-85.4886,9.8709],[-85.4841,9.8674],[-85.4833,9.8631],[-85.4864,9.8593],[-85.4799,9.8574],[-85.47,9.8525],[-85.4635,9.8507],[-85.4608,9.8585],[-85.4533,9.862],[-85.4547,9.8641],[-85.4532,9.8731],[-85.4471,9.8791],[-85.4449,9.8851],[-85.4387,9.8842],[-85.4364,9.8889],[-85.439,9.8926],[-85.4374,9.8965],[-85.4306,9.897],[-85.4308,9.904],[-85.4252,9.9077],[-85.4217,9.9117],[-85.4147,9.9092],[-85.4093,9.912],[-85.4058,9.9088],[-85.3989,9.9125],[-85.3911,9.909],[-85.3831,9.9122],[-85.3757,9.9102],[-85.3714,9.9121],[-85.3686,9.918],[-85.3641,9.9221],[-85.3587,9.9229],[-85.3498,9.9311],[-85.3427,9.9335],[-85.3387,9.9379],[-85.3394,9.9426],[-85.3497,9.944],[-85.3554,9.948],[-85.354,9.9524],[-85.3574,9.9618],[-85.3615,9.9647],[-85.3569,9.9732],[-85.3484,9.9803],[-85.3479,9.9868],[-85.3502,9.99],[-85.3514,9.9961],[-85.3571,9.9984],[-85.3663,9.995],[-85.3764,10.001],[-85.3763,10.004],[-85.3715,10.0048],[-85.3694,10.0084],[-85.3653,10.0102],[-85.355,10.0091],[-85.35,10.0066],[-85.3425,10.0056],[-85.3358,10.0093],[-85.3332,10.0055],[-85.3274,10.0061],[-85.3262,10.0136],[-85.3239,10.0174],[-85.3255,10.0266],[-85.3233,10.0366]]]},"properties":{"Codigo":"511","Canton":"HOJANCHA","Provincia":"GUANACASTE"}},
{"type":"Feature","geometry":{"type":"MultiPolygon","coordinates":[]},"properties":{"Codigo":"601","Canton":"PUNTARENAS","Provincia":"PUNTARENAS"}},
{"type":"Feature","geometry":{"type":"Polygon","coordinates":[[[-84.6651,10.1224],[-84.6683,10.1199],[-84.6753,10.1228],[-84.6822,10.1278],[-84.686,10.1277],[-84.6865,10.1179],[-84.6842,10.1143],[-84.6831,10.1078],[-84.677,10.1064],[-84.678,10.0981],[-84.6806,10.0911],[-84.6789,10.0876],[-84.6775,10.0737],[-84.6745,10.0706],[-84.674,10.0654],[-84.67,10.0597],[-84.6656,10.0578],[-84.6673,10.0522],[-84.6776,10.0502],[-84.6921,10.0423],[-84.6922,10.0377],[-84.6865,10.034],[-84.6797,10.0335],[-84.6753,10.0354],[-84.6696,10.0353],[-84.6622,10.0304],[-84.6622,10.0208],[-84.6649,10.0183],[-84.6673,10.0093],[-84.6721,10.0067],[-84.6759,10.0086],[-84.6824,10.0065],[-84.6834,10.0028],[-84.6941,9.9997],[-84.6947,9.9943],[-84.6968,9.992],[-84.7048,9.992],[-84.7105,9.9845],[-84.7142,9.983],[-84.7188,9.9744],[-84.7186,9.97],[-84.7269,9.9635],[-84.7388,9.9588],[-84.741,9.952],[-84.7402,9.9489],[-84.7357,9.945],[-84.7355,9.9406],[-84.7285,9.9369],[-84.7172,9.9271],[-84.7125,9.9176],[-84.7146,9.9127],[-84.7225,9.9068],[-84.7263,9.8997],[-84.7294,9.9002],[-84.7291,9.8912],[-84.7229,9.8873],[-84.7227,9.8848],[-84.7142,9.8805],[-84.7053,9.8744],[-84.6958,9.8639],[-84.6958,9.8646],[-84.6958,9.8653],[-84.6953,9.8658],[-84.6944,9.866],[-84.6934,9.8653],[-84.6928,9.865],[-84.6922,9.865],[-84.6917,9.8653],[-84.6913,9.8663],[-84.6915,9.8673],[-84.6915,9.8684],[-84.6912,9.8694],[-84.6907,9.8701],[-84.6902,9.8704],[-84.6894,9.8705],[-84.6889,9.8703],[-84.6881,9.8699],[-84.6878,9.8698],[-84.6875,9.87],[-84.6873,9.8703],[-84.6871,9.8709],[-84.6868,9.8712],[-84.686,9.8712],[-84.6854,9.8705],[-84.6852,9.8702],[-84.6848,9.8702],[-84.6845,9.8703],[-84.6839,9.8709],[-84.6824,9.8727],[-84.6814,9.8736],[-84.6809,9.8742],[-84.6809,9.8747],[-84.679,9.88],[-84.6822,9.8856],[-84.6873,9.8876],[-84.684,9.8937],[-84.6843,9.8969],[-84.6891,9.9031],[-84.6872,9.907],[-84.6822,9.9091],[-84.6796,9.907],[-84.6712,9.9118],[-84.6713,9.9147],[-84.6674,9.9175],[-84.6678,9.9223],[-84.6604,9.9255],[-84.656,9.9337],[-84.6525,9.9358],[-84.6529,9.9397],[-84.6495,9.9444],[-84.6406,9.9401],[-84.6327,9.9501],[-84.6304,9.9492],[-84.6242,9.9512],[-84.6151,9.9522],[-84.6151,9.9571],[-84.611,9.9561],[-84.6069,9.9603],[-84.6059,9.965],[-84.5984,9.9716],[-84.5921,9.9722],[-84.5884,9.9783],[-84.5775,9.9831],[-84.571,9.9868],[-84.5704,9.9828],[-84.5669,9.9815],[-84.5626,9.984],[-84.5533,9.9861],[-84.5539,9.9932],[-84.5566,9.9961],[-84.5565,10.0044],[-84.5595,10.0063],[-84.5609,10.0128],[-84.5641,10.016],[-84.5628,10.0229],[-84.5632,10.0292],[-84.5659,10.029],[-84.5665,10.0214],[-84.5735,10.02],[-84.5787,10.0253],[-84.5837,10.0277],[-84.5927,10.0351],[-84.6001,10.0374],[-84.6026,10.044],[-84.6094,10.0461],[-84.6178,10.0438],[-84.6246,10.0476],[-84.628,10.0569],[-84.6286,10.0635],[-84.6319,10.0683],[-84.6313,10.0706],[-84.6376,10.0774],[-84.6438,10.0808],[-84.6457,10.0863],[-84.648,10.0871],[-84.6481,10.0945],[-84.6536,10.1013],[-84.6572,10.1092],[-84.6602,10.1113],[-84.6614,10.1172],[-84.6651,10.1224]]]},"properties":{"Codigo":"602","Provincia":"PUNTARENAS","Canton":"ESPARZA"}},
{"type":"Feature","geometry":{"type":"Polygon","coordinates":[[[-82.971,9.0966],[-82.9717,9.0967],[-82.9725,9.0963],[-82.9733,9.0956],[-82.9744,9.0947],[-82.975,9.0944],[-82.9759,9.0943],[-82.9766,9.0946],[-82.9772,9.095],[-82.9779,9.0959],[-82.9784,9.0971],[-82.9786,9.098],[-82.9785,9.0992],[-82.9784,9.1008],[-82.9784,9.1023],[-82.9786,9.1033],[-82.9792,9.104],[-82.9805,9.1051],[-82.9812,9.1058],[-82.9814,9.1064],[-82.9813,9.1077],[-82.9811,9.1094],[-82.9811,9.1116],[-82.9813,9.113],[-82.9823,9.1143],[-82.9835,9.1151],[-82.9846,9.1154],[-82.9875,9.1158],[-82.9884,9.1159],[-82.989,9.1162],[-82.9895,9.1167],[-82.9896,9.1172],[-82.9894,9.118],[-82.9889,9.1189],[-82.9877,9.1204],[-82.9873,9.1212],[-82.9869,9.1233],[-82.9874,9.1244],[-82.9886,9.1249],[-82.9902,9.1253],[-82.9917,9.1258],[-82.9936,9.126],[-82.9949,9.1261],[-82.9959,9.1263],[-82.9965,9.1267],[-82.9966,9.127],[-82.9966,9.1275],[-82.9965,9.1276],[-82.9963,9.1278],[-82.9955,9.1283],[-82.9949,9.1292],[-82.9947,9.1306],[-82.9946,9.1319],[-82.9934,9.1337],[-82.9928,9.1347],[-82.9927,9.1357],[-82.9927,9.1376],[-82.9931,9.1387],[-82.994,9.14],[-82.994,9.1405],[-82.9939,9.142],[-82.9941,9.1425],[-82.995,9.143],[-82.9959,9.1435],[-82.996,9.1439],[-82.996,9.1444],[-82.9955,9.1452],[-82.9946,9.1464],[-82.9939,9.1473],[-82.9936,9.1481],[-82.9934,9.1495],[-82.9932,9.1503],[-82.9924,9.1514],[-82.9915,9.1528],[-82.9914,9.1536],[-82.9916,9.1546],[-82.9923,9.1553],[-82.9933,9.1556],[-82.9945,9.1559],[-82.9953,9.1565],[-82.9956,9.157],[-82.9959,9.1579],[-82.9965,9.1584],[-82.9969,9.1586],[-82.9974,9.1587],[-82.9981,9.1587],[-82.9988,9.1576],[-82.9994,9.1573],[-83.0004,9.1569],[-83.0018,9.1563],[-83.0028,9.1559],[-83.0039,9.1559],[-83.0049,9.156],[-83.0061,9.156],[-83.0074,9.1559],[-83.0086,9.1567],[-83.0101,9.1574],[-83.0113,9.1575],[-83.0124,9.1576],[-83.0143,9.1578],[-83.0155,9.1586],[-83.016,9.1589],[-83.0167,9.1589],[-83.0174,9.1587],[-83.0182,9.1584],[-83.0187,9.1582],[-83.0195,9.1583],[-83.0208,9.1587],[-83.0218,9.1593],[-83.0231,9.1594],[-83.0264,9.1598],[-83.0284,9.1603],[-83.0305,9.161],[-83.032,9.1613],[-83.0332,9.1617],[-83.0343,9.1617],[-83.0358,9.1615],[-83.0368,9.1609],[-83.037,9.1608],[-83.038,9.16],[-83.0387,9.16],[-83.0393,9.1607],[-83.0405,9.1615],[-83.0412,9.1614],[-83.0422,9.1608],[-83.0436,9.1599],[-83.0447,9.16],[-83.0459,9.1603],[-83.0465,9.1615],[-83.0468,9.1621],[-83.0469,9.1622],[-83.0478,9.1627],[-83.0494,9.1634],[-83.051,9.1644],[-83.0522,9.1653],[-83.0538,9.166],[-83.0542,9.1664],[-83.0546,9.167],[-83.0551,9.1674],[-83.0557,9.1676],[-83.0562,9.1678],[-83.0567,9.1683],[-83.057,9.1685],[-83.0576,9.1692],[-83.058,9.1701],[-83.0583,9.1708],[-83.0585,9.1713],[-83.0588,9.1714],[-83.0593,9.1718],[-83.06,9.1721],[-83.061,9.1726],[-83.0618,9.1731],[-83.0621,9.1734],[-83.0626,9.1739],[-83.0628,9.1744],[-83.063,9.1748],[-83.0635,9.1754],[-83.0639,9.1759],[-83.0645,9.1763],[-83.065,9.1769],[-83.0652,9.1773],[-83.0654,9.1779],[-83.0655,9.1784],[-83.0655,9.1788],[-83.0655,9.1794],[-83.0655,9.18],[-83.0657,9.1807],[-83.0659,9.1809],[-83.0661,9.1813],[-83.0665,9.1818],[-83.0668,9.1823],[-83.0672,9.1828],[-83.0673,9.183],[-83.0674,9.1835],[-83.0674,9.184],[-83.0673,9.1853],[-83.0672,9.1862],[-83.0671,9.1872],[-83.0671,9.188],[-83.0671,9.1887],[-83.067,9.1894],[-83.0668,9.1898],[-83.0666,9.19],[-83.0663,9.1903],[-83.066,9.1905],[-83.0658,9.1906],[-83.0653,9.1908],[-83.065,9.1909],[-83.0644,9.191],[-83.0639,9.191],[-83.063,9.191],[-83.0625,9.1911],[-83.0619,9.1913],[-83.0617,9.1915],[-83.061,9.1918],[-83.0599,9.1925],[-83.0592,9.193],[-83.0585,9.1935],[-83.0578,9.194],[-83.0572,9.1947],[-83.057,9.195],[-83.0569,9.1952],[-83.0569,9.1953],[-83.0569,9.1956],[-83.0569,9.1961],[-83.0571,9.1968],[-83.0571,9.1973],[-83.0571,9.198],[-83.057,9.1984],[-83.0569,9.1992],[-83.0568,9.1996],[-83.0568,9.2],[-83.0569,9.2005],[-83.0571,9.201],[-83.0573,9.2014],[-83.0576,9.2017],[-83.0583,9.2021],[-83.0591,9.2022],[-83.0601,9.2023],[-83.0604,9.2026],[-83.0606,9.2029],[-83.061,9.2033],[-83.0616,9.2036],[-83.0624,9.204],[-83.0629,9.2043],[-83.0634,9.2049],[-83.0637,9.2055],[-83.0639,9.2059],[-83.0642,9.2064],[-83.0645,9.2069],[-83.0655,9.2084],[-83.0658,9.2089],[-83.0662,9.2095],[-83.0666,9.2101],[-83.0669,9.2106],[-83.0673,9.2109],[-83.0678,9.2111],[-83.0682,9.2112],[-83.0687,9.2115],[-83.0692,9.2117],[-83.0695,9.2118],[-83.0698,9.2119],[-83.0702,9.212],[-83.0706,9.2124],[-83.0707,9.2127],[-83.0709,9.2132],[-83.0711,9.2134],[-83.0714,9.2136],[-83.0719,9.2139],[-83.0723,9.2142],[-83.0724,9.2145],[-83.0725,9.2149],[-83.0726,9.2154],[-83.0726,9.2158],[-83.0727,9.2161],[-83.073,9.2164],[-83.0733,9.2167],[-83.0736,9.2168],[-83.0742,9.217],[-83.0749,9.2172],[-83.0754,9.2175],[-83.0755,9.2177],[-83.0757,9.2183],[-83.0759,9.2186],[-83.0762,9.2192],[-83.0765,9.2196],[-83.0768,9.22],[-83.0768,9.2204],[-83.0767,9.2208],[-83.0765,9.2214],[-83.0764,9.2218],[-83.0762,9.2225],[-83.076,9.2229],[-83.0759,9.2236],[-83.0758,9.224],[-83.0759,9.2244],[-83.076,9.2248],[-83.0762,9.2253],[-83.0767,9.2261],[-83.077,9.2264],[-83.0774,9.2268],[-83.078,9.2272],[-83.0784,9.2276],[-83.0787,9.2279],[-83.0789,9.2282],[-83.0791,9.2285],[-83.0792,9.2288],[-83.0792,9.2291],[-83.0792,9.2293],[-83.0792,9.2297],[-83.079,9.2301],[-83.0789,9.2303],[-83.0787,9.2308],[-83.0787,9.2311],[-83.0786,9.2314],[-83.0787,9.2318],[-83.0789,9.2323],[-83.0791,9.2326],[-83.0795,9.2331],[-83.0797,9.2334],[-83.0797,9.2338],[-83.0797,9.234],[-83.0795,9.2343],[-83.0793,9.2345],[-83.0789,9.2345],[-83.0786,9.2347],[-83.0781,9.2351],[-83.0775,9.2356],[-83.077,9.236],[-83.0766,9.2363],[-83.0764,9.2363],[-83.0755,9.2363],[-83.075,9.2363],[-83.074,9.2364],[-83.0737,9.2365],[-83.0735,9.2366],[-83.0733,9.2368],[-83.0733,9.2371],[-83.0734,9.2376],[-83.0734,9.2381],[-83.0734,9.2386],[-83.0733,9.2391],[-83.0729,9.2397],[-83.0725,9.2403],[-83.0722,9.2411],[-83.0719,9.2415],[-83.0717,9.2422],[-83.0717,9.2425],[-83.0717,9.2427],[-83.0717,9.243],[-83.0721,9.244],[-83.0725,9.2449],[-83.0729,9.246],[-83.0728,9.2467],[-83.0731,9.2479],[-83.0731,9.249],[-83.0731,9.2495],[-83.0732,9.2497],[-83.0733,9.2499],[-83.0739,9.2502],[-83.0748,9.2506],[-83.076,9.2514],[-83.0771,9.252],[-83.0781,9.2524],[-83.0786,9.2525],[-83.0794,9.253],[-83.08,9.2535],[-83.0806,9.2539],[-83.0811,9.2542],[-83.0817,9.2544],[-83.0822,9.2546],[-83.0828,9.2548],[-83.0834,9.2552],[-83.084,9.2556],[-83.0843,9.2556],[-83.0846,9.2556],[-83.0852,9.2556],[-83.0857,9.2555],[-83.0866,9.2553],[-83.088,9.2548],[-83.0894,9.2543],[-83.0904,9.2541],[-83.0907,9.2539],[-83.0912,9.2538],[-83.0917,9.2538],[-83.0925,9.2539],[-83.0932,9.254],[-83.0939,9.2542],[-83.0946,9.2545],[-83.095,9.2547],[-83.0957,9.2551],[-83.0963,9.2554],[-83.0966,9.2556],[-83.0971,9.256],[-83.0975,9.2561],[-83.0979,9.2562],[-83.0983,9.2563],[-83.0986,9.2566],[-83.0989,9.257],[-83.0995,9.2575],[-83.0996,9.2576],[-83.1001,9.2579],[-83.1007,9.2581],[-83.1013,9.2584],[-83.1018,9.2586],[-83.1021,9.2588],[-83.1024,9.2592],[-83.1025,9.2594],[-83.1025,9.2598],[-83.1025,9.2606],[-83.1023,9.2611],[-83.1021,9.2616],[-83.1021,9.262],[-83.1022,9.2622],[-83.1025,9.2626],[-83.1029,9.263],[-83.1037,9.2636],[-83.104,9.2636],[-83.1046,9.2638],[-83.105,9.264],[-83.1055,9.2642],[-83.1059,9.2642],[-83.1068,9.264],[-83.1074,9.2641],[-83.1079,9.2644],[-83.1082,9.2646],[-83.109,9.2649],[-83.1096,9.265],[-83.1102,9.2654],[-83.1108,9.2661],[-83.1111,9.2665],[-83.1116,9.2672],[-83.1118,9.2674],[-83.112,9.2679],[-83.1122,9.2683],[-83.1125,9.2688],[-83.1127,9.2693],[-83.1128,9.2698],[-83.1129,9.2702],[-83.1129,9.2708],[-83.113,9.2713],[-83.1132,9.2717],[-83.1137,9.2723],[-83.114,9.2725],[-83.1144,9.2728],[-83.1148,9.2731],[-83.1152,9.2734],[-83.1154,9.2737],[-83.1156,9.274],[-83.1158,9.2743],[-83.1161,9.2746],[-83.1166,9.2749],[-83.117,9.2749],[-83.1174,9.2749],[-83.1182,9.2747],[-83.1189,9.2746],[-83.1195,9.2749],[-83.1203,9.2752],[-83.1213,9.2756],[-83.1223,9.2759],[-83.1227,9.276],[-83.1232,9.276],[-83.1239,9.2759],[-83.1244,9.2757],[-83.1248,9.2756],[-83.1256,9.2755],[-83.1259,9.2757],[-83.1266,9.276],[-83.127,9.2762],[-83.1274,9.2763],[-83.128,9.2761],[-83.1289,9.2758],[-83.1299,9.2757],[-83.1308,9.2756],[-83.132,9.2756],[-83.1332,9.2758],[-83.1342,9.2762],[-83.1345,9.2766],[-83.1346,9.277],[-83.1346,9.2773],[-83.1345,9.2778],[-83.1343,9.2783],[-83.1343,9.2788],[-83.1343,9.2792],[-83.1345,9.2797],[-83.1345,9.2801],[-83.1343,9.2808],[-83.1343,9.2815],[-83.1344,9.282],[-83.1347,9.2823],[-83.1352,9.2828],[-83.1357,9.2831],[-83.1365,9.2837],[-83.137,9.2841],[-83.1375,9.2841],[-83.1379,9.2843],[-83.1387,9.2844],[-83.1394,9.2846],[-83.1399,9.2849],[-83.1402,9.2852],[-83.1405,9.2857],[-83.1407,9.2859],[-83.1409,9.2861],[-83.1414,9.2862],[-83.1418,9.2864],[-83.1422,9.2868],[-83.1424,9.2872],[-83.1428,9.2879],[-83.143,9.2883],[-83.1433,9.2887],[-83.1437,9.289],[-83.1443,9.2892],[-83.145,9.2894],[-83.1452,9.2896],[-83.1453,9.2899],[-83.1454,9.2902],[-83.1452,9.2908],[-83.145,9.2912],[-83.1448,9.2917],[-83.1447,9.2922],[-83.1448,9.2924],[-83.1449,9.2926],[-83.1452,9.2927],[-83.1456,9.2928],[-83.1462,9.2929],[-83.1471,9.2931],[-83.1483,9.2936],[-83.1493,9.294],[-83.1506,9.2945],[-83.1515,9.2949],[-83.1518,9.2952],[-83.152,9.2955],[-83.1523,9.296],[-83.1525,9.2967],[-83.1526,9.2973],[-83.1529,9.2977],[-83.1533,9.2981],[-83.1539,9.2986],[-83.1546,9.2992],[-83.155,9.2993],[-83.1555,9.2994],[-83.1562,9.2995],[-83.157,9.2996],[-83.1574,9.3],[-83.1576,9.3003],[-83.1577,9.3004],[-83.1577,9.3006],[-83.1577,9.301],[-83.1575,9.3014],[-83.1572,9.3019],[-83.1571,9.3024],[-83.1571,9.3028],[-83.1572,9.3031],[-83.1573,9.3033],[-83.1576,9.3034],[-83.158,9.3033],[-83.1586,9.3031],[-83.159,9.3032],[-83.1591,9.3034],[-83.1592,9.3038],[-83.1596,9.3045],[-83.16,9.3052],[-83.1605,9.306],[-83.1611,9.3063],[-83.1617,9.3066],[-83.1622,9.3067],[-83.1632,9.3069],[-83.1638,9.3072],[-83.1644,9.3077],[-83.1646,9.3083],[-83.165,9.3096],[-83.1654,9.3106],[-83.1658,9.3116],[-83.166,9.3124],[-83.1663,9.3133],[-83.1665,9.3139],[-83.1671,9.315],[-83.1674,9.3156],[-83.1676,9.3162],[-83.1678,9.317],[-83.1679,9.3178],[-83.1681,9.3186],[-83.1683,9.319],[-83.1685,9.3193],[-83.1687,9.3195],[-83.1691,9.3198],[-83.1697,9.3202],[-83.1703,9.3206],[-83.1711,9.3211],[-83.1717,9.3214],[-83.1726,9.3219],[-83.1734,9.3225],[-83.1737,9.3228],[-83.1743,9.3235],[-83.1749,9.3241],[-83.176,9.3248],[-83.1766,9.3254],[-83.1772,9.3261],[-83.1777,9.3266],[-83.178,9.3268],[-83.1782,9.3269],[-83.1783,9.3269],[-83.1786,9.3269],[-83.1787,9.3269],[-83.1789,9.3268],[-83.1793,9.3266],[-83.18,9.3262],[-83.1806,9.3259],[-83.1816,9.3255],[-83.1824,9.3253],[-83.1835,9.3251],[-83.1844,9.3248],[-83.1849,9.3246],[-83.1857,9.3242],[-83.1864,9.3237],[-83.1873,9.3232],[-83.1881,9.3228],[-83.1885,9.3227],[-83.1892,9.3228],[-83.1898,9.3229],[-83.1905,9.3232],[-83.1911,9.3233],[-83.1919,9.3235],[-83.193,9.3236],[-83.1942,9.3236],[-83.1952,9.3236],[-83.196,9.3236],[-83.1973,9.3236],[-83.198,9.3235],[-83.1984,9.3233],[-83.1988,9.3231],[-83.1993,9.3228],[-83.1998,9.3225],[-83.2002,9.3225],[-83.2008,9.3226],[-83.2014,9.3228],[-83.2018,9.3228],[-83.2023,9.3227],[-83.2027,9.3225],[-83.2033,9.3222],[-83.2038,9.3219],[-83.2045,9.3216],[-83.2054,9.3212],[-83.2063,9.3208],[-83.2068,9.3207],[-83.2076,9.3207],[-83.2084,9.3208],[-83.2092,9.3209],[-83.21,9.3211],[-83.2108,9.3213],[-83.2114,9.3213],[-83.2121,9.3213],[-83.213,9.3212],[-83.2143,9.3208],[-83.2149,9.3206],[-83.2154,9.3205],[-83.2158,9.3202],[-83.2164,9.3201],[-83.2171,9.3201],[-83.2175,9.3202],[-83.2183,9.3202],[-83.22,9.3203],[-83.2208,9.3204],[-83.2216,9.3205],[-83.2218,9.3205],[-83.2221,9.3205],[-83.223,9.3205],[-83.2239,9.3204],[-83.2241,9.3205],[-83.2242,9.3205],[-83.2243,9.3206],[-83.2244,9.3208],[-83.2246,9.3212],[-83.2248,9.3219],[-83.225,9.3224],[-83.2252,9.3226],[-83.2256,9.3228],[-83.2268,9.3236],[-83.2276,9.3242],[-83.228,9.3247],[-83.2283,9.3253],[-83.2285,9.326],[-83.2287,9.3265],[-83.229,9.3268],[-83.2292,9.3269],[-83.2298,9.3269],[-83.2304,9.327],[-83.2309,9.3272],[-83.2314,9.3276],[-83.232,9.328],[-83.2324,9.3283],[-83.2328,9.3286],[-83.2336,9.3287],[-83.2346,9.3289],[-83.2353,9.329],[-83.2358,9.3296],[-83.2362,9.33],[-83.2365,9.3309],[-83.2366,9.3316],[-83.2366,9.332],[-83.2367,9.3324],[-83.237,9.3332],[-83.2374,9.3343],[-83.2379,9.3351],[-83.2389,9.3359],[-83.2392,9.3363],[-83.2394,9.3368],[-83.2398,9.3374],[-83.2401,9.3379],[-83.2406,9.3385],[-83.2409,9.3389],[-83.2416,9.3393],[-83.2419,9.3393],[-83.2427,9.3395],[-83.2436,9.3396],[-83.2444,9.3396],[-83.2454,9.3395],[-83.2459,9.3396],[-83.2462,9.34],[-83.2465,9.3402],[-83.2468,9.3403],[-83.2473,9.3403],[-83.2481,9.3404],[-83.2488,9.3407],[-83.2498,9.341],[-83.2503,9.3411],[-83.2509,9.3411],[-83.2515,9.3411],[-83.2532,9.3409],[-83.2536,9.3409],[-83.2547,9.3409],[-83.2552,9.341],[-83.2562,9.3413],[-83.257,9.3416],[-83.2581,9.3422],[-83.2591,9.343],[-83.26,9.3438],[-83.2609,9.3447],[-83.2619,9.3454],[-83.2625,9.3456],[-83.263,9.3458],[-83.2639,9.3459],[-83.2647,9.346],[-83.2658,9.3463],[-83.2669,9.3468],[-83.268,9.3473],[-83.2687,9.3477],[-83.2692,9.348],[-83.2696,9.3484],[-83.2702,9.3494],[-83.271,9.3505],[-83.2715,9.3517],[-83.2719,9.3523],[-83.2724,9.3526],[-83.2731,9.353],[-83.2739,9.3533],[-83.2747,9.3535],[-83.2751,9.3537],[-83.2762,9.3542],[-83.2774,9.3549],[-83.2783,9.3554],[-83.279,9.3557],[-83.2799,9.3559],[-83.2806,9.3559],[-83.2819,9.3557],[-83.2825,9.3555],[-83.2833,9.3553],[-83.2838,9.3552],[-83.2856,9.3549],[-83.2863,9.3549],[-83.2867,9.355],[-83.2874,9.3553],[-83.2882,9.3559],[-83.2887,9.3568],[-83.2891,9.3579],[-83.2896,9.359],[-83.2898,9.3596],[-83.2899,9.3601],[-83.2899,9.3614],[-83.2901,9.3624],[-83.2904,9.3629],[-83.2909,9.3634],[-83.2915,9.364],[-83.2921,9.3643],[-83.2932,9.3646],[-83.2936,9.3647],[-83.2947,9.3655],[-83.2953,9.3659],[-83.2966,9.3667],[-83.2973,9.3672],[-83.2981,9.3679],[-83.2991,9.3685],[-83.2996,9.3692],[-83.3003,9.3702],[-83.3006,9.3716],[-83.3011,9.3723],[-83.3022,9.3738],[-83.3029,9.3746],[-83.3034,9.375],[-83.3042,9.3754],[-83.3049,9.3756],[-83.3054,9.3757],[-83.3064,9.3761],[-83.3075,9.3769],[-83.3081,9.3774],[-83.3085,9.378],[-83.3088,9.3786],[-83.3093,9.3791],[-83.31,9.3797],[-83.3107,9.3803],[-83.3111,9.3807],[-83.3115,9.3811],[-83.3117,9.3815],[-83.3119,9.3821],[-83.3121,9.3826],[-83.3127,9.383],[-83.3145,9.3833],[-83.3152,9.3834],[-83.3163,9.3837],[-83.3172,9.3838],[-83.3196,9.3841],[-83.3206,9.3842],[-83.3215,9.3842],[-83.3227,9.3841],[-83.3236,9.3838],[-83.3244,9.3837],[-83.325,9.3838],[-83.3256,9.3837],[-83.326,9.3832],[-83.3263,9.3827],[-83.3269,9.3818],[-83.3271,9.3816],[-83.3276,9.3815],[-83.3282,9.3816],[-83.3291,9.3818],[-83.3298,9.382],[-83.3307,9.3821],[-83.3311,9.3823],[-83.3314,9.3828],[-83.3316,9.3831],[-83.332,9.3833],[-83.3323,9.3833],[-83.3325,9.383],[-83.3327,9.3828],[-83.3327,9.3822],[-83.3327,9.3813],[-83.3328,9.3806],[-83.3329,9.3802],[-83.3332,9.3795],[-83.3336,9.3791],[-83.3341,9.3782],[-83.3342,9.3775],[-83.3342,9.3762],[-83.3342,9.3755],[-83.3343,9.3748],[-83.3347,9.3742],[-83.335,9.3739],[-83.3357,9.3736],[-83.3362,9.3736],[-83.3371,9.3735],[-83.3375,9.3731],[-83.3377,9.3729],[-83.3378,9.3724],[-83.3378,9.3718],[-83.3381,9.3713],[-83.3386,9.371],[-83.3392,9.3709],[-83.34,9.3709],[-83.3407,9.371],[-83.3413,9.371],[-83.342,9.3707],[-83.3424,9.3704],[-83.3426,9.3701],[-83.3431,9.3692],[-83.3438,9.3681],[-83.3448,9.3669],[-83.3449,9.3666],[-83.3448,9.3664],[-83.3438,9.3641],[-83.3435,9.3634],[-83.3435,9.363],[-83.3435,9.3626],[-83.3438,9.3621],[-83.3441,9.3614],[-83.3441,9.3611],[-83.3441,9.3608],[-83.344,9.3605],[-83.3439,9.3599],[-83.3438,9.3593],[-83.3439,9.3583],[-83.3445,9.3572],[-83.3449,9.3568],[-83.3455,9.3565],[-83.3472,9.3558],[-83.3477,9.3555],[-83.3483,9.3548],[-83.3486,9.3542],[-83.3491,9.3531],[-83.3512,9.3511],[-83.3515,9.3508],[-83.352,9.3505],[-83.3526,9.3505],[-83.3533,9.3509],[-83.3541,9.3518],[-83.3547,9.3523],[-83.3553,9.3523],[-83.3558,9.3522],[-83.3564,9.3517],[-83.3574,9.3507],[-83.3577,9.3505],[-83.3583,9.3504],[-83.3597,9.3503],[-83.3606,9.35],[-83.3611,9.3497],[-83.3617,9.3488],[-83.362,9.3484],[-83.3629,9.3481],[-83.3639,9.3478],[-83.3648,9.3474],[-83.3653,9.347],[-83.3659,9.3464],[-83.3667,9.3461],[-83.3672,9.3462],[-83.368,9.3465],[-83.3694,9.3472],[-83.3699,9.3473],[-83.3709,9.3472],[-83.3734,9.3471],[-83.3742,9.3472],[-83.3745,9.3473],[-83.375,9.3477],[-83.3754,9.3478],[-83.3758,9.3477],[-83.3764,9.3474],[-83.3774,9.3467],[-83.3783,9.3464],[-83.3795,9.3462],[-83.3806,9.346],[-83.3817,9.346],[-83.3826,9.3462],[-83.3839,9.3464],[-83.385,9.3466],[-83.3857,9.3464],[-83.3864,9.346],[-83.3866,9.3456],[-83.387,9.3452],[-83.3882,9.3445],[-83.3892,9.3436],[-83.3902,9.3431],[-83.3908,9.3431],[-83.3921,9.343],[-83.3929,9.3429],[-83.3939,9.3424],[-83.3949,9.3415],[-83.3955,9.3406],[-83.3963,9.3395],[-83.3974,9.3383],[-83.398,9.3377],[-83.3986,9.3372],[-83.3989,9.3378],[-83.3995,9.3395],[-83.4005,9.3416],[-83.4007,9.3425],[-83.4007,9.3435],[-83.4005,9.3444],[-83.4004,9.3452],[-83.4005,9.3464],[-83.4006,9.3478],[-83.4008,9.3479],[-83.4012,9.3481],[-83.4025,9.348],[-83.4031,9.3482],[-83.4036,9.3485],[-83.4043,9.3497],[-83.405,9.3511],[-83.4052,9.3519],[-83.4055,9.3527],[-83.4059,9.3531],[-83.4069,9.3533],[-83.4076,9.3535],[-83.4085,9.3537],[-83.4091,9.3541],[-83.4099,9.3549],[-83.4106,9.3557],[-83.4117,9.3563],[-83.4128,9.3569],[-83.4136,9.3572],[-83.4148,9.3571],[-83.4151,9.3572],[-83.4155,9.3574],[-83.4158,9.358],[-83.4161,9.3592],[-83.4168,9.36],[-83.417,9.3607],[-83.4176,9.362],[-83.4183,9.3631],[-83.419,9.3636],[-83.4198,9.3643],[-83.4209,9.3652],[-83.4213,9.3655],[-83.4222,9.3663],[-83.4233,9.3669],[-83.4242,9.3671],[-83.4257,9.3673],[-83.4286,9.3673],[-83.4293,9.3673],[-83.4324,9.3633],[-83.4384,9.3595],[-83.4463,9.3497],[-83.4544,9.3435],[-83.4574,9.3304],[-83.4651,9.3212],[-83.4685,9.3148],[-83.4746,9.2993],[-83.4763,9.2915],[-83.4814,9.2836],[-83.4841,9.2776],[-83.4869,9.2751],[-83.491,9.2673],[-83.4952,9.2644],[-83.5061,9.2619],[-83.51,9.2526],[-83.5092,9.2511],[-83.5127,9.2369],[-83.5137,9.2288],[-83.5177,9.2208],[-83.5239,9.2161],[-83.5257,9.211],[-83.5228,9.2079],[-83.5194,9.2144],[-83.5162,9.2147],[-83.5146,9.21],[-83.5169,9.206],[-83.5128,9.2],[-83.5036,9.202],[-83.4921,9.194],[-83.4866,9.1998],[-83.4819,9.1955],[-83.4834,9.1903],[-83.4797,9.1849],[-83.4763,9.1844],[-83.4737,9.1798],[-83.4781,9.1715],[-83.4762,9.1671],[-83.4705,9.1588],[-83.4711,9.1521],[-83.4762,9.1514],[-83.4831,9.1451],[-83.4816,9.1387],[-83.4827,9.1332],[-83.4805,9.1303],[-83.4739,9.1259],[-83.4734,9.1192],[-83.4792,9.114],[-83.4817,9.1149],[-83.486,9.1087],[-83.489,9.1076],[-83.4901,9.1031],[-83.4999,9.0998],[-83.504,9.0937],[-83.5099,9.0922],[-83.5108,9.0897],[-83.5029,9.0843],[-83.507,9.0777],[-83.5137,9.0749],[-83.5258,9.0795],[-83.5284,9.0819],[-83.5333,9.079],[-83.5415,9.0786],[-83.5488,9.0822],[-83.5488,9.0812],[-83.549,9.0805],[-83.5492,9.08],[-83.5494,9.0797],[-83.5497,9.0795],[-83.5499,9.0792],[-83.55,9.0788],[-83.5501,9.0785],[-83.5504,9.0782],[-83.5505,9.078],[-83.5509,9.0777],[-83.5511,9.0773],[-83.5515,9.0767],[-83.5515,9.0765],[-83.5518,9.0761],[-83.552,9.0759],[-83.5526,9.0755],[-83.5531,9.0753],[-83.5535,9.075],[-83.5538,9.0748],[-83.5539,9.0745],[-83.5538,9.0742],[-83.5537,9.0738],[-83.5534,9.0733],[-83.5531,9.0728],[-83.5528,9.0726],[-83.5526,9.0723],[-83.5524,9.072],[-83.5521,9.0717],[-83.5519,9.0713],[-83.5519,9.0708],[-83.5519,9.0703],[-83.5522,9.07],[-83.5526,9.0696],[-83.5532,9.0694],[-83.5541,9.0692],[-83.5553,9.0692],[-83.5557,9.0691],[-83.5561,9.0691],[-83.5567,9.0688],[-83.5571,9.0683],[-83.5575,9.0679],[-83.5579,9.0675],[-83.5585,9.067],[-83.5591,9.0666],[-83.5595,9.0665],[-83.56,9.0664],[-83.561,9.0663],[-83.5613,9.0661],[-83.5617,9.0659],[-83.562,9.0655],[-83.5623,9.0652],[-83.5624,9.0644],[-83.5624,9.0638],[-83.5622,9.0631],[-83.5624,9.0625],[-83.5627,9.062],[-83.5629,9.0616],[-83.563,9.0612],[-83.563,9.0608],[-83.563,9.0604],[-83.5631,9.06],[-83.563,9.0597],[-83.5632,9.0594],[-83.5635,9.059],[-83.5636,9.0586],[-83.5635,9.0582],[-83.5634,9.0578],[-83.5634,9.0576],[-83.563,9.0572],[-83.5628,9.057],[-83.5619,9.0564],[-83.5615,9.0562],[-83.5611,9.0559],[-83.5607,9.0554],[-83.5604,9.0549],[-83.56,9.0541],[-83.5595,9.0538],[-83.5592,9.0536],[-83.5589,9.0535],[-83.5584,9.0535],[-83.558,9.0535],[-83.5575,9.0536],[-83.5571,9.0538],[-83.5569,9.0539],[-83.5564,9.0543],[-83.556,9.0545],[-83.5558,9.0546],[-83.5555,9.0547],[-83.5551,9.0546],[-83.5545,9.0543],[-83.5539,9.0538],[-83.5535,9.0534],[-83.5531,9.0531],[-83.5524,9.0527],[-83.5517,9.0524],[-83.551,9.052],[-83.5505,9.0517],[-83.55,9.0515],[-83.5491,9.051],[-83.5487,9.0508],[-83.5484,9.0507],[-83.5479,9.0506],[-83.5476,9.0505],[-83.5473,9.0506],[-83.5469,9.0507],[-83.5465,9.0507],[-83.5461,9.0507],[-83.5459,9.0507],[-83.545,9.0505],[-83.5445,9.0503],[-83.5437,9.0501],[-83.5431,9.0499],[-83.5425,9.0497],[-83.5418,9.0495],[-83.5413,9.0493],[-83.5406,9.0493],[-83.5401,9.0493],[-83.5395,9.0492],[-83.5393,9.0491],[-83.5391,9.0489],[-83.539,9.0487],[-83.5388,9.0484],[-83.5387,9.0482],[-83.5386,9.0481],[-83.5384,9.0483],[-83.5382,9.0485],[-83.538,9.0487],[-83.5378,9.0488],[-83.5374,9.0489],[-83.5372,9.049],[-83.5368,9.049],[-83.5365,9.049],[-83.5363,9.049],[-83.536,9.0491],[-83.5358,9.0491],[-83.5356,9.0493],[-83.5354,9.0496],[-83.5353,9.0499],[-83.5351,9.05],[-83.5335,9.0498],[-83.5326,9.0501],[-83.5322,9.0504],[-83.5318,9.0505],[-83.5316,9.0505],[-83.5312,9.0502],[-83.5309,9.05],[-83.5305,9.0497],[-83.5301,9.0495],[-83.5296,9.0493],[-83.5293,9.0491],[-83.5278,9.0479],[-83.5275,9.0475],[-83.5273,9.0471],[-83.5271,9.0468],[-83.5269,9.0467],[-83.5264,9.0465],[-83.5262,9.0463],[-83.5259,9.0461],[-83.5257,9.0458],[-83.5254,9.0457],[-83.5252,9.0457],[-83.5249,9.0458],[-83.5248,9.046],[-83.5245,9.0461],[-83.5242,9.0461],[-83.5238,9.0459],[-83.5236,9.0458],[-83.5226,9.0455],[-83.5213,9.0453],[-83.5209,9.0452],[-83.5202,9.0451],[-83.5193,9.0451],[-83.5188,9.0451],[-83.5175,9.045],[-83.517,9.0447],[-83.5159,9.0442],[-83.515,9.0435],[-83.5147,9.0431],[-83.5141,9.0426],[-83.5139,9.0424],[-83.5133,9.0415],[-83.5131,9.0412],[-83.5128,9.0408],[-83.5124,9.0404],[-83.5122,9.0401],[-83.5115,9.0389],[-83.511,9.0383],[-83.5105,9.0374],[-83.5102,9.0368],[-83.5099,9.0361],[-83.5094,9.0357],[-83.509,9.0355],[-83.5084,9.0351],[-83.5076,9.0345],[-83.507,9.0343],[-83.5066,9.0342],[-83.5062,9.0342],[-83.5058,9.0344],[-83.5057,9.0347],[-83.5056,9.0348],[-83.5052,9.035],[-83.5048,9.035],[-83.5043,9.0347],[-83.5039,9.0345],[-83.5035,9.0343],[-83.5031,9.034],[-83.5027,9.0338],[-83.5022,9.0332],[-83.5019,9.033],[-83.5017,9.0328],[-83.5013,9.0326],[-83.501,9.0326],[-83.5005,9.0326],[-83.5002,9.0327],[-83.4992,9.0329],[-83.4987,9.033],[-83.4981,9.0331],[-83.4976,9.0327],[-83.4967,9.0314],[-83.4958,9.0298],[-83.4945,9.0286],[-83.494,9.027],[-83.494,9.0266],[-83.494,9.0258],[-83.4945,9.0244],[-83.4947,9.0237],[-83.495,9.023],[-83.4956,9.0224],[-83.4962,9.0222],[-83.4973,9.0221],[-83.497,9.0212],[-83.496,9.0212],[-83.4945,9.021],[-83.4944,9.021],[-83.4926,9.0196],[-83.4906,9.0178],[-83.4886,9.0163],[-83.4876,9.0156],[-83.4876,9.0141],[-83.4851,9.0136],[-83.4843,9.0134],[-83.4829,9.0127],[-83.482,9.0123],[-83.481,9.0123],[-83.4791,9.0117],[-83.4777,9.0106],[-83.4766,9.0095],[-83.4754,9.0088],[-83.4743,9.0079],[-83.4738,9.0071],[-83.4738,9.0062],[-83.4739,9.0052],[-83.4743,9.0044],[-83.4745,9.0036],[-83.4743,9.0029],[-83.4753,9.0005],[-83.4754,8.9999],[-83.4748,8.9997],[-83.4742,8.9996],[-83.473,8.9997],[-83.4721,8.9997],[-83.4717,8.9996],[-83.4715,8.9991],[-83.471,8.9987],[-83.4698,8.9969],[-83.4681,8.9962],[-83.4668,8.9964],[-83.465,8.996],[-83.463,8.9952],[-83.4623,8.995],[-83.4609,8.9953],[-83.4592,8.9946],[-83.4577,8.9944],[-83.4567,8.9946],[-83.455,8.9954],[-83.4521,8.9947],[-83.4511,8.9945],[-83.4488,8.9941],[-83.4476,8.994],[-83.4462,8.9937],[-83.4449,8.9925],[-83.4444,8.9917],[-83.4426,8.9906],[-83.4393,8.9903],[-83.4374,8.9899],[-83.4364,8.9899],[-83.435,8.9901],[-83.4342,8.9904],[-83.4332,8.9913],[-83.4327,8.9919],[-83.4322,8.9916],[-83.4311,8.991],[-83.4293,8.9902],[-83.4285,8.9893],[-83.4278,8.9887],[-83.4271,8.9884],[-83.4266,8.988],[-83.4262,8.9874],[-83.426,8.987],[-83.4261,8.9863],[-83.4256,8.9851],[-83.4252,8.9842],[-83.4251,8.9831],[-83.4253,8.9825],[-83.4252,8.9817],[-83.4253,8.9812],[-83.4249,8.9807],[-83.4245,8.9805],[-83.4238,8.9806],[-83.4232,8.9809],[-83.4227,8.9806],[-83.4212,8.9799],[-83.4205,8.9794],[-83.4197,8.9788],[-83.4189,8.9782],[-83.4182,8.9777],[-83.4176,8.9774],[-83.417,8.9771],[-83.4168,8.9767],[-83.4164,8.9771],[-83.4158,8.9775],[-83.4155,8.9776],[-83.4151,8.9776],[-83.4148,8.9774],[-83.4145,8.9773],[-83.4143,8.9773],[-83.4142,8.9776],[-83.4142,8.978],[-83.4143,8.9786],[-83.4142,8.9792],[-83.414,8.9798],[-83.4135,8.9806],[-83.4132,8.981],[-83.4134,8.9814],[-83.4137,8.982],[-83.4141,8.9825],[-83.4141,8.9834],[-83.414,8.9844],[-83.4138,8.9851],[-83.4136,8.9858],[-83.4134,8.9867],[-83.4131,8.9872],[-83.413,8.9876],[-83.4134,8.9878],[-83.4138,8.9882],[-83.4142,8.9886],[-83.4144,8.9889],[-83.4147,8.9894],[-83.415,8.9899],[-83.4151,8.9903],[-83.415,8.9908],[-83.4147,8.9914],[-83.4146,8.9918],[-83.4145,8.9923],[-83.4145,8.9928],[-83.4143,8.9932],[-83.4138,8.9936],[-83.4134,8.9938],[-83.4129,8.9943],[-83.4123,8.9952],[-83.4118,8.9955],[-83.4113,8.9955],[-83.4106,8.9954],[-83.4103,8.9953],[-83.4096,8.9955],[-83.4091,8.9954],[-83.4089,8.9954],[-83.4081,8.9954],[-83.4075,8.9955],[-83.4068,8.9956],[-83.4064,8.9956],[-83.4061,8.9957],[-83.4054,8.996],[-83.4047,8.9959],[-83.4043,8.9958],[-83.4037,8.9955],[-83.4029,8.9948],[-83.4023,8.9946],[-83.4015,8.9945],[-83.4008,8.9944],[-83.4005,8.9942],[-83.3992,8.9925],[-83.3993,8.9914],[-83.3993,8.9906],[-83.3993,8.9893],[-83.3993,8.9886],[-83.3988,8.9878],[-83.3981,8.9884],[-83.3976,8.9885],[-83.397,8.988],[-83.3965,8.987],[-83.396,8.9859],[-83.3955,8.9861],[-83.3948,8.9867],[-83.394,8.9871],[-83.3933,8.9872],[-83.3923,8.9873],[-83.3906,8.9873],[-83.39,8.9872],[-83.3888,8.9868],[-83.3883,8.9865],[-83.3878,8.9862],[-83.3867,8.9856],[-83.3862,8.9854],[-83.3855,8.9851],[-83.3853,8.9848],[-83.3852,8.9844],[-83.385,8.9835],[-83.3847,8.9832],[-83.3842,8.9829],[-83.3833,8.9833],[-83.3828,8.9837],[-83.3823,8.9837],[-83.3819,8.9837],[-83.3814,8.9837],[-83.3807,8.9834],[-83.3802,8.9833],[-83.3795,8.9833],[-83.3786,8.9829],[-83.3772,8.9821],[-83.3762,8.9817],[-83.3752,8.9813],[-83.3741,8.9807],[-83.3739,8.9806],[-83.373,8.9799],[-83.3725,8.9796],[-83.3716,8.9787],[-83.3704,8.9778],[-83.3699,8.9773],[-83.3692,8.9762],[-83.3689,8.9756],[-83.3685,8.9749],[-83.3685,8.9743],[-83.3687,8.9734],[-83.3688,8.9726],[-83.3687,8.9721],[-83.3686,8.9716],[-83.3687,8.9713],[-83.3688,8.9708],[-83.3688,8.9701],[-83.3688,8.9691],[-83.3688,8.9682],[-83.3689,8.9673],[-83.3689,8.9667],[-83.3685,8.9659],[-83.3683,8.9654],[-83.3681,8.9649],[-83.3681,8.9644],[-83.3683,8.9638],[-83.3688,8.9631],[-83.3689,8.9624],[-83.3691,8.962],[-83.3693,8.961],[-83.3694,8.9604],[-83.3695,8.96],[-83.3697,8.9593],[-83.3702,8.9583],[-83.3705,8.958],[-83.3708,8.9572],[-83.3709,8.9565],[-83.371,8.9559],[-83.3708,8.9553],[-83.3707,8.9546],[-83.3702,8.9544],[-83.3692,8.9541],[-83.3682,8.9537],[-83.3672,8.9532],[-83.3663,8.9523],[-83.3653,8.9516],[-83.364,8.9508],[-83.3631,8.9499],[-83.3622,8.9491],[-83.3613,8.9485],[-83.3602,8.948],[-83.3595,8.9475],[-83.3582,8.9466],[-83.3577,8.9461],[-83.3573,8.9455],[-83.3569,8.9448],[-83.3566,8.9445],[-83.3559,8.9443],[-83.3553,8.9444],[-83.3546,8.9445],[-83.3532,8.9445],[-83.3523,8.9444],[-83.3511,8.9443],[-83.3495,8.9442],[-83.3485,8.944],[-83.3473,8.9436],[-83.3463,8.9431],[-83.3455,8.9426],[-83.3448,8.9422],[-83.3439,8.9418],[-83.3435,8.9414],[-83.3429,8.9409],[-83.3424,8.9407],[-83.3418,8.9406],[-83.3413,8.9407],[-83.3405,8.9409],[-83.3398,8.941],[-83.3391,8.9412],[-83.3382,8.9416],[-83.3376,8.9419],[-83.3369,8.9424],[-83.3363,8.9429],[-83.3356,8.9434],[-83.3351,8.9438],[-83.3346,8.9444],[-83.3335,8.9457],[-83.3329,8.9462],[-83.3321,8.9465],[-83.3308,8.9468],[-83.3307,8.9469],[-83.3298,8.946],[-83.3291,8.9456],[-83.3282,8.9456],[-83.3274,8.9458],[-83.3266,8.9462],[-83.3253,8.9461],[-83.324,8.9454],[-83.3231,8.9451],[-83.3221,8.9448],[-83.3204,8.9447],[-83.3195,8.9448],[-83.3193,8.9449],[-83.3182,8.9448],[-83.3171,8.9443],[-83.3155,8.9439],[-83.3146,8.9436],[-83.3139,8.9433],[-83.3125,8.9428],[-83.3121,8.9424],[-83.3114,8.9414],[-83.3099,8.9405],[-83.3085,8.9395],[-83.3068,8.9385],[-83.3057,8.9381],[-83.3045,8.9374],[-83.3039,8.9369],[-83.3012,8.9352],[-83.2993,8.9339],[-83.298,8.9326],[-83.2968,8.9312],[-83.2946,8.9287],[-83.2938,8.9277],[-83.2933,8.9271],[-83.2928,8.9267],[-83.2924,8.9265],[-83.2899,8.9263],[-83.2891,8.9269],[-83.2884,8.9275],[-83.2873,8.9285],[-83.2864,8.9288],[-83.2843,8.9288],[-83.2823,8.929],[-83.2813,8.9295],[-83.2806,8.9303],[-83.2804,8.9308],[-83.2799,8.9315],[-83.2798,8.932],[-83.2794,8.9319],[-83.279,8.9318],[-83.2785,8.9314],[-83.278,8.9308],[-83.2775,8.9301],[-83.2771,8.9291],[-83.2766,8.9284],[-83.2756,8.9281],[-83.2745,8.928],[-83.2734,8.9277],[-83.2727,8.9273],[-83.2721,8.9266],[-83.2715,8.9262],[-83.2713,8.9257],[-83.2714,8.9252],[-83.2715,8.9247],[-83.2716,8.9241],[-83.2715,8.9235],[-83.2712,8.9233],[-83.2707,8.9233],[-83.2705,8.9232],[-83.2687,8.9217],[-83.2684,8.9214],[-83.2675,8.9199],[-83.2673,8.9197],[-83.2659,8.9193],[-83.2653,8.9191],[-83.2632,8.9183],[-83.2623,8.9179],[-83.2611,8.9176],[-83.2593,8.9172],[-83.2569,8.9172],[-83.2557,8.9172],[-83.254,8.9176],[-83.2532,8.9179],[-83.2528,8.9178],[-83.2522,8.9173],[-83.2507,8.916],[-83.25,8.9153],[-83.249,8.9148],[-83.2481,8.9144],[-83.2479,8.914],[-83.2476,8.9135],[-83.2476,8.9131],[-83.2477,8.9123],[-83.2479,8.911],[-83.248,8.9105],[-83.248,8.9098],[-83.2479,8.9093],[-83.2481,8.9091],[-83.2482,8.9091],[-83.2489,8.9085],[-83.2493,8.9079],[-83.2495,8.9071],[-83.2495,8.9064],[-83.2494,8.9058],[-83.2492,8.905],[-83.2489,8.9043],[-83.2484,8.9037],[-83.2482,8.9033],[-83.2481,8.903],[-83.2475,8.9022],[-83.2466,8.9008],[-83.2455,8.9002],[-83.2443,8.8992],[-83.2435,8.8982],[-83.243,8.8976],[-83.2414,8.8969],[-83.2408,8.8966],[-83.2404,8.896],[-83.2401,8.8951],[-83.2396,8.894],[-83.2374,8.8917],[-83.2368,8.891],[-83.2364,8.8901],[-83.2357,8.889],[-83.2354,8.8883],[-83.2353,8.8874],[-83.2351,8.8866],[-83.2349,8.886],[-83.235,8.8855],[-83.2355,8.8843],[-83.2355,8.8842],[-83.2343,8.8836],[-83.2328,8.8833],[-83.2316,8.8832],[-83.2295,8.883],[-83.2285,8.883],[-83.2271,8.8822],[-83.2264,8.8818],[-83.2249,8.8811],[-83.2205,8.8781],[-83.22,8.8772],[-83.2187,8.876],[-83.2174,8.8746],[-83.2172,8.8745],[-83.2161,8.8749],[-83.2157,8.8749],[-83.2152,8.8741],[-83.2141,8.8726],[-83.2132,8.8717],[-83.2124,8.8712],[-83.212,8.8703],[-83.2112,8.8696],[-83.2108,8.8683],[-83.2102,8.8671],[-83.2096,8.8664],[-83.2094,8.866],[-83.2077,8.8647],[-83.207,8.8641],[-83.2061,8.8634],[-83.2057,8.8627],[-83.2017,8.8603],[-83.2014,8.8601],[-83.2008,8.8591],[-83.2006,8.8584],[-83.2001,8.8581],[-83.199,8.8577],[-83.1978,8.8573],[-83.197,8.8566],[-83.1966,8.8561],[-83.1964,8.8554],[-83.196,8.8545],[-83.1956,8.8541],[-83.1954,8.8533],[-83.1953,8.8513],[-83.1951,8.8503],[-83.195,8.8499],[-83.1949,8.8494],[-83.1948,8.8492],[-83.1937,8.8489],[-83.1923,8.8487],[-83.1907,8.8468],[-83.1898,8.8462],[-83.189,8.8455],[-83.1887,8.845],[-83.1878,8.8443],[-83.1871,8.8439],[-83.1862,8.8434],[-83.1859,8.8424],[-83.1857,8.8407],[-83.185,8.8397],[-83.1837,8.8386],[-83.1837,8.8378],[-83.1838,8.837],[-83.1833,8.8361],[-83.1826,8.8353],[-83.1824,8.8344],[-83.1822,8.8335],[-83.1818,8.832],[-83.1812,8.8311],[-83.1809,8.8306],[-83.1805,8.8295],[-83.18,8.8284],[-83.1792,8.8274],[-83.179,8.8267],[-83.179,8.8261],[-83.179,8.8253],[-83.179,8.8247],[-83.1788,8.824],[-83.1784,8.8232],[-83.1778,8.8221],[-83.1771,8.8215],[-83.1768,8.8209],[-83.1763,8.8203],[-83.1756,8.8198],[-83.1751,8.8195],[-83.1747,8.8188],[-83.1744,8.8185],[-83.174,8.8184],[-83.1733,8.8182],[-83.1724,8.8181],[-83.1718,8.8179],[-83.1712,8.8175],[-83.1708,8.817],[-83.1701,8.8166],[-83.1694,8.8159],[-83.1691,8.8153],[-83.1688,8.8149],[-83.1686,8.8148],[-83.1681,8.8147],[-83.1676,8.8142],[-83.1671,8.8136],[-83.1664,8.8128],[-83.1664,8.8124],[-83.1663,8.812],[-83.1661,8.8117],[-83.1656,8.8117],[-83.1653,8.8117],[-83.1652,8.8119],[-83.1654,8.8123],[-83.1653,8.8126],[-83.165,8.8128],[-83.1645,8.8127],[-83.1641,8.8126],[-83.1638,8.8128],[-83.1636,8.8132],[-83.1635,8.8138],[-83.1632,8.8141],[-83.163,8.8143],[-83.1627,8.8142],[-83.162,8.8142],[-83.1618,8.8139],[-83.1617,8.8132],[-83.1616,8.8126],[-83.1608,8.8126],[-83.16,8.8125],[-83.1595,8.8122],[-83.1592,8.8118],[-83.1592,8.8114],[-83.1594,8.8104],[-83.1595,8.8094],[-83.1595,8.8086],[-83.1592,8.8081],[-83.1585,8.8076],[-83.1579,8.8071],[-83.1579,8.8065],[-83.1586,8.8058],[-83.1591,8.8052],[-83.1594,8.8045],[-83.1598,8.8037],[-83.1599,8.8031],[-83.1599,8.8027],[-83.1596,8.8026],[-83.1587,8.8024],[-83.1576,8.8025],[-83.157,8.8024],[-83.1564,8.8022],[-83.1555,8.8019],[-83.1544,8.801],[-83.1539,8.8009],[-83.1532,8.8009],[-83.1526,8.8007],[-83.1523,8.8003],[-83.1519,8.7996],[-83.1517,8.7991],[-83.1513,8.7986],[-83.1507,8.7984],[-83.15,8.7982],[-83.1492,8.7977],[-83.1479,8.7968],[-83.147,8.7966],[-83.1463,8.7964],[-83.1454,8.7958],[-83.1446,8.7956],[-83.1435,8.7954],[-83.1428,8.7952],[-83.1423,8.7946],[-83.142,8.7944],[-83.1414,8.7942],[-83.1406,8.7941],[-83.1397,8.794],[-83.1386,8.7942],[-83.1387,8.7935],[-83.1384,8.7928],[-83.138,8.7921],[-83.1374,8.7915],[-83.1368,8.7909],[-83.1364,8.7904],[-83.1358,8.79],[-83.1351,8.7898],[-83.1349,8.7895],[-83.1348,8.7889],[-83.1345,8.7886],[-83.1334,8.788],[-83.132,8.7869],[-83.1312,8.7864],[-83.1309,8.786],[-83.1306,8.7855],[-83.1301,8.7853],[-83.1291,8.7852],[-83.1278,8.785],[-83.1272,8.7848],[-83.1265,8.7842],[-83.1259,8.7841],[-83.1246,8.7841],[-83.1232,8.7839],[-83.1222,8.7839],[-83.1217,8.7837],[-83.1202,8.7832],[-83.1192,8.7829],[-83.1184,8.7823],[-83.1176,8.7815],[-83.1166,8.7809],[-83.1154,8.7802],[-83.1148,8.7799],[-83.1139,8.7799],[-83.1125,8.7799],[-83.1109,8.7799],[-83.11,8.7802],[-83.109,8.7805],[-83.108,8.7809],[-83.1072,8.7812],[-83.1064,8.7812],[-83.1058,8.7811],[-83.105,8.7809],[-83.1039,8.7811],[-83.1033,8.7809],[-83.1028,8.7804],[-83.102,8.7801],[-83.1015,8.7797],[-83.1013,8.7789],[-83.1009,8.7781],[-83.1005,8.7779],[-83.0998,8.7776],[-83.0992,8.7771],[-83.0988,8.7768],[-83.0981,8.7765],[-83.0976,8.7762],[-83.0966,8.7753],[-83.0961,8.7752],[-83.0956,8.7755],[-83.0949,8.7758],[-83.0943,8.7758],[-83.0934,8.7754],[-83.093,8.7753],[-83.0925,8.7753],[-83.0918,8.7755],[-83.0911,8.776],[-83.0908,8.7764],[-83.0907,8.7769],[-83.0897,8.7765],[-83.0887,8.776],[-83.0882,8.7759],[-83.0877,8.7758],[-83.0871,8.7757],[-83.0857,8.7757],[-83.085,8.7754],[-83.0844,8.7753],[-83.0839,8.7754],[-83.0833,8.7755],[-83.0828,8.7757],[-83.0822,8.7761],[-83.0816,8.7765],[-83.0808,8.7768],[-83.0799,8.7768],[-83.0791,8.7769],[-83.0782,8.777],[-83.0775,8.777],[-83.0771,8.777],[-83.0766,8.7772],[-83.0753,8.7775],[-83.075,8.7769],[-83.0745,8.7766],[-83.074,8.7764],[-83.0692,8.7788],[-83.0652,8.7847],[-83.065,8.7907],[-83.0683,8.7918],[-83.0792,8.8003],[-83.0795,8.8089],[-83.0752,8.8144],[-83.0734,8.8204],[-83.0744,8.8238],[-83.0784,8.8276],[-83.0807,8.8331],[-83.0797,8.8368],[-83.0907,8.8376],[-83.097,8.8431],[-83.1005,8.8509],[-83.1065,8.8583],[-83.103,8.8651],[-83.1011,8.877],[-83.0951,8.8745],[-83.09,8.8767],[-83.0853,8.8806],[-83.0783,8.8792],[-83.0747,8.8801],[-83.0748,8.8851],[-83.0785,8.8842],[-83.0776,8.8948],[-83.0814,8.8991],[-83.085,8.8999],[-83.0822,8.9095],[-83.0675,8.913],[-83.0641,8.9191],[-83.0583,8.9213],[-83.0564,8.927],[-83.0598,8.9314],[-83.0623,8.94],[-83.0628,8.9455],[-83.0665,8.9443],[-83.0771,8.9522],[-83.0857,8.9539],[-83.0749,8.9634],[-83.0609,8.9667],[-83.0521,8.9663],[-83.0471,8.9631],[-83.0416,8.9631],[-83.0387,8.965],[-83.0341,8.9644],[-83.0223,8.968],[-83.0226,8.9723],[-83.0154,8.9849],[-83.0137,8.9909],[-83.0063,9.0006],[-82.9981,8.9998],[-82.9935,9.0064],[-82.9856,9.0126],[-82.9825,9.0133],[-82.9753,9.0233],[-82.977,9.0269],[-82.9772,9.0345],[-82.9751,9.0365],[-82.9714,9.0472],[-82.9727,9.0509],[-82.9721,9.062],[-82.9705,9.0671],[-82.9731,9.0768],[-82.972,9.0832],[-82.9688,9.0903],[-82.971,9.0966]]]},"properties":{"Codigo":"603","Canton":"BUENOS AIRES","Provincia":"PUNTARENAS"}},
{"type":"Feature","geometry":{"type":"Polygon","coordinates":[[[-84.6651,10.1224],[-84.6712,10.1282],[-84.6731,10.1412],[-84.6654,10.1461],[-84.6656,10.1527],[-84.6701,10.1554],[-84.6651,10.163],[-84.6643,10.1699],[-84.668,10.1754],[-84.6786,10.1742],[-84.6835,10.1767],[-84.6797,10.1816],[-84.6683,10.1926],[-84.6647,10.1945],[-84.6614,10.2001],[-84.6643,10.2067],[-84.6604,10.2113],[-84.6608,10.2235],[-84.6627,10.2262],[-84.6567,10.2346],[-84.6586,10.2383],[-84.6572,10.2433],[-84.664,10.254],[-84.6664,10.2549],[-84.6701,10.2607],[-84.6699,10.266],[-84.6746,10.2721],[-84.6737,10.2788],[-84.6774,10.2823],[-84.6843,10.2843],[-84.687,10.2835],[-84.6947,10.2777],[-84.6971,10.2707],[-84.6913,10.2742],[-84.6884,10.2715],[-84.6893,10.2601],[-84.6857,10.2572],[-84.6823,10.2503],[-84.6822,10.2465],[-84.6788,10.243],[-84.6833,10.2307],[-84.6829,10.2267],[-84.6883,10.2217],[-84.6947,10.2185],[-84.6979,10.2195],[-84.7019,10.2152],[-84.7057,10.2144],[-84.7163,10.2079],[-84.7206,10.2043],[-84.7286,10.1915],[-84.7324,10.1882],[-84.7377,10.1871],[-84.747,10.1785],[-84.7495,10.1739],[-84.7568,10.1697],[-84.7635,10.1584],[-84.7717,10.1521],[-84.7783,10.1509],[-84.7818,10.1529],[-84.7889,10.1463],[-84.7972,10.1454],[-84.7958,10.1405],[-84.7986,10.1392],[-84.8023,10.1305],[-84.8104,10.1252],[-84.8121,10.1174],[-84.8106,10.1047],[-84.799,10.1034],[-84.7914,10.1007],[-84.7946,10.096],[-84.7913,10.0875],[-84.791,10.0816],[-84.793,10.0788],[-84.7914,10.0733],[-84.7878,10.0669],[-84.7825,10.0669],[-84.7791,10.0645],[-84.7814,10.0544],[-84.7845,10.0515],[-84.7837,10.048],[-84.7759,10.0447],[-84.7719,10.0435],[-84.7682,10.0395],[-84.7631,10.0295],[-84.7617,10.0266],[-84.7586,10.0264],[-84.7527,10.025],[-84.7516,10.0249],[-84.7461,10.0236],[-84.7445,10.0176],[-84.7402,10.0177],[-84.7377,10.0147],[-84.7373,10.0088],[-84.7325,10.0097],[-84.7325,10.0129],[-84.7263,10.0142],[-84.7148,10.0267],[-84.7074,10.0217],[-84.7024,10.0299],[-84.703,10.0345],[-84.7062,10.0375],[-84.7015,10.0409],[-84.6992,10.0388],[-84.6947,10.0415],[-84.6922,10.0377],[-84.6921,10.0423],[-84.6776,10.0502],[-84.6673,10.0522],[-84.6656,10.0578],[-84.67,10.0597],[-84.674,10.0654],[-84.6745,10.0706],[-84.6775,10.0737],[-84.6789,10.0876],[-84.6806,10.0911],[-84.678,10.0981],[-84.677,10.1064],[-84.6831,10.1078],[-84.6842,10.1143],[-84.6865,10.1179],[-84.686,10.1277],[-84.6822,10.1278],[-84.6753,10.1228],[-84.6683,10.1199],[-84.6651,10.1224]]]},"properties":{"Provincia":"PUNTARENAS","Canton":"MONTES DE ORO","Codigo":"604"}},
{"type":"Feature","geometry":{"type":"Polygon","coordinates":[[[-83.8673,8.7166],[-83.8724,8.7148],[-83.8753,8.7158],[-83.8802,8.7137],[-83.8866,8.7138],[-83.8909,8.7096],[-83.8893,8.7061],[-83.8783,8.7022],[-83.868,8.7054],[-83.8673,8.7166]]]},"properties":{"Canton":"OSA","Provincia":"PUNTARENAS","Codigo":"605"}},
{"type":"Feature","geometry":{"type":"MultiPolygon","coordinates":[]},"properties":{"Codigo":"606","Canton":"AGUIRRE","Provincia":"PUNTARENAS"}},
{"type":"Feature","geometry":{"type":"MultiPolygon","coordinates":[]},"properties":{"Codigo":"607","Canton":"GOLFITO","Provincia":"PUNTARENAS"}},
{"type":"Feature","geometry":{"type":"Polygon","coordinates":[[[-82.9342,9.0787],[-82.9355,9.0785],[-82.9366,9.078],[-82.9375,9.0768],[-82.9382,9.0754],[-82.9385,9.075],[-82.939,9.0749],[-82.9398,9.0753],[-82.9412,9.0761],[-82.9423,9.0765],[-82.9428,9.0771],[-82.9433,9.079],[-82.9441,9.0807],[-82.9453,9.0819],[-82.9468,9.0829],[-82.9473,9.0833],[-82.9478,9.0844],[-82.9485,9.0862],[-82.9499,9.0895],[-82.9504,9.0902],[-82.9512,9.0908],[-82.9524,9.0914],[-82.9536,9.0915],[-82.9547,9.0915],[-82.9556,9.0911],[-82.957,9.0902],[-82.9575,9.09],[-82.9582,9.0899],[-82.9595,9.0903],[-82.9603,9.0908],[-82.9624,9.0927],[-82.9634,9.0935],[-82.9639,9.0937],[-82.965,9.094],[-82.9664,9.094],[-82.9669,9.0942],[-82.9673,9.0946],[-82.9678,9.0953],[-82.9685,9.0957],[-82.9709,9.0966],[-82.971,9.0966],[-82.9688,9.0903],[-82.972,9.0832],[-82.9731,9.0768],[-82.9705,9.0671],[-82.9721,9.062],[-82.9727,9.0509],[-82.9714,9.0472],[-82.9751,9.0365],[-82.9772,9.0345],[-82.977,9.0269],[-82.9753,9.0233],[-82.9825,9.0133],[-82.9856,9.0126],[-82.9935,9.0064],[-82.9981,8.9998],[-83.0063,9.0006],[-83.0137,8.9909],[-83.0154,8.9849],[-83.0226,8.9723],[-83.0223,8.968],[-83.0341,8.9644],[-83.0387,8.965],[-83.0416,8.9631],[-83.0471,8.9631],[-83.0521,8.9663],[-83.0609,8.9667],[-83.0749,8.9634],[-83.0857,8.9539],[-83.0771,8.9522],[-83.0665,8.9443],[-83.0628,8.9455],[-83.0623,8.94],[-83.0598,8.9314],[-83.0564,8.927],[-83.0583,8.9213],[-83.0641,8.9191],[-83.0675,8.913],[-83.0822,8.9095],[-83.085,8.8999],[-83.0814,8.8991],[-83.0776,8.8948],[-83.0785,8.8842],[-83.0748,8.8851],[-83.0747,8.8801],[-83.0783,8.8792],[-83.0853,8.8806],[-83.09,8.8767],[-83.0951,8.8745],[-83.1011,8.877],[-83.103,8.8651],[-83.1065,8.8583],[-83.1005,8.8509],[-83.097,8.8431],[-83.0907,8.8376],[-83.0797,8.8368],[-83.0807,8.8331],[-83.0784,8.8276],[-83.0744,8.8238],[-83.0734,8.8204],[-83.0752,8.8144],[-83.0795,8.8089],[-83.0792,8.8003],[-83.0683,8.7918],[-83.065,8.7907],[-83.0652,8.7847],[-83.0692,8.7788],[-83.074,8.7764],[-83.0734,8.7762],[-83.0727,8.7762],[-83.0711,8.7767],[-83.0695,8.7775],[-83.0683,8.778],[-83.0675,8.7783],[-83.0664,8.7785],[-83.0656,8.7789],[-83.0651,8.7793],[-83.0646,8.7794],[-83.0635,8.7794],[-83.0621,8.7796],[-83.0607,8.7795],[-83.0599,8.7795],[-83.0592,8.7799],[-83.0582,8.7801],[-83.0572,8.7801],[-83.0566,8.7799],[-83.0559,8.7798],[-83.0549,8.7795],[-83.0543,8.7795],[-83.0537,8.7794],[-83.0529,8.7791],[-83.0527,8.7787],[-83.0522,8.7784],[-83.0511,8.7783],[-83.0504,8.7781],[-83.05,8.7776],[-83.0498,8.7773],[-83.0491,8.7771],[-83.0488,8.7771],[-83.0482,8.7775],[-83.0478,8.7767],[-83.0474,8.7759],[-83.0469,8.7747],[-83.0465,8.7745],[-83.0462,8.7751],[-83.0455,8.7759],[-83.0445,8.7764],[-83.0434,8.7773],[-83.0424,8.7779],[-83.0413,8.7789],[-83.0407,8.7799],[-83.0404,8.7805],[-83.0402,8.7814],[-83.0401,8.7824],[-83.0399,8.7829],[-83.0393,8.7832],[-83.0386,8.7833],[-83.0379,8.7833],[-83.0374,8.7833],[-83.036,8.7834],[-83.0351,8.7836],[-83.0349,8.7838],[-83.0348,8.7844],[-83.0348,8.7849],[-83.0344,8.7855],[-83.0337,8.7862],[-83.0332,8.7868],[-83.0329,8.7873],[-83.0327,8.7878],[-83.0326,8.7882],[-83.0321,8.7879],[-83.0314,8.7879],[-83.0306,8.788],[-83.0297,8.7882],[-83.029,8.7882],[-83.0285,8.7882],[-83.028,8.7882],[-83.0275,8.788],[-83.0269,8.7877],[-83.0266,8.7872],[-83.0261,8.7868],[-83.0256,8.7866],[-83.0251,8.7863],[-83.0236,8.786],[-83.0227,8.7857],[-83.0215,8.7857],[-83.0208,8.7854],[-83.0202,8.7853],[-83.0195,8.7852],[-83.0192,8.7846],[-83.0188,8.784],[-83.0183,8.7835],[-83.0177,8.7833],[-83.0168,8.7833],[-83.0158,8.7839],[-83.0146,8.7845],[-83.014,8.7848],[-83.0132,8.7849],[-83.0125,8.7847],[-83.012,8.7844],[-83.0114,8.7843],[-83.0108,8.7844],[-83.0101,8.785],[-83.0091,8.7846],[-83.0086,8.7846],[-83.0079,8.7851],[-83.0074,8.7854],[-83.0068,8.7856],[-83.0052,8.7855],[-83.0042,8.7857],[-83.0034,8.7861],[-83.0028,8.7861],[-83.002,8.786],[-83.0009,8.7854],[-83.0004,8.785],[-83,8.785],[-82.9992,8.785],[-82.9981,8.7852],[-82.9976,8.7855],[-82.9972,8.7855],[-82.9966,8.7858],[-82.9959,8.786],[-82.9955,8.7861],[-82.9949,8.7863],[-82.9946,8.7864],[-82.9944,8.7866],[-82.994,8.7867],[-82.9938,8.7866],[-82.9936,8.7865],[-82.9932,8.786],[-82.9929,8.7859],[-82.9926,8.7858],[-82.9924,8.7858],[-82.9919,8.7855],[-82.9915,8.7854],[-82.9912,8.7853],[-82.991,8.7852],[-82.9906,8.7851],[-82.9903,8.7848],[-82.9898,8.7845],[-82.9894,8.7844],[-82.989,8.7843],[-82.9887,8.7845],[-82.9882,8.7847],[-82.988,8.7846],[-82.9878,8.7846],[-82.9877,8.7843],[-82.9874,8.7841],[-82.9873,8.7839],[-82.9871,8.7837],[-82.9869,8.7834],[-82.9868,8.7832],[-82.9866,8.783],[-82.9862,8.7829],[-82.9855,8.7829],[-82.9852,8.7829],[-82.9845,8.7831],[-82.9841,8.7833],[-82.9834,8.7833],[-82.983,8.7833],[-82.9827,8.7832],[-82.9824,8.7832],[-82.982,8.7829],[-82.9815,8.7827],[-82.9811,8.7828],[-82.9806,8.7827],[-82.9802,8.7824],[-82.9799,8.7821],[-82.9796,8.7817],[-82.9794,8.7811],[-82.9786,8.7807],[-82.9778,8.7804],[-82.9774,8.7799],[-82.9771,8.7795],[-82.9769,8.7791],[-82.9766,8.7784],[-82.9764,8.778],[-82.976,8.7779],[-82.9757,8.7777],[-82.9757,8.7776],[-82.9754,8.7769],[-82.9751,8.7765],[-82.9749,8.7765],[-82.9745,8.7765],[-82.9741,8.7765],[-82.9739,8.7764],[-82.9741,8.7707],[-82.974,8.7704],[-82.9737,8.7701],[-82.9738,8.7698],[-82.974,8.7694],[-82.9739,8.7692],[-82.9738,8.769],[-82.9733,8.769],[-82.973,8.7689],[-82.9727,8.7686],[-82.9726,8.7681],[-82.9723,8.7677],[-82.9717,8.7674],[-82.9713,8.767],[-82.9711,8.7664],[-82.9709,8.7662],[-82.9706,8.7657],[-82.97,8.7653],[-82.9696,8.7649],[-82.9692,8.7646],[-82.969,8.7642],[-82.9692,8.7635],[-82.9693,8.763],[-82.9697,8.763],[-82.9701,8.763],[-82.9706,8.7629],[-82.9711,8.7626],[-82.9715,8.7624],[-82.9721,8.7626],[-82.9729,8.7628],[-82.9735,8.7631],[-82.9742,8.7632],[-82.9749,8.7634],[-82.9753,8.7637],[-82.9762,8.7639],[-82.9768,8.7639],[-82.9773,8.7638],[-82.9779,8.7636],[-82.9782,8.7633],[-82.9788,8.7628],[-82.9791,8.7624],[-82.9793,8.7621],[-82.9796,8.7614],[-82.9798,8.7611],[-82.9805,8.7604],[-82.981,8.7596],[-82.9818,8.7586],[-82.9827,8.7579],[-82.983,8.7575],[-82.9832,8.757],[-82.9833,8.7564],[-82.9833,8.7559],[-82.9831,8.7551],[-82.9829,8.7534],[-82.9827,8.753],[-82.9824,8.7524],[-82.9823,8.7516],[-82.9821,8.751],[-82.982,8.7498],[-82.9822,8.7488],[-82.9827,8.7484],[-82.983,8.7478],[-82.983,8.7477],[-82.9831,8.7472],[-82.9831,8.7463],[-82.9831,8.7455],[-82.9831,8.7438],[-82.9834,8.743],[-82.9838,8.7419],[-82.9844,8.7405],[-82.9845,8.7402],[-82.9847,8.7399],[-82.9847,8.7394],[-82.984,8.7389],[-82.9831,8.7383],[-82.9825,8.7377],[-82.9824,8.7374],[-82.9821,8.7365],[-82.9823,8.7356],[-82.9828,8.7348],[-82.983,8.7346],[-82.9832,8.7342],[-82.9831,8.7334],[-82.9828,8.7329],[-82.9824,8.7324],[-82.9808,8.7304],[-82.9803,8.7297],[-82.9798,8.7284],[-82.9796,8.7278],[-82.9796,8.7274],[-82.9798,8.7266],[-82.98,8.7253],[-82.9801,8.7253],[-82.9776,8.7226],[-82.9684,8.7084],[-82.968,8.706],[-82.9593,8.6957],[-82.9491,8.6905],[-82.9452,8.692],[-82.9399,8.6979],[-82.9355,8.7008],[-82.9289,8.702],[-82.9244,8.7005],[-82.92,8.7021],[-82.9167,8.6959],[-82.9107,8.6966],[-82.9117,8.7016],[-82.9081,8.7128],[-82.9114,8.7255],[-82.9048,8.729],[-82.9035,8.7338],[-82.9083,8.7359],[-82.9127,8.7405],[-82.9156,8.7413],[-82.9183,8.7488],[-82.9166,8.7519],[-82.912,8.754],[-82.909,8.7589],[-82.9148,8.7596],[-82.9154,8.7634],[-82.914,8.77],[-82.9092,8.7741],[-82.906,8.7748],[-82.8948,8.7714],[-82.8918,8.7726],[-82.8903,8.7791],[-82.8949,8.7832],[-82.8904,8.7859],[-82.8883,8.7931],[-82.8827,8.7954],[-82.8719,8.8024],[-82.8656,8.8048],[-82.8621,8.8172],[-82.8701,8.8171],[-82.8778,8.82],[-82.8836,8.8269],[-82.8829,8.832],[-82.8674,8.8469],[-82.8633,8.8485],[-82.8623,8.8521],[-82.8569,8.8526],[-82.8542,8.856],[-82.8503,8.8538],[-82.8391,8.8563],[-82.8357,8.8555],[-82.8205,8.8601],[-82.8129,8.8651],[-82.8105,8.8711],[-82.799,8.8773],[-82.7888,8.8777],[-82.7843,8.8756],[-82.7759,8.8772],[-82.7698,8.8823],[-82.7617,8.8847],[-82.7598,8.8881],[-82.7539,8.8921],[-82.7481,8.898],[-82.7491,8.9061],[-82.7441,8.9096],[-82.7375,8.9114],[-82.7319,8.9151],[-82.7267,8.9164],[-82.7205,8.9207],[-82.7121,8.9232],[-82.7143,8.9318],[-82.7138,8.9364],[-82.7166,8.9487],[-82.7212,8.9526],[-82.7258,8.9541],[-82.7294,8.9597],[-82.7356,8.9617],[-82.7422,8.9673],[-82.7392,8.9704],[-82.7365,8.977],[-82.7414,8.9852],[-82.7453,8.9866],[-82.7507,8.9923],[-82.7638,8.9985],[-82.7708,8.9997],[-82.7731,9.0032],[-82.7777,9.0031],[-82.7823,9.0054],[-82.7852,9.0036],[-82.7927,9.0044],[-82.7996,9.0034],[-82.8053,9.0096],[-82.8035,9.0142],[-82.8102,9.017],[-82.8152,9.0207],[-82.8138,9.0234],[-82.8166,9.0288],[-82.8242,9.0336],[-82.83,9.0356],[-82.8323,9.0342],[-82.8401,9.0399],[-82.8446,9.0404],[-82.8507,9.0464],[-82.855,9.046],[-82.8577,9.0507],[-82.8586,9.0562],[-82.8644,9.0576],[-82.8677,9.0544],[-82.8704,9.0571],[-82.875,9.0579],[-82.8784,9.0612],[-82.8783,9.0673],[-82.8823,9.0707],[-82.8871,9.0798],[-82.8867,9.0869],[-82.8928,9.089],[-82.8944,9.0872],[-82.9061,9.0821],[-82.9143,9.0828],[-82.9271,9.0746],[-82.9311,9.0789],[-82.9342,9.0787]]]},"properties":{"Codigo":"608","Canton":"COTO BRUS","Provincia":"PUNTARENAS"}},
{"type":"Feature","geometry":{"type":"MultiPolygon","coordinates":[]},"properties":{"Canton":"PARRITA","Provincia":"PUNTARENAS","Codigo":"609"}},
{"type":"Feature","geometry":{"type":"Polygon","coordinates":[[[-83.0476,8.342],[-83.0276,8.3522],[-83.0183,8.3508],[-83.016,8.3553],[-83.0097,8.3544],[-83.0033,8.3585],[-83.0008,8.3647],[-82.9941,8.369],[-82.9899,8.3753],[-82.9841,8.3726],[-82.9773,8.3806],[-82.976,8.3837],[-82.9699,8.3863],[-82.9672,8.3942],[-82.9612,8.3976],[-82.9614,8.4024],[-82.9547,8.4081],[-82.9542,8.4133],[-82.9357,8.4239],[-82.9309,8.4352],[-82.9141,8.4288],[-82.9041,8.4317],[-82.8682,8.4396],[-82.8396,8.4801],[-82.8315,8.5055],[-82.8337,8.5082],[-82.8332,8.5241],[-82.8365,8.5283],[-82.8389,8.5349],[-82.8387,8.5457],[-82.8334,8.5539],[-82.8285,8.5571],[-82.8224,8.5677],[-82.8249,8.5702],[-82.824,8.5745],[-82.8261,8.5803],[-82.8329,8.5912],[-82.8268,8.6007],[-82.8281,8.6044],[-82.8382,8.6134],[-82.8371,8.6153],[-82.8311,8.6142],[-82.8286,8.6161],[-82.828,8.6229],[-82.83,8.6361],[-82.8351,8.6394],[-82.8363,8.6465],[-82.8444,8.6567],[-82.8491,8.6587],[-82.8544,8.663],[-82.8609,8.6764],[-82.8646,8.6797],[-82.8626,8.688],[-82.8656,8.6902],[-82.8671,8.6963],[-82.8697,8.6989],[-82.8806,8.6973],[-82.8918,8.712],[-82.897,8.7156],[-82.9006,8.7228],[-82.9014,8.7315],[-82.9035,8.7338],[-82.9048,8.729],[-82.9114,8.7255],[-82.9081,8.7128],[-82.9117,8.7016],[-82.9107,8.6966],[-82.9167,8.6959],[-82.92,8.7021],[-82.9244,8.7005],[-82.9289,8.702],[-82.9355,8.7008],[-82.9399,8.6979],[-82.9452,8.692],[-82.9491,8.6905],[-82.9593,8.6957],[-82.968,8.706],[-82.9684,8.7084],[-82.9776,8.7226],[-82.9801,8.7253],[-82.9809,8.7246],[-82.9814,8.7238],[-82.9819,8.7229],[-82.9823,8.7223],[-82.983,8.7214],[-82.9838,8.7208],[-82.9845,8.7202],[-82.9857,8.7199],[-82.987,8.7196],[-82.9886,8.7194],[-82.9891,8.7192],[-82.9896,8.7192],[-82.9898,8.7184],[-82.99,8.7176],[-82.9903,8.7172],[-82.9913,8.7166],[-82.9914,8.716],[-82.9916,8.7148],[-82.9917,8.714],[-82.9921,8.7131],[-82.9924,8.7121],[-82.9927,8.7113],[-82.9928,8.7103],[-82.9929,8.7096],[-82.9929,8.709],[-82.9928,8.7086],[-82.9926,8.7082],[-82.9923,8.7078],[-82.9921,8.7074],[-82.992,8.7071],[-82.9921,8.7069],[-82.9924,8.707],[-82.9924,8.7068],[-82.9921,8.7065],[-82.9916,8.7064],[-82.991,8.7062],[-82.9905,8.7058],[-82.9903,8.705],[-82.99,8.7044],[-82.9896,8.7037],[-82.9893,8.7032],[-82.9892,8.7026],[-82.9896,8.7017],[-82.9901,8.7007],[-82.9908,8.6997],[-82.9914,8.6992],[-82.9921,8.6988],[-82.9928,8.6983],[-82.9934,8.6976],[-82.9936,8.697],[-82.9937,8.6963],[-82.9936,8.6957],[-82.9938,8.6952],[-82.9942,8.6945],[-82.9946,8.6936],[-82.9952,8.6919],[-82.9956,8.6908],[-82.996,8.6897],[-82.9962,8.6888],[-82.9964,8.6879],[-82.9967,8.6872],[-82.9973,8.6863],[-82.9978,8.6858],[-82.9981,8.6856],[-82.9987,8.685],[-82.9995,8.6841],[-83.0001,8.6837],[-83.0009,8.6833],[-83.0019,8.6828],[-83.0024,8.6827],[-83.0029,8.6828],[-83.0034,8.683],[-83.0038,8.6829],[-83.0041,8.6828],[-83.0044,8.6826],[-83.0051,8.6821],[-83.0058,8.6815],[-83.0067,8.6809],[-83.0074,8.6807],[-83.0078,8.6805],[-83.0081,8.6802],[-83.0084,8.6794],[-83.0087,8.6791],[-83.0091,8.6788],[-83.0092,8.6786],[-83.0092,8.6782],[-83.0091,8.6776],[-83.0089,8.6767],[-83.0087,8.6757],[-83.0086,8.6753],[-83.0084,8.6749],[-83.0084,8.6746],[-83.0087,8.6743],[-83.0092,8.6739],[-83.0093,8.6737],[-83.0093,8.6734],[-83.0087,8.6725],[-83.0084,8.672],[-83.0082,8.6713],[-83.0081,8.671],[-83.0078,8.6709],[-83.0075,8.6708],[-83.0072,8.6708],[-83.0069,8.6706],[-83.0067,8.6702],[-83.0065,8.6701],[-83.006,8.6699],[-83.0058,8.6697],[-83.0056,8.6695],[-83.0056,8.6692],[-83.0057,8.6689],[-83.0059,8.6686],[-83.0067,8.6685],[-83.0071,8.6685],[-83.0074,8.6684],[-83.0074,8.6682],[-83.0073,8.668],[-83.0068,8.6678],[-83.0066,8.6677],[-83.0064,8.6674],[-83.0064,8.6671],[-83.0065,8.6665],[-83.0068,8.6661],[-83.0072,8.6657],[-83.0075,8.6654],[-83.0076,8.6652],[-83.0078,8.665],[-83.008,8.6647],[-83.0081,8.6644],[-83.0083,8.6632],[-83.0085,8.6626],[-83.0088,8.662],[-83.0089,8.6617],[-83.0089,8.6613],[-83.0088,8.6606],[-83.0088,8.6601],[-83.0087,8.6599],[-83.0086,8.6597],[-83.0084,8.6596],[-83.0077,8.6593],[-83.0075,8.6592],[-83.0073,8.659],[-83.0072,8.6588],[-83.0072,8.6585],[-83.0072,8.6581],[-83.0071,8.6578],[-83.0068,8.6573],[-83.0067,8.6571],[-83.0067,8.6569],[-83.0069,8.6567],[-83.0075,8.6563],[-83.0076,8.6561],[-83.0076,8.6558],[-83.0074,8.6551],[-83.0072,8.6547],[-83.0071,8.6546],[-83.007,8.6545],[-83.0068,8.6545],[-83.0065,8.6547],[-83.0063,8.6547],[-83.0062,8.6545],[-83.0061,8.6543],[-83.006,8.6537],[-83.0058,8.6534],[-83.0056,8.6533],[-83.0055,8.6534],[-83.0051,8.6539],[-83.0049,8.654],[-83.0047,8.6541],[-83.0046,8.654],[-83.0043,8.6538],[-83.0043,8.6537],[-83.0043,8.6535],[-83.0046,8.6531],[-83.0048,8.6527],[-83.0048,8.6525],[-83.0047,8.6524],[-83.0045,8.6523],[-83.004,8.6528],[-83.0038,8.6529],[-83.0037,8.6528],[-83.0035,8.6528],[-83.0035,8.6526],[-83.0039,8.6521],[-83.004,8.6519],[-83.0039,8.6517],[-83.0038,8.6516],[-83.0028,8.6514],[-83.0026,8.6513],[-83.0025,8.651],[-83.0025,8.6508],[-83.0025,8.6507],[-83.0024,8.6506],[-83.0022,8.6503],[-83.0018,8.65],[-83.0016,8.6497],[-83.0015,8.6494],[-83.0014,8.6488],[-83.0016,8.6476],[-83.0015,8.6467],[-83.0015,8.6461],[-83.0016,8.6453],[-83.0016,8.6448],[-83.0016,8.6443],[-83.0015,8.6436],[-83.0016,8.6429],[-83.0015,8.6419],[-83.0015,8.6394],[-83.0015,8.6388],[-83.0015,8.6376],[-83.0015,8.635],[-83.0015,8.6316],[-83.0014,8.6294],[-83.0016,8.6264],[-83.0017,8.6255],[-83.0017,8.6251],[-83.0015,8.6246],[-83.0013,8.6234],[-83.0012,8.6227],[-83.0013,8.6197],[-83.0013,8.6133],[-83.0013,8.6068],[-83.0013,8.6031],[-83.0012,8.5886],[-83.0013,8.5838],[-83.0014,8.5833],[-83.0016,8.583],[-83.0017,8.5828],[-83.0057,8.5794],[-83.0088,8.5766],[-83.0158,8.5706],[-83.0227,8.5646],[-83.0249,8.5627],[-83.0258,8.5617],[-83.0262,8.5613],[-83.0264,8.5608],[-83.0265,8.5592],[-83.0266,8.5589],[-83.0271,8.559],[-83.0277,8.5594],[-83.0281,8.5597],[-83.0286,8.5599],[-83.0296,8.5603],[-83.0309,8.5608],[-83.0314,8.561],[-83.0319,8.5609],[-83.0331,8.5603],[-83.0338,8.5598],[-83.0342,8.5597],[-83.0345,8.5599],[-83.0348,8.5605],[-83.0346,8.5624],[-83.035,8.5627],[-83.0354,8.5627],[-83.0357,8.5624],[-83.0363,8.5611],[-83.0364,8.5609],[-83.0367,8.5604],[-83.0372,8.5599],[-83.0389,8.5585],[-83.0416,8.5558],[-83.0422,8.5549],[-83.043,8.5532],[-83.0435,8.5516],[-83.0436,8.5511],[-83.0435,8.5503],[-83.043,8.5488],[-83.0426,8.5478],[-83.0426,8.5473],[-83.0428,8.5467],[-83.0433,8.5464],[-83.0439,8.5466],[-83.0445,8.5471],[-83.0458,8.5481],[-83.0462,8.5483],[-83.0465,8.5484],[-83.0467,8.5484],[-83.0469,8.5483],[-83.0472,8.5481],[-83.0476,8.5477],[-83.0481,8.5463],[-83.0495,8.5442],[-83.0511,8.5424],[-83.0538,8.5404],[-83.0542,8.5398],[-83.0541,8.5389],[-83.0541,8.5379],[-83.0541,8.5368],[-83.054,8.5362],[-83.0535,8.5355],[-83.0528,8.5346],[-83.0526,8.5336],[-83.0526,8.5326],[-83.0527,8.5323],[-83.0527,8.5321],[-83.0528,8.5318],[-83.0524,8.5316],[-83.0519,8.5316],[-83.0515,8.5318],[-83.0511,8.5323],[-83.0511,8.5331],[-83.0513,8.5348],[-83.0512,8.5352],[-83.0508,8.5357],[-83.0504,8.5359],[-83.0501,8.5359],[-83.0499,8.5358],[-83.0497,8.5357],[-83.0496,8.5355],[-83.0499,8.535],[-83.0502,8.5345],[-83.0504,8.534],[-83.0504,8.5334],[-83.0504,8.533],[-83.0502,8.5326],[-83.0499,8.5324],[-83.0497,8.5322],[-83.0493,8.5321],[-83.049,8.532],[-83.0485,8.5321],[-83.0476,8.5322],[-83.0472,8.5321],[-83.0469,8.532],[-83.0467,8.5317],[-83.0467,8.5314],[-83.047,8.531],[-83.0473,8.5307],[-83.0475,8.5302],[-83.0474,8.5298],[-83.0472,8.5296],[-83.0462,8.5292],[-83.0458,8.5291],[-83.0454,8.5291],[-83.0451,8.5292],[-83.0448,8.5294],[-83.0444,8.5298],[-83.044,8.5305],[-83.0437,8.5307],[-83.0436,8.5308],[-83.0434,8.5308],[-83.0433,8.5308],[-83.0431,8.5306],[-83.0429,8.5302],[-83.0428,8.5295],[-83.0426,8.5294],[-83.0424,8.5295],[-83.0422,8.5297],[-83.0416,8.5316],[-83.0415,8.5318],[-83.0413,8.5319],[-83.0411,8.5319],[-83.0409,8.5318],[-83.0404,8.5316],[-83.0402,8.5315],[-83.0398,8.5316],[-83.0396,8.5317],[-83.0389,8.5318],[-83.0385,8.5317],[-83.0381,8.5311],[-83.0377,8.5305],[-83.037,8.5297],[-83.0362,8.529],[-83.0359,8.5288],[-83.0354,8.5284],[-83.0353,8.5281],[-83.0353,8.5279],[-83.0353,8.5274],[-83.0355,8.5265],[-83.0356,8.526],[-83.0355,8.5257],[-83.0353,8.5256],[-83.035,8.5255],[-83.0348,8.5256],[-83.0341,8.5265],[-83.0339,8.5266],[-83.0337,8.5268],[-83.0335,8.5268],[-83.0331,8.5268],[-83.0328,8.5267],[-83.0323,8.5266],[-83.0322,8.5264],[-83.0321,8.5261],[-83.0321,8.5256],[-83.0323,8.5244],[-83.0322,8.5239],[-83.0319,8.5237],[-83.0316,8.5236],[-83.0313,8.5235],[-83.0311,8.5236],[-83.0309,8.5236],[-83.0309,8.5237],[-83.0307,8.5239],[-83.0304,8.5242],[-83.03,8.5247],[-83.0295,8.5252],[-83.0289,8.5257],[-83.0285,8.5258],[-83.0281,8.5258],[-83.0275,8.5257],[-83.0268,8.5254],[-83.0265,8.5254],[-83.0255,8.5253],[-83.0252,8.5252],[-83.025,8.5249],[-83.0249,8.5245],[-83.025,8.524],[-83.0251,8.5239],[-83.0252,8.5239],[-83.0261,8.5245],[-83.0262,8.5245],[-83.0264,8.5245],[-83.0266,8.5244],[-83.0267,8.5241],[-83.0268,8.5239],[-83.027,8.5236],[-83.0273,8.5232],[-83.0278,8.5229],[-83.0282,8.5226],[-83.0286,8.5224],[-83.0287,8.5221],[-83.0287,8.5218],[-83.0285,8.5217],[-83.0282,8.5217],[-83.0276,8.5218],[-83.0265,8.5222],[-83.0261,8.5222],[-83.0258,8.5222],[-83.0255,8.5221],[-83.0253,8.5218],[-83.0252,8.5215],[-83.0251,8.5212],[-83.0252,8.5207],[-83.0252,8.5204],[-83.025,8.5202],[-83.0248,8.5202],[-83.0243,8.5204],[-83.0237,8.5205],[-83.0233,8.5205],[-83.0229,8.5204],[-83.0225,8.5202],[-83.0221,8.5196],[-83.0218,8.5187],[-83.0215,8.5183],[-83.0213,8.5183],[-83.0211,8.5184],[-83.0211,8.5186],[-83.0211,8.519],[-83.0213,8.5193],[-83.0216,8.5198],[-83.0217,8.5203],[-83.0216,8.5205],[-83.0215,8.5207],[-83.0213,8.5207],[-83.0211,8.5207],[-83.0208,8.5206],[-83.0205,8.5205],[-83.0201,8.5203],[-83.02,8.5202],[-83.0195,8.5198],[-83.0193,8.5195],[-83.0189,8.5192],[-83.0186,8.5192],[-83.0181,8.5193],[-83.0172,8.5197],[-83.0166,8.52],[-83.0164,8.52],[-83.0161,8.5201],[-83.0159,8.52],[-83.0158,8.5199],[-83.0157,8.5197],[-83.0155,8.5189],[-83.0155,8.5185],[-83.0156,8.5184],[-83.0159,8.5184],[-83.0163,8.5185],[-83.0166,8.5184],[-83.0167,8.5184],[-83.0167,8.5182],[-83.0163,8.5177],[-83.0164,8.5174],[-83.0171,8.5171],[-83.0172,8.5169],[-83.0172,8.5167],[-83.0171,8.5164],[-83.017,8.5162],[-83.0171,8.5154],[-83.0172,8.5147],[-83.017,8.513],[-83.017,8.5126],[-83.0169,8.5123],[-83.0167,8.5122],[-83.0165,8.5121],[-83.0161,8.5124],[-83.0158,8.5126],[-83.0155,8.5128],[-83.0152,8.5127],[-83.0149,8.5125],[-83.0147,8.5122],[-83.0146,8.5116],[-83.0145,8.5113],[-83.0144,8.511],[-83.014,8.5107],[-83.0131,8.5101],[-83.0129,8.5098],[-83.0128,8.5096],[-83.013,8.5094],[-83.0135,8.5092],[-83.0141,8.5091],[-83.0146,8.5088],[-83.0147,8.5086],[-83.0147,8.5084],[-83.0146,8.5081],[-83.0134,8.5072],[-83.0128,8.5067],[-83.0123,8.5063],[-83.0121,8.5062],[-83.012,8.5063],[-83.0119,8.5064],[-83.0118,8.5068],[-83.0117,8.5072],[-83.0115,8.5075],[-83.0113,8.5076],[-83.0109,8.5075],[-83.0096,8.5074],[-83.0092,8.5073],[-83.009,8.5071],[-83.0092,8.5069],[-83.0099,8.5066],[-83.0102,8.5064],[-83.0104,8.5062],[-83.0102,8.5058],[-83.0097,8.5051],[-83.0096,8.5047],[-83.0096,8.5043],[-83.0098,8.5036],[-83.0098,8.5032],[-83.0096,8.503],[-83.0093,8.5029],[-83.0088,8.5029],[-83.0083,8.5029],[-83.008,8.5027],[-83.008,8.5025],[-83.008,8.5021],[-83.0081,8.5016],[-83.0083,8.5008],[-83.0084,8.5002],[-83.0084,8.4995],[-83.0083,8.4993],[-83.0082,8.499],[-83.0081,8.4987],[-83.0081,8.4986],[-83.0078,8.4983],[-83.0074,8.498],[-83.0068,8.4979],[-83.0061,8.4978],[-83.0057,8.4975],[-83.0056,8.497],[-83.0055,8.4968],[-83.0051,8.4965],[-83.0048,8.4963],[-83.0045,8.4959],[-83.0044,8.4954],[-83.0045,8.495],[-83.0049,8.4947],[-83.0053,8.4946],[-83.0058,8.4945],[-83.0061,8.494],[-83.0065,8.4936],[-83.007,8.4934],[-83.007,8.493],[-83.0069,8.4927],[-83.0068,8.4922],[-83.0067,8.4919],[-83.0064,8.492],[-83.0063,8.4921],[-83.0058,8.4927],[-83.0054,8.4934],[-83.0052,8.4935],[-83.005,8.4935],[-83.0049,8.4933],[-83.005,8.4929],[-83.0052,8.4925],[-83.0058,8.4918],[-83.0059,8.4914],[-83.0059,8.4909],[-83.0058,8.4906],[-83.0057,8.4904],[-83.0055,8.4903],[-83.0053,8.4904],[-83.0052,8.4907],[-83.005,8.4912],[-83.0048,8.4915],[-83.0045,8.4915],[-83.0041,8.491],[-83.004,8.4904],[-83.0038,8.4898],[-83.0033,8.4886],[-83.0029,8.488],[-83.0027,8.4878],[-83.0019,8.4875],[-83.0008,8.4871],[-83.0005,8.4869],[-83.0005,8.4866],[-83.0007,8.4865],[-83.0014,8.4863],[-83.0019,8.4863],[-83.0034,8.4866],[-83.0039,8.4866],[-83.004,8.4863],[-83.004,8.4858],[-83.0038,8.4849],[-83.0032,8.4835],[-83.0031,8.483],[-83.0033,8.4827],[-83.0036,8.4827],[-83.0039,8.4827],[-83.0042,8.4825],[-83.0042,8.4823],[-83.004,8.4821],[-83.0037,8.4819],[-83.0035,8.4819],[-83.003,8.4821],[-83.0028,8.482],[-83.0028,8.4818],[-83.0029,8.4814],[-83.0028,8.4813],[-83.0026,8.4812],[-83.0024,8.4812],[-83.0021,8.4813],[-83.0019,8.4812],[-83.0015,8.481],[-83.0011,8.4809],[-83.001,8.4808],[-83.0013,8.4806],[-83.0018,8.4806],[-83.002,8.4806],[-83.0021,8.4804],[-83.0016,8.4801],[-83.0016,8.4799],[-83.0021,8.4796],[-83.0022,8.4794],[-83.0022,8.4793],[-83.002,8.4793],[-83.0015,8.4794],[-83.0015,8.4792],[-83.0018,8.4788],[-83.0018,8.4786],[-83.0017,8.4785],[-83.0015,8.4785],[-83.0012,8.4787],[-83.001,8.4786],[-83.001,8.4784],[-83.0012,8.4781],[-83.0012,8.4779],[-83.001,8.4778],[-83.0005,8.4778],[-83.0003,8.4777],[-83.0006,8.4773],[-83.0008,8.4767],[-83.0005,8.4763],[-83.0007,8.476],[-83.0016,8.4757],[-83.0016,8.4755],[-83.0013,8.4752],[-83.0014,8.4749],[-83.0014,8.4746],[-83.0011,8.4744],[-83.0009,8.4744],[-83.0004,8.4746],[-83.0002,8.4742],[-83.0001,8.4741],[-83,8.4737],[-83.0001,8.4733],[-83,8.4731],[-82.9997,8.4729],[-82.9995,8.4727],[-82.9994,8.4728],[-82.9993,8.4731],[-82.9993,8.4736],[-82.9992,8.4738],[-82.9989,8.4738],[-82.9988,8.4736],[-82.9986,8.4729],[-82.9986,8.4727],[-82.9992,8.472],[-82.9995,8.4715],[-82.9995,8.4708],[-82.9992,8.4699],[-82.9989,8.4696],[-82.9983,8.4695],[-82.9981,8.4695],[-82.9978,8.4693],[-82.9975,8.469],[-82.9974,8.4687],[-82.9975,8.468],[-82.998,8.4669],[-82.998,8.4665],[-82.998,8.4663],[-82.9978,8.4662],[-82.9975,8.4661],[-82.9965,8.4661],[-82.996,8.466],[-82.9958,8.4657],[-82.9955,8.4657],[-82.995,8.4654],[-82.9946,8.4647],[-82.9944,8.4644],[-82.994,8.4645],[-82.9938,8.4648],[-82.9937,8.4653],[-82.9936,8.4654],[-82.9932,8.4655],[-82.993,8.4658],[-82.9926,8.4658],[-82.9921,8.4654],[-82.9916,8.4653],[-82.9915,8.4651],[-82.9915,8.4649],[-82.9919,8.4645],[-82.9918,8.4642],[-82.9916,8.464],[-82.991,8.464],[-82.9906,8.4638],[-82.9903,8.4638],[-82.99,8.4638],[-82.9897,8.4637],[-82.9896,8.4635],[-82.9895,8.4631],[-82.9891,8.4627],[-82.9886,8.4624],[-82.9887,8.4619],[-82.9891,8.4612],[-82.9892,8.4607],[-82.9895,8.4605],[-82.9897,8.4605],[-82.9903,8.461],[-82.9907,8.461],[-82.991,8.4607],[-82.9913,8.4607],[-82.9917,8.4608],[-82.9921,8.4607],[-82.9922,8.4604],[-82.9922,8.4602],[-82.9919,8.4597],[-82.9916,8.4595],[-82.9916,8.4591],[-82.9917,8.4586],[-82.9922,8.4581],[-82.9924,8.458],[-82.9935,8.4581],[-82.9941,8.4579],[-82.9946,8.4574],[-82.9948,8.4574],[-82.9955,8.4574],[-82.996,8.4576],[-82.9961,8.4574],[-82.996,8.4571],[-82.9956,8.4563],[-82.9952,8.4557],[-82.9952,8.4554],[-82.9953,8.455],[-82.9957,8.4545],[-82.9957,8.4542],[-82.9955,8.4537],[-82.9954,8.4534],[-82.9953,8.4529],[-82.9946,8.4527],[-82.9944,8.4526],[-82.9942,8.4524],[-82.9942,8.4519],[-82.9954,8.4512],[-82.9965,8.4506],[-82.9972,8.4501],[-82.9972,8.4498],[-82.9969,8.4495],[-82.9962,8.4491],[-82.9959,8.4483],[-82.9954,8.4467],[-82.9953,8.4463],[-82.9949,8.4459],[-82.9945,8.4456],[-82.994,8.4453],[-82.9939,8.4452],[-82.994,8.4447],[-82.9942,8.4443],[-82.9945,8.4442],[-82.9948,8.4443],[-82.9948,8.4449],[-82.995,8.4451],[-82.9954,8.4451],[-82.9959,8.4449],[-82.9964,8.445],[-82.9964,8.4447],[-82.9961,8.4445],[-82.9957,8.4441],[-82.9954,8.4438],[-82.9953,8.4431],[-82.9953,8.4427],[-82.9954,8.4426],[-82.9957,8.4426],[-82.9962,8.443],[-82.9965,8.4429],[-82.9967,8.4428],[-82.9967,8.4423],[-82.9968,8.4422],[-82.9973,8.4423],[-82.9981,8.4428],[-82.9982,8.4429],[-82.9985,8.4429],[-82.9985,8.4426],[-82.9984,8.4421],[-82.9984,8.4418],[-82.9987,8.4416],[-82.9993,8.4417],[-82.9998,8.4419],[-83.0002,8.4424],[-83.0003,8.443],[-83.0001,8.4436],[-83,8.4441],[-83.0001,8.4443],[-83.0006,8.4445],[-83.0008,8.4445],[-83.0011,8.4438],[-83.0008,8.4432],[-83.0008,8.4427],[-83.001,8.4425],[-83.0013,8.442],[-83.0015,8.4415],[-83.0018,8.4414],[-83.0024,8.441],[-83.0027,8.441],[-83.0029,8.4413],[-83.0034,8.442],[-83.0039,8.4421],[-83.0044,8.4421],[-83.0045,8.4419],[-83.0044,8.4412],[-83.0046,8.4409],[-83.0051,8.4407],[-83.0052,8.4406],[-83.0057,8.4398],[-83.0057,8.4394],[-83.0057,8.4387],[-83.0059,8.4385],[-83.0063,8.4384],[-83.0065,8.4386],[-83.0068,8.4388],[-83.0072,8.4388],[-83.0074,8.4389],[-83.008,8.439],[-83.0087,8.4386],[-83.0089,8.4381],[-83.0089,8.4376],[-83.0091,8.4373],[-83.0086,8.4367],[-83.0086,8.4362],[-83.0089,8.436],[-83.0095,8.4356],[-83.0094,8.4353],[-83.0092,8.4346],[-83.0089,8.4343],[-83.0084,8.4342],[-83.0076,8.434],[-83.0075,8.4338],[-83.0076,8.4334],[-83.0078,8.4331],[-83.0076,8.4328],[-83.0076,8.4326],[-83.0077,8.4326],[-83.0082,8.4326],[-83.0084,8.4325],[-83.0089,8.4321],[-83.0093,8.4319],[-83.01,8.4311],[-83.0104,8.4306],[-83.0105,8.4299],[-83.0106,8.4295],[-83.0112,8.4291],[-83.0118,8.4288],[-83.0128,8.4283],[-83.013,8.4278],[-83.013,8.4268],[-83.0133,8.4262],[-83.0142,8.4255],[-83.0148,8.425],[-83.015,8.4249],[-83.0153,8.4249],[-83.0159,8.4251],[-83.0167,8.425],[-83.0174,8.4248],[-83.0183,8.4243],[-83.0191,8.4241],[-83.02,8.4241],[-83.0208,8.4241],[-83.0213,8.4242],[-83.0217,8.4238],[-83.0219,8.4232],[-83.0225,8.4217],[-83.0225,8.4213],[-83.0223,8.421],[-83.0222,8.4205],[-83.0218,8.4198],[-83.0216,8.4191],[-83.0218,8.4187],[-83.0224,8.418],[-83.0226,8.4178],[-83.0233,8.4178],[-83.0241,8.4177],[-83.0247,8.4173],[-83.0253,8.4166],[-83.0259,8.416],[-83.0266,8.4158],[-83.0274,8.4157],[-83.0278,8.4155],[-83.0285,8.415],[-83.029,8.4147],[-83.0294,8.4146],[-83.0298,8.4147],[-83.0304,8.4148],[-83.0307,8.4148],[-83.0308,8.4144],[-83.0309,8.4139],[-83.0312,8.4133],[-83.0316,8.4128],[-83.0318,8.4125],[-83.0321,8.4118],[-83.0326,8.4115],[-83.0327,8.4109],[-83.0329,8.4101],[-83.0332,8.4094],[-83.0341,8.4084],[-83.0346,8.4076],[-83.0353,8.4065],[-83.0364,8.4045],[-83.0371,8.4038],[-83.0374,8.4033],[-83.0381,8.4031],[-83.0388,8.4027],[-83.0391,8.4022],[-83.0393,8.4016],[-83.0396,8.4009],[-83.0401,8.4001],[-83.0409,8.3987],[-83.0412,8.398],[-83.0412,8.3973],[-83.0413,8.3955],[-83.0414,8.3947],[-83.0415,8.3942],[-83.0419,8.3934],[-83.0427,8.3912],[-83.0446,8.3887],[-83.0448,8.3882],[-83.0448,8.3872],[-83.0453,8.3868],[-83.0461,8.3861],[-83.0467,8.3856],[-83.0469,8.3852],[-83.047,8.3846],[-83.0465,8.3839],[-83.0459,8.3833],[-83.0455,8.3828],[-83.0465,8.3822],[-83.0472,8.3816],[-83.0478,8.3808],[-83.0489,8.3803],[-83.049,8.3801],[-83.0496,8.3795],[-83.0502,8.3792],[-83.0511,8.3788],[-83.0519,8.3779],[-83.0527,8.3771],[-83.0534,8.3767],[-83.054,8.3762],[-83.0546,8.3757],[-83.0552,8.3749],[-83.0553,8.3742],[-83.0555,8.3734],[-83.0562,8.3724],[-83.057,8.3719],[-83.0572,8.3714],[-83.0571,8.371],[-83.0567,8.3707],[-83.0563,8.3704],[-83.0558,8.3699],[-83.0552,8.3695],[-83.0549,8.3695],[-83.0543,8.3696],[-83.0541,8.3696],[-83.0537,8.3699],[-83.0529,8.3707],[-83.0521,8.3714],[-83.0515,8.3721],[-83.0508,8.3725],[-83.0506,8.3726],[-83.0504,8.3731],[-83.0502,8.3739],[-83.0495,8.3742],[-83.0492,8.3748],[-83.049,8.3757],[-83.0486,8.3759],[-83.048,8.3762],[-83.0474,8.3765],[-83.0472,8.377],[-83.0467,8.3774],[-83.0463,8.3775],[-83.0452,8.3778],[-83.0437,8.3779],[-83.0432,8.3781],[-83.0427,8.3785],[-83.0423,8.3788],[-83.0418,8.3791],[-83.041,8.3791],[-83.0403,8.3787],[-83.0398,8.3787],[-83.0393,8.3788],[-83.0385,8.3793],[-83.0379,8.3795],[-83.0373,8.3795],[-83.037,8.3793],[-83.0366,8.379],[-83.0361,8.3789],[-83.0355,8.3789],[-83.0352,8.3786],[-83.0347,8.3782],[-83.0346,8.3778],[-83.0344,8.3776],[-83.0342,8.3773],[-83.0345,8.3771],[-83.0346,8.3768],[-83.0346,8.3763],[-83.0347,8.3759],[-83.0347,8.3752],[-83.035,8.3746],[-83.0353,8.374],[-83.0359,8.3734],[-83.0365,8.3731],[-83.0372,8.373],[-83.0376,8.3729],[-83.0377,8.3724],[-83.0379,8.3721],[-83.0385,8.3718],[-83.0387,8.3716],[-83.0386,8.3711],[-83.0387,8.3708],[-83.0391,8.3705],[-83.0399,8.3701],[-83.0408,8.3696],[-83.0413,8.3691],[-83.0419,8.3688],[-83.0423,8.3685],[-83.0424,8.3679],[-83.0429,8.3673],[-83.0434,8.3669],[-83.044,8.3666],[-83.0445,8.3661],[-83.0451,8.3652],[-83.0455,8.3644],[-83.0458,8.364],[-83.0461,8.3635],[-83.0464,8.363],[-83.0473,8.3624],[-83.0482,8.3619],[-83.049,8.3617],[-83.0498,8.3617],[-83.0501,8.3616],[-83.0505,8.3609],[-83.0512,8.3602],[-83.0512,8.3597],[-83.0511,8.3594],[-83.0509,8.3591],[-83.051,8.3586],[-83.0512,8.3581],[-83.0512,8.3577],[-83.0508,8.3569],[-83.0505,8.3565],[-83.0504,8.3559],[-83.0505,8.3552],[-83.0509,8.3547],[-83.0512,8.354],[-83.0514,8.3535],[-83.0517,8.3527],[-83.0524,8.3508],[-83.0524,8.35],[-83.0524,8.3493],[-83.0523,8.3486],[-83.0519,8.348],[-83.0514,8.3469],[-83.0511,8.3458],[-83.0509,8.3447],[-83.0503,8.3441],[-83.0494,8.3435],[-83.0485,8.3429],[-83.0476,8.342]]]},"properties":{"Canton":"CORREDORES","Provincia":"PUNTARENAS","Codigo":"610"}},
{"type":"Feature","geometry":{"type":"MultiPolygon","coordinates":[]},"properties":{"Provincia":"PUNTARENAS","Canton":"GARABITO","Codigo":"611"}},
{"type":"Feature","geometry":{"type":"MultiPolygon","coordinates":[]},"properties":{"Provincia":"LIMON","Canton":"LIMON","Codigo":"701"}},
{"type":"Feature","geometry":{"type":"Polygon","coordinates":[[[-83.3548,10.3124],[-83.3619,10.3195],[-83.3753,10.336],[-83.3895,10.356],[-83.4036,10.3746],[-83.4176,10.3947],[-83.4366,10.4237],[-83.451,10.4474],[-83.4758,10.4911],[-83.4871,10.5122],[-83.4958,10.5294],[-83.5051,10.5492],[-83.5084,10.5552],[-83.5203,10.583],[-83.5266,10.5994],[-83.5297,10.605],[-83.5399,10.6293],[-83.5495,10.6542],[-83.5583,10.6785],[-83.5584,10.6804],[-83.566,10.7019],[-83.573,10.7278],[-83.5776,10.7488],[-83.5811,10.7602],[-83.5844,10.7757],[-83.586,10.7869],[-83.5887,10.7875],[-83.5893,10.7923],[-83.5864,10.7973],[-83.5882,10.8002],[-83.5983,10.8242],[-83.6023,10.8319],[-83.6161,10.8692],[-83.6235,10.8857],[-83.6332,10.9032],[-83.6474,10.9203],[-83.6556,10.9272],[-83.6643,10.9332],[-83.6684,10.9291],[-83.6756,10.9257],[-83.6732,10.9336],[-83.6784,10.9363],[-83.6888,10.9384],[-83.6925,10.9375],[-83.6869,10.9313],[-83.6816,10.9194],[-83.674,10.907],[-83.6767,10.9056],[-83.6776,10.9009],[-83.6818,10.8965],[-83.6756,10.8916],[-83.6712,10.8918],[-83.6684,10.8883],[-83.6669,10.8803],[-83.6707,10.8699],[-83.6736,10.8564],[-83.6749,10.854],[-83.6704,10.8409],[-83.6682,10.8389],[-83.6686,10.8338],[-83.6619,10.8241],[-83.6604,10.8189],[-83.6687,10.7992],[-83.6716,10.7969],[-83.6881,10.7898],[-83.6968,10.7874],[-83.7005,10.7877],[-83.7077,10.7917],[-83.7128,10.7928],[-83.7172,10.7914],[-83.7244,10.7855],[-83.7333,10.784],[-83.7381,10.7813],[-83.7455,10.7797],[-83.749,10.7775],[-83.7598,10.7746],[-83.7618,10.7722],[-83.7523,10.7691],[-83.7481,10.766],[-83.7414,10.7577],[-83.7348,10.7456],[-83.7326,10.7388],[-83.7349,10.7348],[-83.7396,10.7316],[-83.741,10.7259],[-83.7394,10.7211],[-83.7307,10.7133],[-83.7173,10.7041],[-83.7127,10.6961],[-83.7124,10.6928],[-83.7194,10.6918],[-83.7292,10.6943],[-83.7353,10.6924],[-83.7484,10.6938],[-83.751,10.6961],[-83.7561,10.6956],[-83.7586,10.6989],[-83.7651,10.6994],[-83.7709,10.6963],[-83.7743,10.6896],[-83.7798,10.6842],[-83.7807,10.679],[-83.7864,10.6712],[-83.7857,10.6652],[-83.7875,10.6577],[-83.7945,10.655],[-83.8095,10.6522],[-83.8117,10.6486],[-83.8157,10.65],[-83.822,10.6484],[-83.8305,10.6448],[-83.8388,10.6439],[-83.8424,10.6311],[-83.8401,10.6245],[-83.8406,10.6176],[-83.845,10.613],[-83.842,10.6011],[-83.8414,10.5951],[-83.8363,10.5903],[-83.8385,10.5879],[-83.8367,10.584],[-83.8394,10.5774],[-83.8437,10.5729],[-83.8426,10.5686],[-83.8457,10.5588],[-83.845,10.5559],[-83.8473,10.5511],[-83.8454,10.54],[-83.8404,10.5392],[-83.8376,10.531],[-83.8384,10.527],[-83.8376,10.5157],[-83.8392,10.5115],[-83.8308,10.5026],[-83.8322,10.4962],[-83.8281,10.4944],[-83.8304,10.4888],[-83.831,10.4819],[-83.8365,10.4787],[-83.838,10.4721],[-83.8309,10.4656],[-83.8329,10.4596],[-83.8393,10.4551],[-83.8422,10.448],[-83.8464,10.4448],[-83.8535,10.4471],[-83.8594,10.4446],[-83.8593,10.4388],[-83.8682,10.4342],[-83.874,10.429],[-83.8748,10.4188],[-83.8794,10.4087],[-83.8802,10.4006],[-83.8754,10.3904],[-83.8716,10.3879],[-83.8691,10.3808],[-83.8653,10.3797],[-83.8644,10.3745],[-83.8576,10.3673],[-83.8549,10.359],[-83.8508,10.355],[-83.8517,10.3487],[-83.8487,10.3375],[-83.8498,10.3305],[-83.8532,10.3264],[-83.8522,10.3207],[-83.8542,10.3182],[-83.8532,10.3103],[-83.8512,10.3076],[-83.8527,10.3014],[-83.8516,10.2861],[-83.85,10.2821],[-83.8525,10.2752],[-83.8519,10.2722],[-83.8553,10.2656],[-83.8552,10.2611],[-83.8575,10.255],[-83.8638,10.2479],[-83.8726,10.2433],[-83.8829,10.2323],[-83.8874,10.2291],[-83.8927,10.2219],[-83.8969,10.2188],[-83.9027,10.2107],[-83.9091,10.2049],[-83.9136,10.2028],[-83.9139,10.202],[-83.9145,10.2013],[-83.9149,10.201],[-83.9152,10.2008],[-83.9153,10.2005],[-83.9157,10.2002],[-83.9161,10.2002],[-83.9164,10.2],[-83.9166,10.1997],[-83.9168,10.1993],[-83.9173,10.1985],[-83.9178,10.1977],[-83.9182,10.1972],[-83.9187,10.1968],[-83.9192,10.1964],[-83.9198,10.1961],[-83.9205,10.1957],[-83.9222,10.1948],[-83.9228,10.1939],[-83.9233,10.1936],[-83.9239,10.1935],[-83.9245,10.1933],[-83.9254,10.1928],[-83.9259,10.1925],[-83.9268,10.1919],[-83.9277,10.1913],[-83.9287,10.1906],[-83.9294,10.1902],[-83.9295,10.19],[-83.9339,10.1854],[-83.9363,10.1799],[-83.9385,10.1681],[-83.9426,10.1627],[-83.947,10.1473],[-83.8163,10.0836],[-83.7739,10.063],[-83.7753,10.0681],[-83.7749,10.0748],[-83.7726,10.0773],[-83.7722,10.0891],[-83.7687,10.0973],[-83.7725,10.1006],[-83.7727,10.1091],[-83.7663,10.12],[-83.7627,10.1291],[-83.7574,10.1351],[-83.756,10.1396],[-83.7574,10.1437],[-83.7557,10.1484],[-83.7567,10.1563],[-83.7524,10.1628],[-83.7528,10.1658],[-83.7503,10.1849],[-83.7472,10.1934],[-83.7356,10.2169],[-83.7335,10.2244],[-83.7297,10.2288],[-83.7295,10.237],[-83.7252,10.2442],[-83.7194,10.2497],[-83.7153,10.2507],[-83.7127,10.255],[-83.701,10.2585],[-83.6968,10.2635],[-83.6862,10.2677],[-83.6814,10.2721],[-83.6811,10.2781],[-83.6752,10.2777],[-83.6743,10.2855],[-83.6675,10.2907],[-83.6678,10.3319],[-83.6673,10.3534],[-83.6504,10.3542],[-83.6448,10.3576],[-83.6391,10.3587],[-83.632,10.3567],[-83.6268,10.3593],[-83.6199,10.3569],[-83.6127,10.3586],[-83.6003,10.3628],[-83.5977,10.3684],[-83.5944,10.3695],[-83.5924,10.3652],[-83.584,10.354],[-83.5777,10.3517],[-83.5729,10.3467],[-83.5755,10.3367],[-83.5752,10.3274],[-83.5729,10.3218],[-83.5669,10.3123],[-83.5697,10.3036],[-83.5688,10.2997],[-83.5594,10.3007],[-83.5568,10.2976],[-83.549,10.2996],[-83.5378,10.2971],[-83.5349,10.2997],[-83.529,10.2946],[-83.5269,10.2992],[-83.5237,10.3007],[-83.5176,10.3073],[-83.5098,10.3033],[-83.5053,10.3026],[-83.4954,10.2956],[-83.4913,10.2963],[-83.4846,10.2936],[-83.4811,10.2904],[-83.4765,10.2925],[-83.4703,10.2886],[-83.4667,10.2894],[-83.4621,10.2873],[-83.4585,10.2885],[-83.4544,10.2864],[-83.4491,10.288],[-83.4447,10.2913],[-83.4392,10.2844],[-83.4374,10.2877],[-83.4283,10.2863],[-83.416,10.2894],[-83.4124,10.2851],[-83.4051,10.2851],[-83.4048,10.293],[-83.3985,10.3032],[-83.3941,10.2996],[-83.388,10.3031],[-83.3814,10.3027],[-83.3748,10.2989],[-83.3716,10.3004],[-83.365,10.2957],[-83.3629,10.2926],[-83.3656,10.2886],[-83.3591,10.288],[-83.356,10.2897],[-83.3434,10.2925],[-83.3446,10.295],[-83.3527,10.3027],[-83.3548,10.3124]]]},"properties":{"Provincia":"LIMON","Canton":"POCOCI","Codigo":"702"}},
{"type":"Feature","geometry":{"type":"Polygon","coordinates":[[[-83.2785,10.2238],[-83.2945,10.2403],[-83.31,10.2591],[-83.316,10.2657],[-83.3342,10.2893],[-83.3472,10.3054],[-83.3548,10.3124],[-83.3527,10.3027],[-83.3446,10.295],[-83.3434,10.2925],[-83.356,10.2897],[-83.3591,10.288],[-83.3656,10.2886],[-83.3629,10.2926],[-83.365,10.2957],[-83.3716,10.3004],[-83.3748,10.2989],[-83.3814,10.3027],[-83.388,10.3031],[-83.3941,10.2996],[-83.3985,10.3032],[-83.4048,10.293],[-83.4051,10.2851],[-83.4124,10.2851],[-83.416,10.2894],[-83.4283,10.2863],[-83.4374,10.2877],[-83.4392,10.2844],[-83.4447,10.2913],[-83.4491,10.288],[-83.4544,10.2864],[-83.4585,10.2885],[-83.4621,10.2873],[-83.4667,10.2894],[-83.4703,10.2886],[-83.4754,10.2839],[-83.4831,10.2844],[-83.4884,10.2805],[-83.4874,10.2749],[-83.4834,10.2758],[-83.4814,10.2627],[-83.4825,10.2591],[-83.486,10.2572],[-83.485,10.2511],[-83.4896,10.2517],[-83.4939,10.2424],[-83.4993,10.2415],[-83.5028,10.2375],[-83.5046,10.2323],[-83.5087,10.2328],[-83.5172,10.2366],[-83.5173,10.2325],[-83.5214,10.2324],[-83.5269,10.2296],[-83.5332,10.2332],[-83.5349,10.2294],[-83.5437,10.2284],[-83.5467,10.2249],[-83.5522,10.2226],[-83.5517,10.2186],[-83.5542,10.2148],[-83.5595,10.2146],[-83.5634,10.2035],[-83.577,10.2019],[-83.58,10.1871],[-83.5855,10.1838],[-83.5916,10.1769],[-83.5922,10.1729],[-83.6118,10.1475],[-83.608,10.144],[-83.6101,10.1408],[-83.6062,10.1383],[-83.6072,10.1283],[-83.6101,10.1285],[-83.6107,10.1178],[-83.6131,10.1155],[-83.6161,10.1032],[-83.6164,10.0949],[-83.6225,10.0818],[-83.6223,10.0774],[-83.6261,10.0726],[-83.6367,10.0686],[-83.6402,10.064],[-83.6494,10.0607],[-83.6609,10.0552],[-83.6786,10.0546],[-83.6952,10.0564],[-83.7073,10.0506],[-83.7105,10.0444],[-83.7187,10.039],[-83.7252,10.0398],[-83.7205,10.038],[-83.7143,10.0378],[-83.7091,10.041],[-83.7012,10.0383],[-83.6897,10.0298],[-83.6873,10.0298],[-83.6801,10.0258],[-83.6746,10.026],[-83.6666,10.0234],[-83.6644,10.0193],[-83.658,10.0162],[-83.6497,10.0149],[-83.6452,10.0108],[-83.6394,10.0101],[-83.6341,10.0057],[-83.6306,9.9996],[-83.6249,9.9991],[-83.6179,9.9879],[-83.6048,9.982],[-83.5574,9.9819],[-83.5203,9.9818],[-83.4981,9.9819],[-83.45,9.9819],[-83.4502,9.9825],[-83.4503,9.9827],[-83.452,9.9838],[-83.4553,9.9845],[-83.4573,9.9863],[-83.4582,9.9873],[-83.4585,9.9877],[-83.459,9.9885],[-83.4592,9.9889],[-83.4593,9.9893],[-83.458,9.9922],[-83.458,9.9927],[-83.4581,9.9931],[-83.4583,9.9935],[-83.4587,9.994],[-83.4597,9.9942],[-83.4617,9.9935],[-83.4619,9.994],[-83.462,9.9946],[-83.4621,9.9951],[-83.4622,9.9953],[-83.4622,9.9955],[-83.4621,9.996],[-83.4622,9.9963],[-83.4629,9.9986],[-83.4657,10.0034],[-83.4675,10.007],[-83.4677,10.0076],[-83.4678,10.008],[-83.4678,10.009],[-83.4673,10.0126],[-83.4627,10.0195],[-83.4577,10.0235],[-83.4564,10.0265],[-83.4499,10.0272],[-83.4448,10.0343],[-83.439,10.0367],[-83.4329,10.0412],[-83.4267,10.0407],[-83.42,10.044],[-83.4152,10.0525],[-83.4148,10.055],[-83.4128,10.0594],[-83.4124,10.0608],[-83.4121,10.0613],[-83.4121,10.0616],[-83.412,10.0619],[-83.4121,10.0622],[-83.4123,10.0626],[-83.4144,10.0648],[-83.4155,10.0655],[-83.4164,10.0681],[-83.4169,10.0689],[-83.4172,10.0694],[-83.4174,10.0699],[-83.4174,10.0701],[-83.4174,10.0703],[-83.4141,10.0748],[-83.4115,10.0773],[-83.4062,10.0789],[-83.3997,10.0872],[-83.3981,10.0914],[-83.3927,10.0973],[-83.3843,10.1014],[-83.3806,10.1003],[-83.3753,10.1075],[-83.3707,10.1103],[-83.3657,10.1174],[-83.3633,10.1233],[-83.3631,10.1239],[-83.3632,10.1244],[-83.3633,10.1249],[-83.3635,10.1253],[-83.3637,10.1256],[-83.3657,10.1264],[-83.366,10.1267],[-83.3662,10.1271],[-83.3662,10.1276],[-83.3662,10.1281],[-83.3658,10.1286],[-83.3636,10.1292],[-83.3624,10.1306],[-83.3624,10.1311],[-83.3623,10.1314],[-83.3623,10.1319],[-83.3624,10.1324],[-83.3625,10.133],[-83.3627,10.1337],[-83.3627,10.1343],[-83.3628,10.1348],[-83.3629,10.1354],[-83.3636,10.1364],[-83.3638,10.1368],[-83.3637,10.1372],[-83.3635,10.1375],[-83.3626,10.1387],[-83.3625,10.1411],[-83.3567,10.1471],[-83.3483,10.1601],[-83.3443,10.1631],[-83.3442,10.1677],[-83.3348,10.1767],[-83.328,10.1821],[-83.3155,10.1873],[-83.311,10.1861],[-83.31,10.1899],[-83.303,10.1943],[-83.2983,10.1948],[-83.292,10.1931],[-83.2877,10.1948],[-83.2854,10.1921],[-83.2801,10.1934],[-83.2776,10.1905],[-83.2698,10.1947],[-83.2709,10.1999],[-83.2708,10.2036],[-83.2711,10.207],[-83.2727,10.21],[-83.2796,10.2182],[-83.2805,10.2212],[-83.2785,10.2238]]]},"properties":{"Codigo":"703","Canton":"SIQUIRRES","Provincia":"LIMON"}},
{"type":"Feature","geometry":{"type":"MultiPolygon","coordinates":[]},"properties":{"Provincia":"LIMON","Canton":"TALAMANCA","Codigo":"704"}},
{"type":"Feature","geometry":{"type":"Polygon","coordinates":[[[-83.1529,10.0664],[-83.1853,10.1103],[-83.1976,10.1232],[-83.2148,10.1442],[-83.2199,10.1498],[-83.2317,10.1661],[-83.2419,10.1795],[-83.2566,10.1973],[-83.2701,10.2146],[-83.2785,10.2238],[-83.2805,10.2212],[-83.2796,10.2182],[-83.2727,10.21],[-83.2711,10.207],[-83.2698,10.1947],[-83.2776,10.1905],[-83.2801,10.1934],[-83.2854,10.1921],[-83.2877,10.1948],[-83.292,10.1931],[-83.2983,10.1948],[-83.303,10.1943],[-83.31,10.1899],[-83.311,10.1861],[-83.3155,10.1873],[-83.328,10.1821],[-83.3348,10.1767],[-83.3442,10.1677],[-83.3443,10.1631],[-83.3483,10.1601],[-83.3567,10.1471],[-83.3625,10.1411],[-83.3626,10.1387],[-83.3635,10.1375],[-83.3637,10.1372],[-83.3638,10.1368],[-83.3636,10.1364],[-83.3629,10.1354],[-83.3628,10.1348],[-83.3627,10.1337],[-83.3625,10.133],[-83.3624,10.1324],[-83.3623,10.1319],[-83.3624,10.1306],[-83.3636,10.1292],[-83.3658,10.1286],[-83.3662,10.1281],[-83.3662,10.1276],[-83.3662,10.1271],[-83.366,10.1267],[-83.3657,10.1264],[-83.3637,10.1256],[-83.3635,10.1253],[-83.3633,10.1249],[-83.3632,10.1244],[-83.3631,10.1239],[-83.3633,10.1233],[-83.3657,10.1174],[-83.3707,10.1103],[-83.3753,10.1075],[-83.3806,10.1003],[-83.3843,10.1014],[-83.3927,10.0973],[-83.3981,10.0914],[-83.3997,10.0872],[-83.4062,10.0789],[-83.4115,10.0773],[-83.4141,10.0748],[-83.4166,10.0712],[-83.4174,10.0703],[-83.4174,10.0701],[-83.4174,10.0699],[-83.4172,10.0694],[-83.4169,10.0689],[-83.4164,10.0681],[-83.4155,10.0655],[-83.4144,10.0648],[-83.4123,10.0626],[-83.4121,10.0622],[-83.412,10.0619],[-83.4121,10.0616],[-83.4121,10.0613],[-83.4124,10.0608],[-83.4128,10.0594],[-83.4148,10.055],[-83.4152,10.0525],[-83.42,10.044],[-83.4267,10.0407],[-83.4329,10.0412],[-83.439,10.0367],[-83.4448,10.0343],[-83.4499,10.0272],[-83.4564,10.0265],[-83.4577,10.0235],[-83.4627,10.0195],[-83.4673,10.0126],[-83.4678,10.009],[-83.4678,10.008],[-83.4677,10.0076],[-83.4675,10.007],[-83.4657,10.0034],[-83.4629,9.9986],[-83.4629,9.9976],[-83.4627,9.9971],[-83.4624,9.9967],[-83.4622,9.9963],[-83.4621,9.996],[-83.4622,9.9956],[-83.4622,9.9955],[-83.4619,9.994],[-83.4617,9.9935],[-83.4587,9.994],[-83.4583,9.9935],[-83.4581,9.9931],[-83.458,9.9927],[-83.458,9.9922],[-83.4593,9.9893],[-83.4592,9.9889],[-83.4585,9.9877],[-83.4582,9.9873],[-83.4573,9.9863],[-83.4553,9.9845],[-83.452,9.9838],[-83.4503,9.9827],[-83.4502,9.9825],[-83.4501,9.9823],[-83.45,9.9819],[-83.3119,9.9816],[-83.3171,9.9784],[-83.3281,9.9649],[-83.3331,9.9647],[-83.3394,9.9607],[-83.341,9.9541],[-83.3383,9.9421],[-83.3434,9.9412],[-83.349,9.9362],[-83.3513,9.9318],[-83.3498,9.9216],[-83.3449,9.9168],[-83.3487,9.9143],[-83.348,9.9101],[-83.3492,9.9041],[-83.3478,9.898],[-83.3444,9.894],[-83.3402,9.8933],[-83.3424,9.8891],[-83.3349,9.8856],[-83.3373,9.8837],[-83.3341,9.8792],[-83.3364,9.8755],[-83.3347,9.873],[-83.3375,9.8632],[-83.3394,9.8601],[-83.3374,9.8517],[-83.3351,9.8465],[-83.3321,9.844],[-83.3331,9.8404],[-83.3386,9.833],[-83.3382,9.833],[-83.3367,9.8328],[-83.336,9.8326],[-83.3355,9.832],[-83.3355,9.8314],[-83.3351,9.8308],[-83.3347,9.8304],[-83.3341,9.83],[-83.3335,9.8294],[-83.3324,9.8287],[-83.3318,9.8281],[-83.3311,9.8274],[-83.3309,9.8271],[-83.3309,9.8263],[-83.3312,9.8251],[-83.3315,9.8239],[-83.3317,9.8231],[-83.3321,9.8226],[-83.3323,9.8224],[-83.3324,9.8219],[-83.3319,9.8208],[-83.3317,9.8207],[-83.3308,9.8208],[-83.3301,9.8205],[-83.3291,9.8202],[-83.3282,9.8198],[-83.3278,9.8193],[-83.3274,9.8186],[-83.327,9.8174],[-83.3266,9.8166],[-83.3261,9.8162],[-83.3252,9.8157],[-83.3244,9.8154],[-83.3231,9.815],[-83.3227,9.8149],[-83.3224,9.8146],[-83.3222,9.8143],[-83.3223,9.8135],[-83.3224,9.8126],[-83.3223,9.812],[-83.3219,9.8117],[-83.3215,9.8116],[-83.3209,9.8115],[-83.3202,9.8117],[-83.3199,9.8115],[-83.3193,9.8108],[-83.319,9.8101],[-83.319,9.8089],[-83.3192,9.808],[-83.3193,9.807],[-83.3192,9.8063],[-83.319,9.8055],[-83.3185,9.8048],[-83.3174,9.8041],[-83.3165,9.8034],[-83.3153,9.8024],[-83.3147,9.8019],[-83.3141,9.8018],[-83.3132,9.8019],[-83.3124,9.8017],[-83.3116,9.8019],[-83.3108,9.8019],[-83.3097,9.8013],[-83.3084,9.8],[-83.3074,9.7991],[-83.3069,9.7988],[-83.3059,9.7984],[-83.3046,9.7983],[-83.3036,9.7979],[-83.3029,9.7977],[-83.3025,9.7977],[-83.3022,9.7979],[-83.3023,9.7984],[-83.3026,9.7988],[-83.3025,9.7993],[-83.3021,9.7997],[-83.3018,9.7998],[-83.3015,9.7997],[-83.3011,9.7996],[-83.3007,9.7998],[-83.3002,9.8004],[-83.2998,9.8005],[-83.2995,9.8003],[-83.2993,9.8001],[-83.299,9.7995],[-83.2985,9.7991],[-83.298,9.799],[-83.2976,9.799],[-83.2972,9.7993],[-83.2968,9.7993],[-83.2966,9.7993],[-83.2962,9.7991],[-83.2958,9.7991],[-83.2954,9.7992],[-83.2948,9.8],[-83.2941,9.8013],[-83.2935,9.8019],[-83.2923,9.8014],[-83.2914,9.8009],[-83.2907,9.8005],[-83.2902,9.8002],[-83.2888,9.8005],[-83.2881,9.8008],[-83.2873,9.8007],[-83.2868,9.8009],[-83.2863,9.8014],[-83.2856,9.8016],[-83.2848,9.8021],[-83.2843,9.8027],[-83.2841,9.8027],[-83.2835,9.8024],[-83.283,9.8021],[-83.2815,9.8023],[-83.2805,9.8022],[-83.2789,9.8017],[-83.2769,9.8017],[-83.276,9.8032],[-83.2754,9.8042],[-83.2748,9.805],[-83.2735,9.8059],[-83.2725,9.8067],[-83.2715,9.8078],[-83.27,9.8096],[-83.27,9.8099],[-83.2705,9.8112],[-83.2703,9.812],[-83.2698,9.8129],[-83.269,9.8138],[-83.2679,9.8148],[-83.267,9.8154],[-83.2653,9.8152],[-83.2642,9.8161],[-83.2637,9.8169],[-83.2633,9.8176],[-83.2628,9.8184],[-83.2624,9.8192],[-83.262,9.8199],[-83.2617,9.8203],[-83.2606,9.8205],[-83.2593,9.8208],[-83.2582,9.821],[-83.2574,9.8212],[-83.2531,9.8237],[-83.2516,9.825],[-83.2509,9.8264],[-83.2499,9.826],[-83.2489,9.8259],[-83.2485,9.8257],[-83.2481,9.8254],[-83.2479,9.8254],[-83.2472,9.8252],[-83.2467,9.8253],[-83.2465,9.8254],[-83.2462,9.8256],[-83.2459,9.8256],[-83.2456,9.8257],[-83.2449,9.826],[-83.2445,9.8262],[-83.2442,9.8265],[-83.2435,9.8269],[-83.243,9.8272],[-83.2428,9.8276],[-83.2426,9.8283],[-83.2424,9.8288],[-83.2423,9.8291],[-83.2422,9.8299],[-83.2424,9.8305],[-83.2427,9.8309],[-83.2427,9.8313],[-83.2426,9.8317],[-83.2427,9.8319],[-83.2428,9.8319],[-83.2429,9.8329],[-83.2428,9.8336],[-83.2423,9.8342],[-83.2401,9.8362],[-83.238,9.8385],[-83.2358,9.8409],[-83.2354,9.8428],[-83.2353,9.8432],[-83.2354,9.8435],[-83.2356,9.8442],[-83.2362,9.8455],[-83.2372,9.8467],[-83.2392,9.8493],[-83.2396,9.85],[-83.2401,9.851],[-83.2405,9.8516],[-83.2419,9.8531],[-83.2422,9.8534],[-83.2429,9.8537],[-83.2433,9.8543],[-83.2432,9.8549],[-83.243,9.8556],[-83.2419,9.8571],[-83.2419,9.8574],[-83.2421,9.8577],[-83.2432,9.8601],[-83.2438,9.8612],[-83.244,9.8621],[-83.2435,9.8634],[-83.2429,9.8651],[-83.2424,9.8656],[-83.2418,9.8664],[-83.2404,9.8679],[-83.2403,9.869],[-83.24,9.8702],[-83.2399,9.871],[-83.2399,9.8719],[-83.2401,9.8727],[-83.2403,9.8734],[-83.2408,9.8747],[-83.2411,9.8758],[-83.2413,9.8767],[-83.241,9.8782],[-83.2404,9.8791],[-83.2392,9.8797],[-83.2385,9.8799],[-83.2371,9.8799],[-83.2357,9.8798],[-83.2351,9.8797],[-83.2344,9.8799],[-83.2339,9.8803],[-83.2329,9.8817],[-83.2324,9.8825],[-83.2316,9.8833],[-83.2308,9.884],[-83.23,9.8847],[-83.2298,9.885],[-83.23,9.8862],[-83.2303,9.8871],[-83.2306,9.8874],[-83.2295,9.8884],[-83.2286,9.8891],[-83.2279,9.8894],[-83.2271,9.8892],[-83.2265,9.8887],[-83.2253,9.8884],[-83.2224,9.8878],[-83.221,9.8878],[-83.2195,9.8874],[-83.2179,9.8863],[-83.2161,9.8863],[-83.2147,9.886],[-83.2137,9.8858],[-83.2121,9.8859],[-83.2089,9.8875],[-83.2076,9.8884],[-83.2058,9.8898],[-83.2045,9.8906],[-83.2035,9.8919],[-83.2029,9.8926],[-83.2017,9.894],[-83.2007,9.8947],[-83.2006,9.8951],[-83.2005,9.8962],[-83.2002,9.8978],[-83.1998,9.8989],[-83.2003,9.9003],[-83.2004,9.9009],[-83.2002,9.9021],[-83.2006,9.9035],[-83.2009,9.9041],[-83.201,9.9047],[-83.2013,9.9054],[-83.2024,9.9063],[-83.2033,9.907],[-83.204,9.9067],[-83.2048,9.9068],[-83.2053,9.9077],[-83.2056,9.908],[-83.2061,9.9082],[-83.2067,9.9096],[-83.2068,9.9103],[-83.2064,9.9111],[-83.2065,9.9116],[-83.2079,9.9131],[-83.2082,9.914],[-83.2086,9.9148],[-83.2083,9.9157],[-83.2078,9.9169],[-83.2072,9.9174],[-83.2059,9.9178],[-83.2049,9.918],[-83.2046,9.9185],[-83.2045,9.9189],[-83.2043,9.9201],[-83.2041,9.9206],[-83.2039,9.9211],[-83.2034,9.9212],[-83.2023,9.9213],[-83.2012,9.9216],[-83.2006,9.9221],[-83.2001,9.9228],[-83.1993,9.924],[-83.1991,9.9255],[-83.1989,9.9259],[-83.1986,9.9261],[-83.1978,9.9263],[-83.1972,9.9276],[-83.1966,9.9301],[-83.1957,9.9322],[-83.1962,9.9335],[-83.1966,9.9338],[-83.1977,9.9357],[-83.198,9.936],[-83.1986,9.936],[-83.1993,9.9363],[-83.1998,9.9368],[-83.2003,9.9373],[-83.2008,9.9385],[-83.2016,9.9394],[-83.2026,9.9402],[-83.2029,9.9407],[-83.2031,9.9408],[-83.2039,9.9404],[-83.2041,9.9405],[-83.2042,9.941],[-83.2044,9.9414],[-83.205,9.9417],[-83.205,9.9421],[-83.2056,9.9433],[-83.2057,9.945],[-83.2061,9.9475],[-83.206,9.9479],[-83.2053,9.9484],[-83.2045,9.9499],[-83.2041,9.9504],[-83.2034,9.951],[-83.2034,9.9515],[-83.2035,9.9526],[-83.2039,9.9533],[-83.2039,9.954],[-83.2038,9.9548],[-83.204,9.9565],[-83.2039,9.9577],[-83.2037,9.9591],[-83.2041,9.9605],[-83.2041,9.961],[-83.2038,9.9618],[-83.2038,9.9623],[-83.204,9.9631],[-83.2041,9.9639],[-83.2041,9.9643],[-83.204,9.9647],[-83.2038,9.9652],[-83.2034,9.9663],[-83.2033,9.9666],[-83.2032,9.9681],[-83.2031,9.9683],[-83.2029,9.9685],[-83.2026,9.9687],[-83.2017,9.9693],[-83.2016,9.9695],[-83.2014,9.9699],[-83.2013,9.9701],[-83.2011,9.9703],[-83.2009,9.9705],[-83.2009,9.9708],[-83.2009,9.9709],[-83.2015,9.9717],[-83.2016,9.972],[-83.2015,9.9727],[-83.2016,9.9729],[-83.2018,9.9734],[-83.2018,9.9737],[-83.2018,9.9738],[-83.2017,9.9739],[-83.2016,9.974],[-83.2005,9.9739],[-83.2001,9.974],[-83.1999,9.9742],[-83.1997,9.9744],[-83.1996,9.9748],[-83.1995,9.9755],[-83.1994,9.9758],[-83.1993,9.976],[-83.1991,9.9762],[-83.1989,9.9763],[-83.1984,9.9764],[-83.1982,9.9765],[-83.198,9.9766],[-83.1978,9.9767],[-83.197,9.9767],[-83.1969,9.9768],[-83.1967,9.9769],[-83.1966,9.9771],[-83.1967,9.978],[-83.1966,9.9782],[-83.1964,9.9785],[-83.1963,9.9785],[-83.196,9.9786],[-83.1958,9.9785],[-83.1954,9.9784],[-83.195,9.9782],[-83.1947,9.978],[-83.1945,9.9779],[-83.1944,9.9779],[-83.194,9.9782],[-83.1938,9.9782],[-83.1935,9.9781],[-83.1933,9.9781],[-83.1932,9.9783],[-83.193,9.9783],[-83.1929,9.9783],[-83.1927,9.9782],[-83.1926,9.9782],[-83.1922,9.9782],[-83.1921,9.9782],[-83.1919,9.9782],[-83.1914,9.9779],[-83.1912,9.9778],[-83.191,9.9779],[-83.1908,9.9781],[-83.1899,9.9794],[-83.1892,9.9799],[-83.1887,9.9804],[-83.1883,9.981],[-83.1882,9.9812],[-83.1882,9.9814],[-83.1882,9.9817],[-83.1884,9.982],[-83.1886,9.9824],[-83.1887,9.9832],[-83.1888,9.9834],[-83.1889,9.9837],[-83.1891,9.9839],[-83.1893,9.9842],[-83.1897,9.9843],[-83.19,9.9845],[-83.1903,9.9849],[-83.1905,9.9849],[-83.1906,9.9849],[-83.1909,9.9848],[-83.191,9.9847],[-83.1914,9.9848],[-83.1915,9.9847],[-83.1918,9.9844],[-83.1921,9.9843],[-83.1924,9.9844],[-83.1926,9.9844],[-83.1935,9.9847],[-83.1943,9.985],[-83.1949,9.9851],[-83.1957,9.9849],[-83.1959,9.985],[-83.1961,9.9851],[-83.1962,9.9852],[-83.1962,9.9853],[-83.1958,9.9863],[-83.1958,9.9866],[-83.1959,9.9868],[-83.1964,9.9875],[-83.1966,9.9878],[-83.1966,9.9886],[-83.1967,9.9891],[-83.1968,9.9893],[-83.1968,9.9894],[-83.197,9.9895],[-83.1974,9.9896],[-83.1977,9.9896],[-83.198,9.9897],[-83.1983,9.9898],[-83.1984,9.99],[-83.1985,9.9906],[-83.1986,9.9907],[-83.1988,9.9908],[-83.1989,9.9908],[-83.1997,9.9905],[-83.2,9.9905],[-83.2002,9.9905],[-83.2006,9.9908],[-83.2008,9.9909],[-83.2012,9.9909],[-83.2014,9.991],[-83.2015,9.9912],[-83.2017,9.992],[-83.2019,9.9922],[-83.2021,9.9924],[-83.2029,9.993],[-83.2035,9.9937],[-83.2038,9.9946],[-83.2042,9.996],[-83.2044,9.9964],[-83.2047,9.9968],[-83.2052,9.9972],[-83.2055,9.9977],[-83.2057,9.9979],[-83.2059,9.998],[-83.2063,9.9981],[-83.2066,9.9983],[-83.2067,9.9984],[-83.2068,9.9986],[-83.207,9.9992],[-83.2068,9.9996],[-83.207,9.9999],[-83.207,10.0002],[-83.2069,10.0005],[-83.2072,10.0009],[-83.2077,10.0009],[-83.208,10.001],[-83.2083,10.0012],[-83.2088,10.0016],[-83.2092,10.0022],[-83.2093,10.0024],[-83.2096,10.0024],[-83.2097,10.0023],[-83.2097,10.0014],[-83.21,10.0012],[-83.2103,10.0012],[-83.2106,10.0016],[-83.2107,10.0021],[-83.2106,10.0025],[-83.2102,10.0033],[-83.2098,10.0039],[-83.2098,10.0042],[-83.2099,10.0045],[-83.2101,10.0048],[-83.2103,10.0051],[-83.2105,10.0055],[-83.2106,10.006],[-83.2106,10.0067],[-83.2105,10.0077],[-83.2106,10.0081],[-83.2108,10.0084],[-83.2113,10.0088],[-83.2115,10.0092],[-83.2114,10.0095],[-83.2111,10.0099],[-83.2108,10.0104],[-83.2108,10.0109],[-83.211,10.0112],[-83.211,10.0116],[-83.2106,10.0118],[-83.2102,10.0121],[-83.2102,10.0123],[-83.2102,10.0124],[-83.2106,10.0127],[-83.2107,10.013],[-83.2107,10.0135],[-83.2105,10.0138],[-83.2099,10.0144],[-83.2098,10.0147],[-83.2099,10.0148],[-83.2101,10.0149],[-83.2106,10.0148],[-83.211,10.0149],[-83.2112,10.015],[-83.2113,10.0153],[-83.2112,10.0157],[-83.2108,10.0161],[-83.21,10.0165],[-83.2095,10.0169],[-83.2096,10.0178],[-83.2092,10.0182],[-83.2087,10.0187],[-83.2081,10.0194],[-83.2077,10.0195],[-83.2066,10.0196],[-83.2061,10.0195],[-83.2059,10.0191],[-83.2056,10.0188],[-83.2053,10.0187],[-83.2048,10.0187],[-83.2039,10.0188],[-83.2029,10.0193],[-83.2025,10.0196],[-83.202,10.0201],[-83.2017,10.0206],[-83.2015,10.021],[-83.2013,10.0209],[-83.2009,10.0206],[-83.2005,10.0208],[-83.1996,10.0212],[-83.199,10.0207],[-83.1983,10.0208],[-83.1981,10.0205],[-83.1983,10.0201],[-83.1982,10.0199],[-83.1975,10.0197],[-83.1973,10.0195],[-83.197,10.0193],[-83.1965,10.0194],[-83.1962,10.0192],[-83.196,10.0192],[-83.1959,10.0194],[-83.1958,10.0197],[-83.1955,10.02],[-83.1952,10.0201],[-83.1949,10.0197],[-83.1948,10.0194],[-83.1945,10.0191],[-83.1945,10.0183],[-83.1941,10.0179],[-83.1942,10.0175],[-83.1941,10.0174],[-83.194,10.0174],[-83.1939,10.0179],[-83.1936,10.018],[-83.1935,10.0178],[-83.1934,10.0177],[-83.1933,10.0178],[-83.1932,10.0182],[-83.1931,10.0191],[-83.1928,10.0195],[-83.1921,10.0197],[-83.1919,10.0198],[-83.1918,10.02],[-83.192,10.0202],[-83.1924,10.0204],[-83.1924,10.0206],[-83.192,10.0207],[-83.192,10.0209],[-83.1921,10.0211],[-83.1921,10.0213],[-83.1918,10.0217],[-83.1914,10.0217],[-83.191,10.0218],[-83.1907,10.022],[-83.1901,10.022],[-83.1899,10.0222],[-83.1895,10.0228],[-83.1886,10.023],[-83.1884,10.0232],[-83.1885,10.0235],[-83.1885,10.0237],[-83.1879,10.0238],[-83.1876,10.0239],[-83.1875,10.024],[-83.1869,10.0246],[-83.1864,10.0248],[-83.1861,10.0251],[-83.1861,10.0254],[-83.1858,10.0258],[-83.1854,10.0258],[-83.185,10.0256],[-83.1844,10.0251],[-83.1842,10.0251],[-83.1841,10.0252],[-83.184,10.0257],[-83.1838,10.0259],[-83.1836,10.0257],[-83.1835,10.025],[-83.1835,10.0249],[-83.1834,10.025],[-83.1833,10.0254],[-83.1832,10.0258],[-83.1829,10.0258],[-83.1824,10.0252],[-83.1821,10.0252],[-83.1816,10.0254],[-83.1816,10.0257],[-83.1815,10.026],[-83.1812,10.0261],[-83.1804,10.0257],[-83.1802,10.0258],[-83.1804,10.026],[-83.1803,10.0263],[-83.18,10.0267],[-83.1794,10.0272],[-83.1793,10.0275],[-83.1787,10.0276],[-83.1779,10.0279],[-83.1778,10.0282],[-83.1774,10.0282],[-83.1769,10.0281],[-83.1767,10.0281],[-83.1766,10.0282],[-83.1765,10.0286],[-83.1764,10.0291],[-83.1759,10.0294],[-83.1752,10.0296],[-83.1742,10.0297],[-83.1739,10.0299],[-83.1737,10.0302],[-83.1737,10.0306],[-83.1735,10.0314],[-83.1732,10.0317],[-83.1731,10.0319],[-83.1732,10.0322],[-83.173,10.0325],[-83.1726,10.033],[-83.1724,10.0332],[-83.1717,10.0332],[-83.1713,10.0332],[-83.1704,10.0336],[-83.1689,10.0349],[-83.1679,10.0356],[-83.1671,10.0356],[-83.1665,10.0352],[-83.1658,10.0352],[-83.1654,10.0354],[-83.1645,10.0354],[-83.1644,10.0356],[-83.1645,10.0357],[-83.1647,10.036],[-83.1647,10.0362],[-83.1646,10.0363],[-83.1641,10.0367],[-83.1634,10.0374],[-83.1634,10.0378],[-83.1635,10.0384],[-83.1633,10.0387],[-83.1627,10.039],[-83.1622,10.039],[-83.162,10.0392],[-83.1614,10.0394],[-83.1607,10.0393],[-83.1599,10.0391],[-83.1596,10.0392],[-83.1592,10.0394],[-83.1587,10.0398],[-83.1585,10.0399],[-83.158,10.0398],[-83.1574,10.0399],[-83.1569,10.0404],[-83.1567,10.0404],[-83.1563,10.0403],[-83.1559,10.04],[-83.1555,10.04],[-83.1549,10.0402],[-83.1544,10.0402],[-83.154,10.0398],[-83.1537,10.0398],[-83.1536,10.04],[-83.1534,10.0406],[-83.1532,10.0408],[-83.1529,10.0408],[-83.1524,10.0408],[-83.1523,10.0409],[-83.152,10.0412],[-83.1517,10.0411],[-83.1514,10.0411],[-83.1511,10.0412],[-83.1511,10.0417],[-83.1509,10.0426],[-83.1508,10.0434],[-83.151,10.0444],[-83.1512,10.0454],[-83.1513,10.0464],[-83.1513,10.0475],[-83.1515,10.0482],[-83.1522,10.0492],[-83.1529,10.0502],[-83.1533,10.0514],[-83.154,10.0524],[-83.1557,10.0542],[-83.1569,10.0559],[-83.158,10.0578],[-83.1594,10.061],[-83.1599,10.0623],[-83.1597,10.0629],[-83.1589,10.0634],[-83.1588,10.0634],[-83.1529,10.0664]]]},"properties":{"Provincia":"LIMON","Canton":"MATINA","Codigo":"705"}},
{"type":"Feature","geometry":{"type":"Polygon","coordinates":[[[-83.4703,10.2886],[-83.4765,10.2925],[-83.4811,10.2904],[-83.4846,10.2936],[-83.4913,10.2963],[-83.4954,10.2956],[-83.5053,10.3026],[-83.5098,10.3033],[-83.5176,10.3073],[-83.5237,10.3007],[-83.5269,10.2992],[-83.529,10.2946],[-83.5349,10.2997],[-83.5378,10.2971],[-83.549,10.2996],[-83.5568,10.2976],[-83.5594,10.3007],[-83.5688,10.2997],[-83.5697,10.3036],[-83.5669,10.3123],[-83.5729,10.3218],[-83.5752,10.3274],[-83.5755,10.3367],[-83.5729,10.3467],[-83.5777,10.3517],[-83.584,10.354],[-83.5924,10.3652],[-83.5944,10.3695],[-83.5977,10.3684],[-83.6003,10.3628],[-83.6127,10.3586],[-83.6199,10.3569],[-83.6268,10.3593],[-83.632,10.3567],[-83.6391,10.3587],[-83.6448,10.3576],[-83.6504,10.3542],[-83.6673,10.3534],[-83.6678,10.3319],[-83.6675,10.2907],[-83.6743,10.2855],[-83.6752,10.2777],[-83.6811,10.2781],[-83.6814,10.2721],[-83.6862,10.2677],[-83.6968,10.2635],[-83.701,10.2585],[-83.7127,10.255],[-83.7153,10.2507],[-83.7194,10.2497],[-83.7252,10.2442],[-83.7295,10.237],[-83.7297,10.2288],[-83.7335,10.2244],[-83.7356,10.2169],[-83.7472,10.1934],[-83.7503,10.1849],[-83.7528,10.1658],[-83.7524,10.1628],[-83.7567,10.1563],[-83.7557,10.1484],[-83.7574,10.1437],[-83.756,10.1396],[-83.7574,10.1351],[-83.7627,10.1291],[-83.7663,10.12],[-83.7727,10.1091],[-83.7725,10.1006],[-83.7687,10.0973],[-83.7722,10.0891],[-83.7726,10.0773],[-83.7749,10.0748],[-83.7753,10.0681],[-83.7739,10.063],[-83.7481,10.0503],[-83.7252,10.0398],[-83.7187,10.039],[-83.7105,10.0444],[-83.7073,10.0506],[-83.6952,10.0564],[-83.6786,10.0546],[-83.6609,10.0552],[-83.6494,10.0607],[-83.6402,10.064],[-83.6367,10.0686],[-83.6261,10.0726],[-83.6223,10.0774],[-83.6225,10.0818],[-83.6164,10.0949],[-83.6161,10.1032],[-83.6131,10.1155],[-83.6107,10.1178],[-83.6101,10.1285],[-83.6072,10.1283],[-83.6062,10.1383],[-83.6101,10.1408],[-83.608,10.144],[-83.6118,10.1475],[-83.5922,10.1729],[-83.5916,10.1769],[-83.5855,10.1838],[-83.58,10.1871],[-83.577,10.2019],[-83.5634,10.2035],[-83.5595,10.2146],[-83.5542,10.2148],[-83.5517,10.2186],[-83.5522,10.2226],[-83.5467,10.2249],[-83.5437,10.2284],[-83.5349,10.2294],[-83.5332,10.2332],[-83.5269,10.2296],[-83.5214,10.2324],[-83.5173,10.2325],[-83.5172,10.2366],[-83.5087,10.2328],[-83.5046,10.2323],[-83.5028,10.2375],[-83.4993,10.2415],[-83.4939,10.2424],[-83.4896,10.2517],[-83.485,10.2511],[-83.486,10.2572],[-83.4825,10.2591],[-83.4814,10.2627],[-83.4834,10.2758],[-83.4874,10.2749],[-83.4884,10.2805],[-83.4831,10.2844],[-83.4754,10.2839],[-83.4703,10.2886]]]},"properties":{"Provincia":"LIMON","Canton":"GUACIMO","Codigo":"706"}}
]}